mathcomp_module,mathcomp_cluster,mathlib_module,mathlib_category,name_score,text_score,category_score,graph_score,combined_score,rank
extremal,solvable,Mathlib.GroupTheory.SpecificGroups.Dihedral,GroupTheory,0.1111,0.2338,1.0,0.0,0.2268,1
extremal,solvable,Mathlib.GroupTheory.SpecificGroups.Quaternion,GroupTheory,0.1111,0.1894,1.0,0.0,0.2091,2
extremal,solvable,Mathlib.GroupTheory.SpecificGroups.Cyclic,GroupTheory,0.1111,0.156,1.0,0.0556,0.2069,3
extremal,solvable,Mathlib.GroupTheory.GroupExtension.Basic,GroupTheory,0.125,0.0776,1.0,0.1667,0.2019,4
extremal,solvable,Mathlib.GroupTheory.SpecificGroups.ZGroup,GroupTheory,0.1111,0.1687,1.0,0.0,0.2008,5
extremal,solvable,Mathlib.GroupTheory.FreeGroup.CyclicallyReduced,GroupTheory,0.1,0.0828,1.0,0.1667,0.1964,6
extremal,solvable,Mathlib.GroupTheory.ClassEquation,GroupTheory,0.125,0.1452,1.0,0.0,0.1956,7
extremal,solvable,Mathlib.GroupTheory.PGroup,GroupTheory,0.1667,0.1085,1.0,0.0,0.1934,8
extremal,solvable,Mathlib.GroupTheory.Coxeter.Inversion,GroupTheory,0.1429,0.0544,1.0,0.1429,0.1932,9
extremal,solvable,Mathlib.GroupTheory.Complement,GroupTheory,0.1667,0.1013,1.0,0.0,0.1905,10
hall,solvable,Mathlib.GroupTheory.Solvable,GroupTheory,0.1667,0.2744,1.0,0.0,0.2598,1
hall,solvable,Mathlib.GroupTheory.Complement,GroupTheory,0.4,0.0743,1.0,0.0,0.2497,2
hall,solvable,Mathlib.GroupTheory.GroupAction.Support,GroupTheory,0.125,0.245,1.0,0.0,0.2355,3
hall,solvable,Mathlib.GroupTheory.Sylow,GroupTheory,0.1667,0.211,1.0,0.0,0.2344,4
hall,solvable,Mathlib.GroupTheory.GroupAction.Iwasawa,GroupTheory,0.125,0.2281,1.0,0.0,0.2288,5
hall,solvable,Mathlib.GroupTheory.GroupAction.Blocks,GroupTheory,0.125,0.2281,1.0,0.0,0.2288,6
hall,solvable,Mathlib.GroupTheory.GroupAction.Period,GroupTheory,0.125,0.2281,1.0,0.0,0.2288,7
hall,solvable,Mathlib.GroupTheory.GroupAction.Ring,GroupTheory,0.125,0.2236,1.0,0.0,0.227,8
hall,solvable,Mathlib.GroupTheory.GroupAction.Embedding,GroupTheory,0.125,0.2135,1.0,0.0,0.2229,9
hall,solvable,Mathlib.GroupTheory.GroupAction.SubMulAction.OfFixingSubgroup,GroupTheory,0.0714,0.1817,1.0,0.1429,0.2227,10
abelian,solvable,Mathlib.GroupTheory.FreeAbelianGroup,GroupTheory,0.3333,0.2217,1.0,0.0,0.2887,1
abelian,solvable,Mathlib.GroupTheory.FiniteAbelian.Duality,GroupTheory,0.2857,0.1715,1.0,0.0,0.2543,2
abelian,solvable,Mathlib.GroupTheory.FiniteAbelian.Basic,GroupTheory,0.2857,0.1637,1.0,0.0,0.2512,3
abelian,solvable,Mathlib.GroupTheory.Exponent,GroupTheory,0.2,0.1984,1.0,0.0,0.2394,4
abelian,solvable,Mathlib.GroupTheory.Rank,GroupTheory,0.2,0.1851,1.0,0.0,0.2341,5
abelian,solvable,Mathlib.GroupTheory.PGroup,GroupTheory,0.2,0.0587,1.0,0.1429,0.212,6
abelian,solvable,Mathlib.GroupTheory.Nilpotent,GroupTheory,0.2,0.0532,1.0,0.1111,0.2035,7
abelian,solvable,Mathlib.GroupTheory.Transfer,GroupTheory,0.2,0.042,1.0,0.125,0.2018,8
abelian,solvable,Mathlib.AlgebraicGeometry.Group.Abelian,AlgebraicGeometry,0.4,0.1829,0.0,0.0,0.1932,9
abelian,solvable,Mathlib.GroupTheory.Perm.MaximalSubgroups,GroupTheory,0.125,0.1284,1.0,0.0,0.1889,10
alt,solvable,Mathlib.GroupTheory.SpecificGroups.Alternating,GroupTheory,0.2222,0.1881,1.0,0.0,0.2419,1
alt,solvable,Mathlib.GroupTheory.SpecificGroups.Alternating.Centralizer,GroupTheory,0.2,0.1724,1.0,0.0,0.2289,2
alt,solvable,Mathlib.GroupTheory.Perm.Cycle.Type,GroupTheory,0.1111,0.2326,1.0,0.0,0.2264,3
alt,solvable,Mathlib.GroupTheory.GroupAction.Iwasawa,GroupTheory,0.1111,0.1188,1.0,0.2,0.2208,4
alt,solvable,Mathlib.GroupTheory.GroupAction.Transitive,GroupTheory,0.1111,0.1058,1.0,0.2,0.2156,5
alt,solvable,Mathlib.GroupTheory.SpecificGroups.Alternating.MaximalSubgroups,GroupTheory,0.1667,0.1575,1.0,0.0,0.213,6
alt,solvable,Mathlib.GroupTheory.SpecificGroups.Alternating.KleinFour,GroupTheory,0.1667,0.1522,1.0,0.0,0.2109,7
alt,solvable,Mathlib.GroupTheory.Perm.List,GroupTheory,0.125,0.164,1.0,0.0,0.2031,8
alt,solvable,Mathlib.GroupTheory.GroupAction.Blocks,GroupTheory,0.1111,0.1188,1.0,0.1111,0.2031,9
alt,solvable,Mathlib.GroupTheory.Perm.Finite,GroupTheory,0.125,0.1612,1.0,0.0,0.202,10
nilpotent,solvable,Mathlib.GroupTheory.Nilpotent,GroupTheory,0.4,0.266,1.0,0.1429,0.355,1
nilpotent,solvable,Mathlib.GroupTheory.Solvable,GroupTheory,0.4,0.1982,1.0,0.0,0.2993,2
nilpotent,solvable,Mathlib.Algebra.Lie.Nilpotent,Algebra,0.2,0.3322,0.0,0.0,0.1929,3
nilpotent,solvable,Mathlib.Topology.Algebra.TopologicallyNilpotent,Topology,0.1429,0.3736,0.0,0.0,0.1923,4
nilpotent,solvable,Mathlib.GroupTheory.PGroup,GroupTheory,0.1667,0.0,1.0,0.2,0.19,5
nilpotent,solvable,Mathlib.GroupTheory.SpecificGroups.Alternating.KleinFour,GroupTheory,0.0833,0.0495,1.0,0.2,0.1848,6
nilpotent,solvable,Mathlib.GroupTheory.Transfer,GroupTheory,0.1667,0.0,1.0,0.1667,0.1833,7
nilpotent,solvable,Mathlib.GroupTheory.ClassEquation,GroupTheory,0.125,0.1116,1.0,0.0,0.1821,8
nilpotent,solvable,Mathlib.GroupTheory.SpecificGroups.Alternating.MaximalSubgroups,GroupTheory,0.0833,0.1144,1.0,0.0,0.1708,9
nilpotent,solvable,Mathlib.GroupTheory.Sylow,GroupTheory,0.1667,0.0511,1.0,0.0,0.1704,10
commutator,solvable,Mathlib.GroupTheory.Commutator.Basic,GroupTheory,0.4,0.1178,1.0,0.0,0.2671,1
commutator,solvable,Mathlib.GroupTheory.Commutator.Finite,GroupTheory,0.4,0.1151,1.0,0.0,0.266,2
commutator,solvable,Mathlib.Algebra.Group.Commutator,Algebra,0.6667,0.158,0.0,0.0,0.2632,3
commutator,solvable,Mathlib.GroupTheory.Solvable,GroupTheory,0.2,0.1506,1.0,0.0,0.2202,4
commutator,solvable,Mathlib.GroupTheory.Nilpotent,GroupTheory,0.2,0.1125,1.0,0.0,0.205,5
commutator,solvable,Mathlib.GroupTheory.PGroup,GroupTheory,0.2,0.082,1.0,0.0,0.1928,6
commutator,solvable,Mathlib.GroupTheory.Subgroup.Saturated,GroupTheory,0.1667,0.0979,1.0,0.0,0.1891,7
commutator,solvable,Mathlib.GroupTheory.Commensurable,GroupTheory,0.2,0.072,1.0,0.0,0.1888,8
commutator,solvable,Mathlib.GroupTheory.Subgroup.Simple,GroupTheory,0.1667,0.0916,1.0,0.0,0.1867,9
commutator,solvable,Mathlib.GroupTheory.Perm.Subgroup,GroupTheory,0.1667,0.0898,1.0,0.0,0.1859,10
gfunctor,solvable,Mathlib.GroupTheory.GroupExtension.Defs,GroupTheory,0.1111,0.0658,1.0,0.2,0.1997,1
gfunctor,solvable,Mathlib.GroupTheory.Torsion,GroupTheory,0.1429,0.0672,1.0,0.1429,0.1983,2
gfunctor,solvable,Mathlib.GroupTheory.SpecificGroups.ZGroup,GroupTheory,0.1,0.0999,1.0,0.1111,0.1922,3
gfunctor,solvable,Mathlib.GroupTheory.Subsemigroup.Center,GroupTheory,0.125,0.0619,1.0,0.1429,0.1908,4
gfunctor,solvable,Mathlib.GroupTheory.Complement,GroupTheory,0.1429,0.0658,1.0,0.1,0.1892,5
gfunctor,solvable,Mathlib.GroupTheory.Sylow,GroupTheory,0.1429,0.0645,1.0,0.0909,0.1868,6
gfunctor,solvable,Mathlib.GroupTheory.Commutator.Basic,GroupTheory,0.125,0.0583,1.0,0.1111,0.183,7
gfunctor,solvable,Mathlib.GroupTheory.Subgroup.Center,GroupTheory,0.125,0.1129,1.0,0.0,0.1827,8
gfunctor,solvable,Mathlib.GroupTheory.Subgroup.Saturated,GroupTheory,0.125,0.1121,1.0,0.0,0.1823,9
gfunctor,solvable,Mathlib.GroupTheory.Subgroup.Simple,GroupTheory,0.125,0.105,1.0,0.0,0.1795,10
primitive_action,solvable,Mathlib.GroupTheory.GroupAction.Transitive,GroupTheory,0.3333,0.2919,1.0,0.0,0.3168,1
primitive_action,solvable,Mathlib.GroupTheory.GroupAction.Primitive,GroupTheory,0.3333,0.2197,1.0,0.0,0.2879,2
primitive_action,solvable,Mathlib.GroupTheory.GroupAction.IterateAct,GroupTheory,0.1667,0.1538,1.0,0.0,0.2115,3
primitive_action,solvable,Mathlib.GroupTheory.GroupAction.DomAct.ActionHom,GroupTheory,0.1429,0.1538,1.0,0.0,0.2044,4
primitive_action,solvable,Mathlib.GroupTheory.GroupAction.ConjAct,GroupTheory,0.1667,0.1337,1.0,0.0,0.2035,5
primitive_action,solvable,Mathlib.GroupTheory.GroupAction.MultipleTransitivity,GroupTheory,0.1667,0.0582,1.0,0.1429,0.2018,6
primitive_action,solvable,Mathlib.GroupTheory.GroupAction.DomAct.Basic,GroupTheory,0.1538,0.1223,1.0,0.0,0.1951,7
primitive_action,solvable,Mathlib.GroupTheory.GroupAction.Blocks,GroupTheory,0.2,0.0786,1.0,0.0,0.1915,8
primitive_action,solvable,Mathlib.GroupTheory.GroupAction.Period,GroupTheory,0.2,0.0786,1.0,0.0,0.1915,9
primitive_action,solvable,Mathlib.GroupTheory.GroupAction.Iwasawa,GroupTheory,0.2,0.0786,1.0,0.0,0.1915,10
pgroup,solvable,Mathlib.GroupTheory.PGroup,GroupTheory,0.3333,0.2058,1.0,0.1429,0.3109,1
pgroup,solvable,Mathlib.Algebra.Group.Pi.Lemmas,Algebra,0.1429,0.5428,0.0,0.0,0.26,2
pgroup,solvable,Mathlib.Algebra.Group.Pi.Units,Algebra,0.1429,0.5325,0.0,0.0,0.2559,3
pgroup,solvable,Mathlib.GroupTheory.NoncommPiCoprod,GroupTheory,0.1,0.2909,1.0,0.0,0.2464,4
pgroup,solvable,Mathlib.Algebra.Group.Pi.Basic,Algebra,0.1429,0.4834,0.0,0.0,0.2362,5
pgroup,solvable,Mathlib.GroupTheory.Transfer,GroupTheory,0.1429,0.1473,1.0,0.125,0.2268,6
pgroup,solvable,Mathlib.GroupTheory.Subgroup.Saturated,GroupTheory,0.125,0.2214,1.0,0.0,0.2261,7
pgroup,solvable,Mathlib.Algebra.Order.Group.PiLex,Algebra,0.1111,0.4685,0.0,0.0,0.2208,8
pgroup,solvable,Mathlib.GroupTheory.Subgroup.Simple,GroupTheory,0.125,0.2073,1.0,0.0,0.2204,9
pgroup,solvable,Mathlib.GroupTheory.Perm.Subgroup,GroupTheory,0.125,0.2032,1.0,0.0,0.2188,10
maximal,solvable,Mathlib.GroupTheory.Perm.MaximalSubgroups,GroupTheory,0.125,0.2819,1.0,0.0,0.2503,1
maximal,solvable,Mathlib.GroupTheory.SpecificGroups.Alternating.MaximalSubgroups,GroupTheory,0.0909,0.282,1.0,0.0,0.2401,2
maximal,solvable,Mathlib.GroupTheory.Subgroup.Simple,GroupTheory,0.1667,0.1736,1.0,0.0833,0.2361,3
maximal,solvable,Mathlib.GroupTheory.Subgroup.Center,GroupTheory,0.1667,0.1851,1.0,0.0,0.224,4
maximal,solvable,Mathlib.GroupTheory.Subgroup.Saturated,GroupTheory,0.1667,0.1436,1.0,0.0,0.2074,5
maximal,solvable,Mathlib.GroupTheory.Perm.Subgroup,GroupTheory,0.1667,0.1318,1.0,0.0,0.2027,6
maximal,solvable,Mathlib.GroupTheory.Subgroup.Centralizer,GroupTheory,0.1667,0.1219,1.0,0.0,0.1988,7
maximal,solvable,Mathlib.GroupTheory.FiniteIndexNormalSubgroup,GroupTheory,0.1111,0.1388,1.0,0.0,0.1889,8
maximal,solvable,Mathlib.GroupTheory.GroupAction.SubMulAction.OfFixingSubgroup,GroupTheory,0.0769,0.0932,1.0,0.0909,0.1785,9
maximal,solvable,Mathlib.GroupTheory.Frattini,GroupTheory,0.0,0.1963,1.0,0.0,0.1785,10
jordanholder,solvable,Mathlib.Order.JordanHolder,Order,0.5,0.0692,0.0,0.0,0.1777,1
jordanholder,solvable,Mathlib.GroupTheory.GroupAction.Jordan,GroupTheory,0.1,0.0991,1.0,0.0,0.1696,2
jordanholder,solvable,Mathlib.GroupTheory.GroupAction.Quotient,GroupTheory,0.0,0.127,1.0,0.0,0.1508,3
jordanholder,solvable,Mathlib.GroupTheory.GroupAction.OfQuotient,GroupTheory,0.0,0.127,1.0,0.0,0.1508,4
jordanholder,solvable,Mathlib.GroupTheory.QuotientGroup.Finite,GroupTheory,0.0,0.1146,1.0,0.0,0.1459,5
jordanholder,solvable,Mathlib.GroupTheory.QuotientGroup.Basic,GroupTheory,0.0,0.1132,1.0,0.0,0.1453,6
jordanholder,solvable,Mathlib.GroupTheory.QuotientGroup.Defs,GroupTheory,0.0,0.1114,1.0,0.0,0.1446,7
jordanholder,solvable,Mathlib.GroupTheory.FiniteIndexNormalSubgroup,GroupTheory,0.0,0.1031,1.0,0.0,0.1412,8
jordanholder,solvable,Mathlib.GroupTheory.QuotientGroup.ModEq,GroupTheory,0.0,0.0987,1.0,0.0,0.1395,9
jordanholder,solvable,Mathlib.GroupTheory.SpecificGroups.Alternating.MaximalSubgroups,GroupTheory,0.0,0.0984,1.0,0.0,0.1393,10
finmodule,solvable,Mathlib.GroupTheory.FiniteAbelian.Duality,GroupTheory,0.1111,0.1464,1.0,0.0,0.1919,1
finmodule,solvable,Mathlib.GroupTheory.Transfer,GroupTheory,0.0,0.2281,1.0,0.0,0.1912,2
finmodule,solvable,Mathlib.GroupTheory.FiniteAbelian.Basic,GroupTheory,0.1111,0.1397,1.0,0.0,0.1892,3
finmodule,solvable,Mathlib.GroupTheory.Commutator.Finite,GroupTheory,0.1429,0.0748,1.0,0.0,0.1728,4
finmodule,solvable,Mathlib.GroupTheory.QuotientGroup.Finite,GroupTheory,0.125,0.0795,1.0,0.0,0.1693,5
finmodule,solvable,Mathlib.GroupTheory.Perm.Finite,GroupTheory,0.1429,0.0582,1.0,0.0,0.1661,6
finmodule,solvable,Mathlib.GroupTheory.Abelianization.Finite,GroupTheory,0.1429,0.0516,1.0,0.0,0.1635,7
finmodule,solvable,Mathlib.GroupTheory.DedekindFinite,GroupTheory,0.125,0.0573,1.0,0.0,0.1604,8
finmodule,solvable,Mathlib.GroupTheory.FreeAbelianGroup,GroupTheory,0.0,0.1446,1.0,0.0,0.1578,9
finmodule,solvable,Mathlib.GroupTheory.FiniteIndexNormalSubgroup,GroupTheory,0.1,0.0568,1.0,0.0,0.1527,10
center,solvable,Mathlib.GroupTheory.Subgroup.Center,GroupTheory,0.4,0.0945,1.0,0.0,0.2578,1
center,solvable,Mathlib.GroupTheory.Submonoid.Center,GroupTheory,0.4,0.0692,1.0,0.0,0.2477,2
center,solvable,Mathlib.GroupTheory.Subsemigroup.Center,GroupTheory,0.4,0.0663,1.0,0.0,0.2465,3
center,solvable,Mathlib.Algebra.Group.Center,Algebra,0.6667,0.065,0.0,0.0,0.226,4
center,solvable,Mathlib.GroupTheory.PGroup,GroupTheory,0.2,0.0236,1.0,0.0,0.1694,5
center,solvable,Mathlib.GroupTheory.Commensurable,GroupTheory,0.2,0.0207,1.0,0.0,0.1683,6
center,solvable,Mathlib.GroupTheory.Rank,GroupTheory,0.2,0.0171,1.0,0.0,0.1668,7
center,solvable,Mathlib.GroupTheory.Subgroup.Saturated,GroupTheory,0.1667,0.0419,1.0,0.0,0.1668,8
center,solvable,Mathlib.GroupTheory.Transfer,GroupTheory,0.2,0.0169,1.0,0.0,0.1667,9
center,solvable,Mathlib.GroupTheory.Torsion,GroupTheory,0.2,0.0166,1.0,0.0,0.1666,10
sylow,solvable,Mathlib.GroupTheory.Sylow,GroupTheory,0.4,0.4869,1.0,0.2,0.4548,1
sylow,solvable,Mathlib.GroupTheory.Frattini,GroupTheory,0.1667,0.2014,1.0,0.1667,0.2639,2
sylow,solvable,Mathlib.GroupTheory.SpecificGroups.Cyclic,GroupTheory,0.1111,0.1581,1.0,0.0556,0.2077,3
sylow,solvable,Mathlib.GroupTheory.SpecificGroups.ZGroup,GroupTheory,0.1111,0.1106,1.0,0.1111,0.1998,4
sylow,solvable,Mathlib.GroupTheory.Torsion,GroupTheory,0.1667,0.044,1.0,0.1429,0.1962,5
sylow,solvable,Mathlib.GroupTheory.Solvable,GroupTheory,0.1667,0.0425,1.0,0.1,0.187,6
sylow,solvable,Mathlib.GroupTheory.Commutator.Finite,GroupTheory,0.1429,0.0325,1.0,0.125,0.1808,7
sylow,solvable,Mathlib.GroupTheory.SpecificGroups.Alternating.MaximalSubgroups,GroupTheory,0.0833,0.1347,1.0,0.0,0.1789,8
sylow,solvable,Mathlib.GroupTheory.Perm.MaximalSubgroups,GroupTheory,0.1111,0.1083,1.0,0.0,0.1767,9
sylow,solvable,Mathlib.GroupTheory.PGroup,GroupTheory,0.1667,0.0623,1.0,0.0,0.1749,10
all_solvable,solvable,Mathlib.GroupTheory.Solvable,GroupTheory,0.2,0.3973,1.0,0.0,0.3189,1
all_solvable,solvable,Mathlib.Algebra.Lie.Solvable,Algebra,0.25,0.4123,0.0,0.0,0.2399,2
all_solvable,solvable,Mathlib.GroupTheory.SpecificGroups.Alternating.Centralizer,GroupTheory,0.0,0.0,1.0,0.1429,0.1286,3
all_solvable,solvable,Mathlib.GroupTheory.FreeGroup.CyclicallyReduced,GroupTheory,0.0,0.0,1.0,0.1429,0.1286,4
all_solvable,solvable,Mathlib.GroupTheory.GroupExtension.Basic,GroupTheory,0.0,0.0,1.0,0.1429,0.1286,5
all_solvable,solvable,Mathlib.Data.Bool.AllAny,Data,0.1667,0.1938,0.0,0.0,0.1275,6
all_solvable,solvable,Mathlib.GroupTheory.Coxeter.Inversion,GroupTheory,0.0,0.0,1.0,0.125,0.125,7
all_solvable,solvable,Mathlib.GroupTheory.IndexNormal,GroupTheory,0.0,0.0,1.0,0.125,0.125,8
all_solvable,solvable,Mathlib.Util.GetAllModules,Util,0.1667,0.1819,0.0,0.0,0.1227,9
all_solvable,solvable,Mathlib.GroupTheory.GroupAction.MultipleTransitivity,GroupTheory,0.0,0.0,1.0,0.1111,0.1222,10
extraspecial,solvable,Mathlib.GroupTheory.GroupExtension.Basic,GroupTheory,0.125,0.0872,1.0,0.25,0.2224,1
extraspecial,solvable,Mathlib.GroupTheory.SpecificGroups.Dihedral,GroupTheory,0.1111,0.2212,1.0,0.0,0.2218,2
extraspecial,solvable,Mathlib.GroupTheory.FreeGroup.CyclicallyReduced,GroupTheory,0.1,0.093,1.0,0.25,0.2172,3
extraspecial,solvable,Mathlib.GroupTheory.Rank,GroupTheory,0.1667,0.1678,1.0,0.0,0.2171,4
extraspecial,solvable,Mathlib.GroupTheory.SpecificGroups.Cyclic,GroupTheory,0.1111,0.1765,1.0,0.0625,0.2164,5
extraspecial,solvable,Mathlib.GroupTheory.Exponent,GroupTheory,0.1667,0.1521,1.0,0.0,0.2108,6
extraspecial,solvable,Mathlib.GroupTheory.SpecificGroups.ZGroup,GroupTheory,0.1111,0.1855,1.0,0.0,0.2075,7
extraspecial,solvable,Mathlib.GroupTheory.Coxeter.Inversion,GroupTheory,0.1429,0.0611,1.0,0.2,0.2073,8
extraspecial,solvable,Mathlib.GroupTheory.SpecificGroups.Quaternion,GroupTheory,0.1111,0.1717,1.0,0.0,0.202,9
extraspecial,solvable,Mathlib.GroupTheory.PGroup,GroupTheory,0.1667,0.1219,1.0,0.0,0.1988,10
gseries,solvable,Mathlib.GroupTheory.IsSubnormal,GroupTheory,0.25,0.0328,1.0,0.0,0.1881,1
gseries,solvable,Mathlib.GroupTheory.Frattini,GroupTheory,0.1429,0.0248,1.0,0.1429,0.1813,2
gseries,solvable,Mathlib.GroupTheory.Perm.MaximalSubgroups,GroupTheory,0.1,0.1271,1.0,0.0,0.1808,3
gseries,solvable,Mathlib.GroupTheory.GroupAction.Iwasawa,GroupTheory,0.1111,0.0338,1.0,0.1429,0.1754,4
gseries,solvable,Mathlib.GroupTheory.Subgroup.Simple,GroupTheory,0.125,0.0943,1.0,0.0,0.1752,5
gseries,solvable,Mathlib.GroupTheory.GroupAction.Transitive,GroupTheory,0.1111,0.0301,1.0,0.1429,0.1739,6
gseries,solvable,Mathlib.GroupTheory.Solvable,GroupTheory,0.1429,0.0255,1.0,0.0909,0.1712,7
gseries,solvable,Mathlib.GroupTheory.Subsemigroup.Center,GroupTheory,0.125,0.0186,1.0,0.125,0.1699,8
gseries,solvable,Mathlib.GroupTheory.Sylow,GroupTheory,0.1429,0.0253,1.0,0.0833,0.1696,9
gseries,solvable,Mathlib.GroupTheory.SpecificGroups.Alternating.MaximalSubgroups,GroupTheory,0.0769,0.1148,1.0,0.0,0.169,10
frobenius,solvable,Mathlib.Algebra.CharP.Frobenius,Algebra,0.1667,0.4514,0.0,0.0,0.2306,1
frobenius,solvable,Mathlib.RingTheory.Frobenius,RingTheory,0.1667,0.4039,0.0,0.0,0.2116,2
frobenius,solvable,Mathlib.GroupTheory.Complement,GroupTheory,0.1667,0.1521,1.0,0.0,0.2108,3
frobenius,solvable,Mathlib.GroupTheory.SemidirectProduct,GroupTheory,0.125,0.1097,1.0,0.1429,0.2099,4
frobenius,solvable,Mathlib.GroupTheory.PushoutI,GroupTheory,0.1429,0.0644,1.0,0.1429,0.1972,5
frobenius,solvable,Mathlib.GroupTheory.Transfer,GroupTheory,0.1667,0.0526,1.0,0.125,0.196,6
frobenius,solvable,Mathlib.GroupTheory.GroupAction.Transitive,GroupTheory,0.125,0.1395,1.0,0.0,0.1933,7
frobenius,solvable,Mathlib.GroupTheory.GroupAction.Period,GroupTheory,0.125,0.1346,1.0,0.0,0.1913,8
frobenius,solvable,Mathlib.GroupTheory.GroupAction.Iwasawa,GroupTheory,0.125,0.1346,1.0,0.0,0.1913,9
frobenius,solvable,Mathlib.GroupTheory.GroupAction.Blocks,GroupTheory,0.125,0.1346,1.0,0.0,0.1913,10
cyclic,solvable,Mathlib.GroupTheory.SpecificGroups.Cyclic,GroupTheory,0.2857,0.3935,1.0,0.0476,0.3526,1
cyclic,solvable,Mathlib.Algebra.Order.Group.Cyclic,Algebra,0.5,0.4417,0.0,0.0,0.3267,2
cyclic,solvable,Mathlib.GroupTheory.PGroup,GroupTheory,0.2,0.1741,1.0,0.0,0.2296,3
cyclic,solvable,Mathlib.GroupTheory.Torsion,GroupTheory,0.2,0.1228,1.0,0.1,0.2291,4
cyclic,solvable,Mathlib.GroupTheory.GroupExtension.Defs,GroupTheory,0.1429,0.1512,1.0,0.125,0.2283,5
cyclic,solvable,Mathlib.GroupTheory.Complement,GroupTheory,0.2,0.1202,1.0,0.0769,0.2234,6
cyclic,solvable,Mathlib.GroupTheory.Exponent,GroupTheory,0.2,0.1586,1.0,0.0,0.2234,7
cyclic,solvable,Mathlib.GroupTheory.Sylow,GroupTheory,0.2,0.1178,1.0,0.0714,0.2214,8
cyclic,solvable,Mathlib.GroupTheory.Commensurable,GroupTheory,0.2,0.1528,1.0,0.0,0.2211,9
cyclic,solvable,Mathlib.GroupTheory.PresentedGroup,GroupTheory,0.1667,0.162,1.0,0.0,0.2148,10
burnside_app,solvable,Mathlib.GroupTheory.GroupAction.Iwasawa,GroupTheory,0.0,0.0,1.0,0.25,0.15,1
burnside_app,solvable,Mathlib.GroupTheory.GroupAction.Transitive,GroupTheory,0.0,0.0,1.0,0.25,0.15,2
burnside_app,solvable,Mathlib.GroupTheory.GroupAction.SubMulAction.OfFixingSubgroup,GroupTheory,0.0,0.0,1.0,0.1429,0.1286,3
burnside_app,solvable,Mathlib.GroupTheory.GroupAction.Blocks,GroupTheory,0.0,0.0,1.0,0.125,0.125,4
burnside_app,solvable,Mathlib.NumberTheory.NumberField.ProductFormula,NumberTheory,0.0,0.3109,0.0,0.0,0.1244,5
burnside_app,solvable,Mathlib.Algebra.Homology.Square,Algebra,0.0,0.2659,0.0,0.0,0.1063,6
burnside_app,solvable,Mathlib.CategoryTheory.Square,CategoryTheory,0.0,0.2657,0.0,0.0,0.1063,7
burnside_app,solvable,Mathlib.GroupTheory.GroupAction.SubMulAction.Combination,GroupTheory,0.0,0.0,1.0,0.0,0.1,8
burnside_app,solvable,Mathlib.GroupTheory.PresentedGroup,GroupTheory,0.0,0.0,1.0,0.0,0.1,9
burnside_app,solvable,Mathlib.GroupTheory.Perm.ViaEmbedding,GroupTheory,0.0,0.0,1.0,0.0,0.1,10
eqtype,boot,Mathlib.Data.Subtype,Data,0.0,0.2384,1.0,0.0,0.1954,1
eqtype,boot,Mathlib.Tactic.ProxyType,Tactic,0.125,0.0456,1.0,0.0,0.1557,2
eqtype,boot,Mathlib.Data.TypeVec,Data,0.125,0.0347,1.0,0.0,0.1514,3
eqtype,boot,Mathlib.Tactic.DefEqTransformations,Tactic,0.1111,0.0439,1.0,0.0,0.1509,4
eqtype,boot,Mathlib.Data.Nat.WithBot,Data,0.0,0.0,1.0,0.25,0.15,5
eqtype,boot,Mathlib.Order.TypeTags,Order,0.125,0.0302,1.0,0.0,0.1496,6
eqtype,boot,Mathlib.Tactic.TypeStar,Tactic,0.125,0.0292,1.0,0.0,0.1492,7
eqtype,boot,Mathlib.Tactic.TypeCheck,Tactic,0.125,0.0261,1.0,0.0,0.148,8
eqtype,boot,Mathlib.Data.Nat.ModEq,Data,0.1111,0.0359,1.0,0.0,0.1477,9
eqtype,boot,Mathlib.Tactic.Simps.NotationClass,Tactic,0.0,0.1178,1.0,0.0,0.1471,10
seq,boot,Mathlib.Data.Seq.Seq,Data,0.25,0.2119,1.0,0.0,0.2598,1
seq,boot,Mathlib.Data.List.Palindrome,Data,0.2,0.0695,1.0,0.2,0.2278,2
seq,boot,Mathlib.Data.WSeq.Productive,Data,0.1667,0.1507,1.0,0.0,0.2103,3
seq,boot,Mathlib.Data.Seq.Computation,Data,0.2,0.1253,1.0,0.0,0.2101,4
seq,boot,Mathlib.Data.Seq.Parallel,Data,0.2,0.1224,1.0,0.0,0.2089,5
seq,boot,Mathlib.Tactic.ProxyType,Tactic,0.0,0.2719,1.0,0.0,0.2088,6
seq,boot,Mathlib.Data.Seq.Basic,Data,0.2,0.1158,1.0,0.0,0.2063,7
seq,boot,Mathlib.Data.Seq.Defs,Data,0.2,0.1118,1.0,0.0,0.2047,8
seq,boot,Mathlib.Data.WSeq.Relation,Data,0.1667,0.1267,1.0,0.0,0.2007,9
seq,boot,Mathlib.Data.List.AList,Data,0.2,0.0955,1.0,0.0,0.1982,10
bigop,boot,Mathlib.Data.Finset.Range,Data,0.125,0.2062,1.0,0.0,0.22,1
bigop,boot,Mathlib.Data.Nat.BitIndices,Data,0.0,0.2603,1.0,0.0,0.2041,2
bigop,boot,Mathlib.Data.Finset.Sum,Data,0.2857,0.0,1.0,0.0,0.1857,3
bigop,boot,Mathlib.Data.Finset.Prod,Data,0.2857,0.0,1.0,0.0,0.1857,4
bigop,boot,Mathlib.Data.List.Range,Data,0.0,0.2063,1.0,0.0,0.1825,5
bigop,boot,Mathlib.Data.Int.Range,Data,0.0,0.2001,1.0,0.0,0.1801,6
bigop,boot,Mathlib.Data.Multiset.Range,Data,0.0,0.195,1.0,0.0,0.178,7
bigop,boot,Mathlib.Data.Finset.Lattice.Prod,Data,0.25,0.0,1.0,0.0,0.175,8
bigop,boot,Mathlib.Data.List.FinRange,Data,0.0,0.1871,1.0,0.0,0.1748,9
bigop,boot,Mathlib.Data.Set.Finite.Range,Data,0.0,0.1837,1.0,0.0,0.1735,10
generic_quotient,boot,Mathlib.Order.Quotient,Order,0.1667,0.2825,1.0,0.0,0.263,1
generic_quotient,boot,Mathlib.Data.Fintype.Quotient,Data,0.1429,0.1892,1.0,0.0,0.2186,2
generic_quotient,boot,Mathlib.Data.ZMod.QuotientGroup,Data,0.2222,0.1297,1.0,0.0,0.2185,3
generic_quotient,boot,Mathlib.Tactic.ProxyType,Tactic,0.125,0.1671,1.0,0.0,0.2043,4
generic_quotient,boot,Mathlib.Data.TypeVec,Data,0.125,0.1273,1.0,0.0,0.1884,5
generic_quotient,boot,Mathlib.Tactic.TypeStar,Tactic,0.125,0.1068,1.0,0.0323,0.1867,6
generic_quotient,boot,Mathlib.Data.ZMod.QuotientRing,Data,0.1,0.1305,1.0,0.0,0.1822,7
generic_quotient,boot,Mathlib.Order.TypeTags,Order,0.125,0.1105,1.0,0.0,0.1817,8
generic_quotient,boot,Mathlib.Tactic.TypeCheck,Tactic,0.125,0.0958,1.0,0.0,0.1758,9
generic_quotient,boot,Mathlib.Tactic.Linter.UnusedInstancesInType,Tactic,0.0909,0.0781,1.0,0.0,0.1585,10
tuple,boot,Mathlib.Order.Fin.Tuple,Order,0.1667,0.2626,1.0,0.0,0.2551,1
tuple,boot,Mathlib.Data.Fin.Tuple.Basic,Data,0.1429,0.2631,1.0,0.0,0.2481,2
tuple,boot,Mathlib.Data.Fin.Tuple.Finset,Data,0.1429,0.259,1.0,0.0,0.2465,3
tuple,boot,Mathlib.Data.Fin.Tuple.Take,Data,0.1429,0.2555,1.0,0.0,0.2451,4
tuple,boot,Mathlib.Data.Fin.Tuple.Embedding,Data,0.1429,0.2467,1.0,0.0,0.2415,5
tuple,boot,Mathlib.Data.Fin.Tuple.Curry,Data,0.1429,0.2434,1.0,0.0,0.2402,6
tuple,boot,Mathlib.Data.Fin.Tuple.Reflection,Data,0.1429,0.2434,1.0,0.0,0.2402,7
tuple,boot,Mathlib.Data.Fin.Tuple.Sort,Data,0.1429,0.2385,1.0,0.0,0.2383,8
tuple,boot,Mathlib.Data.Fin.Tuple.NatAntidiagonal,Data,0.1111,0.2136,1.0,0.0,0.2188,9
tuple,boot,Mathlib.Data.Fin.Tuple.BubbleSortInduction,Data,0.1,0.2182,1.0,0.0,0.2173,10
ssrnotations,boot,Mathlib.Order.Notation,Order,0.3333,0.0757,1.0,0.0,0.2303,1
ssrnotations,boot,Mathlib.Data.Nat.Notation,Data,0.25,0.0974,1.0,0.0,0.214,2
ssrnotations,boot,Mathlib.Data.Int.Notation,Data,0.25,0.0722,1.0,0.0,0.2039,3
ssrnotations,boot,Mathlib.Tactic.FunProp.Mor,Tactic,0.0,0.0,1.0,0.5,0.2,4
ssrnotations,boot,Mathlib.Tactic.FunProp.ToBatteries,Tactic,0.0,0.0,1.0,0.5,0.2,5
ssrnotations,boot,Mathlib.Data.PNat.Notation,Data,0.2,0.0974,1.0,0.0,0.199,6
ssrnotations,boot,Mathlib.Data.Set.Notation,Data,0.25,0.0431,1.0,0.0,0.1922,7
ssrnotations,boot,Mathlib.Data.Finsupp.Notation,Data,0.25,0.0412,1.0,0.0,0.1915,8
ssrnotations,boot,Mathlib.Order.SetNotation,Order,0.2,0.0414,1.0,0.0,0.1766,9
ssrnotations,boot,Mathlib.Data.DFinsupp.Notation,Data,0.2,0.0412,1.0,0.0,0.1765,10
choice,boot,Mathlib.Order.Types.Defs,Order,0.0,0.1589,1.0,0.0,0.1636,1
choice,boot,Mathlib.Data.Subtype,Data,0.0,0.1553,1.0,0.0,0.1621,2
choice,boot,Mathlib.Order.Types.Arithmetic,Order,0.0,0.1536,1.0,0.0,0.1614,3
choice,boot,Mathlib.Data.TypeVec,Data,0.2,0.0,1.0,0.0,0.16,4
choice,boot,Mathlib.Tactic.ProxyType,Tactic,0.2,0.0,1.0,0.0,0.16,5
choice,boot,Mathlib.Tactic.TypeCheck,Tactic,0.2,0.0,1.0,0.0,0.16,6
choice,boot,Mathlib.Tactic.TypeStar,Tactic,0.2,0.0,1.0,0.0,0.16,7
choice,boot,Mathlib.Order.TypeTags,Order,0.2,0.0,1.0,0.0,0.16,8
choice,boot,Mathlib.Logic.Function.FromTypes,Logic,0.0,0.1474,1.0,0.0,0.1589,9
choice,boot,Mathlib.Logic.OpClass,Logic,0.0,0.1424,1.0,0.0,0.1569,10
ssreflect,boot,Mathlib.Tactic.FunProp.Mor,Tactic,0.1429,0.0,1.0,0.5,0.2429,1
ssreflect,boot,Mathlib.Tactic.Linter.HaveLetLinter,Tactic,0.1429,0.2409,1.0,0.0,0.2392,2
ssreflect,boot,Mathlib.Tactic.FunProp.ToBatteries,Tactic,0.1111,0.0,1.0,0.5,0.2333,3
ssreflect,boot,Mathlib.Tactic.FunProp.Types,Tactic,0.1429,0.0,1.0,0.3333,0.2095,4
ssreflect,boot,Mathlib.Tactic.ExtractGoal,Tactic,0.1667,0.1366,1.0,0.0,0.2046,5
ssreflect,boot,Mathlib.Tactic,Tactic,0.3333,0.0,1.0,0.0,0.2,6
ssreflect,boot,Mathlib.Tactic.Variable,Tactic,0.25,0.0524,1.0,0.0,0.196,7
ssreflect,boot,Mathlib.Tactic.DeclarationNames,Tactic,0.1667,0.1136,1.0,0.0,0.1954,8
ssreflect,boot,Mathlib.Tactic.ProxyType,Tactic,0.1667,0.0944,1.0,0.0,0.1878,9
ssreflect,boot,Mathlib.Tactic.GuardGoalNums,Tactic,0.1429,0.1016,1.0,0.0,0.1835,10
fintype,boot,Mathlib.Order.Filter.Finite,Order,0.2,0.1434,1.0,0.0,0.2173,1
fintype,boot,Mathlib.Data.Finite.Defs,Data,0.2,0.139,1.0,0.0,0.2156,2
fintype,boot,Mathlib.Data.Finite.Vector,Data,0.2,0.1384,1.0,0.0,0.2154,3
fintype,boot,Mathlib.Data.Finite.Perm,Data,0.2,0.134,1.0,0.0,0.2136,4
fintype,boot,Mathlib.Data.Finite.Sum,Data,0.2,0.132,1.0,0.0,0.2128,5
fintype,boot,Mathlib.Data.Finite.Sigma,Data,0.2,0.1266,1.0,0.0,0.2106,6
fintype,boot,Mathlib.Data.Fintype.Basic,Data,0.2,0.1205,1.0,0.0,0.2082,7
fintype,boot,Mathlib.Order.Preorder.Finite,Order,0.2,0.1198,1.0,0.0,0.2079,8
fintype,boot,Mathlib.Data.Fintype.Order,Data,0.2,0.1184,1.0,0.0,0.2074,9
fintype,boot,Mathlib.Data.Fintype.Defs,Data,0.2,0.1156,1.0,0.0,0.2062,10
fingraph,boot,Mathlib.Order.Closure,Order,0.0,0.2408,1.0,0.0,0.1963,1
fingraph,boot,Mathlib.Order.Filter.Finite,Order,0.2,0.0543,1.0,0.0,0.1817,2
fingraph,boot,Mathlib.Order.Preorder.Finite,Order,0.2,0.0454,1.0,0.0,0.1782,3
fingraph,boot,Mathlib.Order.Atoms.Finite,Order,0.2,0.0429,1.0,0.0,0.1772,4
fingraph,boot,Mathlib.Tactic.Order.Graph.Tarjan,Tactic,0.1667,0.0487,1.0,0.0,0.1695,5
fingraph,boot,Mathlib.Data.Finite.Set,Data,0.2,0.0192,1.0,0.0,0.1677,6
fingraph,boot,Mathlib.Tactic.Order.Graph.Basic,Tactic,0.1667,0.0407,1.0,0.0,0.1663,7
fingraph,boot,Mathlib.Order.Filter.Bases.Finite,Order,0.1667,0.0383,1.0,0.0,0.1653,8
fingraph,boot,Mathlib.Data.Finite.Defs,Data,0.2,0.0126,1.0,0.0,0.165,9
fingraph,boot,Mathlib.Data.Finite.Vector,Data,0.2,0.0125,1.0,0.0,0.165,10
prime,boot,Mathlib.Data.List.Prime,Data,0.25,0.3634,1.0,0.0,0.3204,1
prime,boot,Mathlib.Data.PNat.Prime,Data,0.2,0.3282,1.0,0.0,0.2913,2
prime,boot,Mathlib.Data.Nat.Prime.Int,Data,0.2,0.3157,1.0,0.0,0.2863,3
prime,boot,Mathlib.Data.Nat.Prime.Infinite,Data,0.2,0.308,1.0,0.0,0.2832,4
prime,boot,Mathlib.Data.Nat.Prime.Nth,Data,0.2,0.3014,1.0,0.0,0.2806,5
prime,boot,Mathlib.Order.PrimeSeparator,Order,0.2,0.2878,1.0,0.0,0.2751,6
prime,boot,Mathlib.Data.Nat.Prime.Factorial,Data,0.2,0.287,1.0,0.0,0.2748,7
prime,boot,Mathlib.Data.Nat.GCD.Prime,Data,0.2,0.2814,1.0,0.0,0.2725,8
prime,boot,Mathlib.Data.Nat.Prime.Basic,Data,0.2,0.2802,1.0,0.0,0.2721,9
prime,boot,Mathlib.Data.Nat.PrimeFin,Data,0.1667,0.3024,1.0,0.0,0.2709,10
monoid,boot,Mathlib.Tactic.Group,Tactic,0.3333,0.0699,1.0,0.0,0.228,1
monoid,boot,Mathlib.Data.Multiset.OrderedMonoid,Data,0.1667,0.0739,1.0,0.0,0.1796,2
monoid,boot,Mathlib.Order.Filter.Germ.OrderedMonoid,Order,0.1429,0.0589,1.0,0.0,0.1664,3
monoid,boot,Mathlib.Order.Filter.AtTopBot.Monoid,Order,0.125,0.0686,1.0,0.0,0.1649,4
monoid,boot,Mathlib.Order.CompleteLattice.Group,Order,0.1667,0.0297,1.0,0.0,0.1619,5
monoid,boot,Mathlib.Data.ZMod.QuotientGroup,Data,0.1429,0.0298,1.0,0.0,0.1548,6
monoid,boot,Mathlib.Order.ConditionallyCompleteLattice.Group,Order,0.1429,0.0251,1.0,0.0,0.1529,7
monoid,boot,Mathlib.RingTheory.Coalgebra.GroupLike,RingTheory,0.125,0.285,0.0,0.0,0.1515,8
monoid,boot,Mathlib.Order.Filter.AtTopBot.Group,Order,0.125,0.0302,1.0,0.0,0.1496,9
monoid,boot,Mathlib.RingTheory.Bialgebra.GroupLike,RingTheory,0.125,0.28,0.0,0.0,0.1495,10
nmodule,boot,Mathlib.Tactic.ToAdditive,Tactic,0.1429,0.1733,1.0,0.0,0.2122,1
nmodule,boot,Mathlib.Tactic.Group,Tactic,0.2,0.0657,1.0,0.0,0.1863,2
nmodule,boot,Mathlib.Tactic.Translate.ToAdditive,Tactic,0.125,0.1096,1.0,0.0,0.1813,3
nmodule,boot,Mathlib.Tactic.Module,Tactic,0.2,0.0,1.0,0.0,0.16,4
nmodule,boot,Mathlib.Order.CompleteLattice.Group,Order,0.125,0.0279,1.0,0.0,0.1487,5
nmodule,boot,Mathlib.Data.ZMod.QuotientGroup,Data,0.1111,0.028,1.0,0.0,0.1445,6
nmodule,boot,Mathlib.Data.DFinsupp.Module,Data,0.1429,0.0,1.0,0.0,0.1429,7
nmodule,boot,Mathlib.Order.ConditionallyCompleteLattice.Group,Order,0.1111,0.0235,1.0,0.0,0.1428,8
nmodule,boot,Mathlib.Order.Filter.AtTopBot.Group,Order,0.1,0.0284,1.0,0.0,0.1413,9
nmodule,boot,Mathlib.Tactic.SetLike,Tactic,0.0,0.0994,1.0,0.0,0.1398,10
ssrAC,boot,Mathlib.Tactic.StacksAttribute,Tactic,0.0,0.2737,1.0,0.0,0.2095,1
ssrAC,boot,Mathlib.Tactic.Use,Tactic,0.0,0.2241,1.0,0.0,0.1897,2
ssrAC,boot,Mathlib.Tactic.Bound.Attribute,Tactic,0.0,0.1867,1.0,0.0,0.1747,3
ssrAC,boot,Mathlib.Tactic.Linter.GlobalAttributeIn,Tactic,0.0,0.1768,1.0,0.0,0.1707,4
ssrAC,boot,Mathlib.FieldTheory.ChevalleyWarning,FieldTheory,0.0,0.3892,0.0,0.0,0.1557,5
ssrAC,boot,Mathlib.Data.Fin.Tuple.Finset,Data,0.0,0.0,1.0,0.1429,0.1286,6
ssrAC,boot,Mathlib.Order.Filter.AtTopBot.Prod,Order,0.0,0.0,1.0,0.125,0.125,7
ssrAC,boot,Mathlib.Data.List.OffDiag,Data,0.0,0.0,1.0,0.1111,0.1222,8
ssrAC,boot,Mathlib.Data.ZMod.QuotientRing,Data,0.0,0.0,1.0,0.1,0.12,9
ssrAC,boot,Mathlib.Data.Finset.Lattice.Prod,Data,0.0,0.0,1.0,0.0909,0.1182,10
finfun,boot,Mathlib.Tactic.FunProp.FunctionData,Tactic,0.2222,0.01,1.0,0.0,0.1706,1
finfun,boot,Mathlib.Data.FunLike.Fintype,Data,0.125,0.0728,1.0,0.0,0.1666,2
finfun,boot,Mathlib.Data.Fintype.Prod,Data,0.0,0.114,1.0,0.0769,0.161,3
finfun,boot,Mathlib.Data.Fin.Tuple.Finset,Data,0.0,0.0247,1.0,0.25,0.1599,4
finfun,boot,Mathlib.Data.Set.Function,Data,0.1667,0.0168,1.0,0.0,0.1567,5
finfun,boot,Mathlib.Order.Filter.Finite,Order,0.1667,0.0148,1.0,0.0,0.1559,6
finfun,boot,Mathlib.Data.Finite.Defs,Data,0.1667,0.0143,1.0,0.0,0.1557,7
finfun,boot,Mathlib.Data.Finite.Vector,Data,0.1667,0.0143,1.0,0.0,0.1557,8
finfun,boot,Mathlib.Data.Finite.Perm,Data,0.1667,0.0138,1.0,0.0,0.1555,9
finfun,boot,Mathlib.Data.Finite.Sum,Data,0.1667,0.0136,1.0,0.0,0.1555,10
ssrbool,boot,Mathlib.Topology.Separation.NotNormal,Topology,0.0,0.4455,0.0,0.0,0.1782,1
ssrbool,boot,Mathlib.Tactic.FunProp.ToBatteries,Tactic,0.0,0.0,1.0,0.3333,0.1667,2
ssrbool,boot,Mathlib.Tactic.FunProp.Mor,Tactic,0.0,0.0,1.0,0.3333,0.1667,3
ssrbool,boot,Mathlib.Tactic.FunProp.Types,Tactic,0.0,0.0,1.0,0.25,0.15,4
ssrbool,boot,Mathlib.Data.Bool.Basic,Data,0.1667,0.0,1.0,0.0,0.15,5
ssrbool,boot,Mathlib.Data.Bool.Count,Data,0.1667,0.0,1.0,0.0,0.15,6
ssrbool,boot,Mathlib.Data.Bool.Set,Data,0.1667,0.0,1.0,0.0,0.15,7
ssrbool,boot,Mathlib.Logic.Equiv.Bool,Logic,0.1667,0.0,1.0,0.0,0.15,8
ssrbool,boot,Mathlib.Order.BooleanSubalgebra,Order,0.1429,0.0,1.0,0.0,0.1429,9
ssrbool,boot,Mathlib.Order.BooleanGenerators,Order,0.1429,0.0,1.0,0.0,0.1429,10
ssrfun,boot,Mathlib.Tactic.Linter.EmptyLine,Tactic,0.0,0.288,1.0,0.0,0.2152,1
ssrfun,boot,Mathlib.Order.Fin.SuccAboveOrderIso,Order,0.0,0.2014,1.0,0.0,0.1806,2
ssrfun,boot,Mathlib.Tactic.FunProp.FunctionData,Tactic,0.25,0.0,1.0,0.0,0.175,3
ssrfun,boot,Mathlib.Logic.Function.Basic,Logic,0.2,0.0,1.0,0.0,0.16,4
ssrfun,boot,Mathlib.Logic.Function.Iterate,Logic,0.2,0.0,1.0,0.0,0.16,5
ssrfun,boot,Mathlib.Logic.Function.Defs,Logic,0.2,0.0,1.0,0.0,0.16,6
ssrfun,boot,Mathlib.Logic.Function.Coequalizer,Logic,0.2,0.0,1.0,0.0,0.16,7
ssrfun,boot,Mathlib.Logic.Function.Conjugate,Logic,0.2,0.0,1.0,0.0,0.16,8
ssrfun,boot,Mathlib.Data.Set.Function,Data,0.2,0.0,1.0,0.0,0.16,9
ssrfun,boot,Mathlib.Data.PFun,Data,0.2,0.0,1.0,0.0,0.16,10
all_boot,boot,Mathlib.Data.Bool.AllAny,Data,0.1667,0.2498,1.0,0.0,0.2499,1
all_boot,boot,Mathlib.Util.GetAllModules,Util,0.1667,0.2344,0.0,0.0,0.1438,2
all_boot,boot,Mathlib.Tactic.WithoutCDot,Tactic,0.0,0.0,1.0,0.1429,0.1286,3
all_boot,boot,Mathlib.Tactic.Linter.CommandStart,Tactic,0.0,0.0,1.0,0.1429,0.1286,4
all_boot,boot,Mathlib.Tactic.ComputeAsymptotics.Multiseries.Basis,Tactic,0.0,0.0,1.0,0.1429,0.1286,5
all_boot,boot,Mathlib.Tactic.Explode,Tactic,0.0,0.0,1.0,0.1429,0.1286,6
all_boot,boot,Mathlib.Tactic.Ext,Tactic,0.0,0.0,1.0,0.1429,0.1286,7
all_boot,boot,Mathlib.Tactic.FindSyntax,Tactic,0.0,0.0,1.0,0.1429,0.1286,8
all_boot,boot,Mathlib.Tactic.Linarith.Oracle.FourierMotzkin,Tactic,0.0,0.0,1.0,0.1429,0.1286,9
all_boot,boot,Mathlib.Tactic.Generalize,Tactic,0.0,0.0,1.0,0.1429,0.1286,10
finset,boot,Mathlib.Data.Set.Finite.Range,Data,0.4,0.2765,1.0,0.0667,0.3439,1
finset,boot,Mathlib.Data.Finite.Set,Data,0.5,0.2232,1.0,0.0,0.3393,2
finset,boot,Mathlib.Data.Set.Finite.List,Data,0.4,0.2259,1.0,0.0,0.3104,3
finset,boot,Mathlib.Data.Set.Finite.Lattice,Data,0.4,0.2251,1.0,0.0,0.31,4
finset,boot,Mathlib.Data.Set.Finite.Monad,Data,0.4,0.225,1.0,0.0,0.31,5
finset,boot,Mathlib.Data.Set.Finite.Powerset,Data,0.4,0.2092,1.0,0.0,0.3037,6
finset,boot,Mathlib.Data.Set.Finite.Basic,Data,0.4,0.2049,1.0,0.0,0.302,7
finset,boot,Mathlib.Data.Set.Finite.Lemmas,Data,0.4,0.1932,1.0,0.0,0.2973,8
finset,boot,Mathlib.Data.Set.Dissipate,Data,0.2,0.3311,1.0,0.0,0.2924,9
finset,boot,Mathlib.Data.Set.Accumulate,Data,0.2,0.3311,1.0,0.0,0.2924,10
binomial,boot,Mathlib.RingTheory.Binomial,RingTheory,0.1667,0.2776,0.0,0.0,0.1611,1
binomial,boot,Mathlib.Data.Nat.Factorial.SuperFactorial,Data,0.0,0.1454,1.0,0.0,0.1582,2
binomial,boot,Mathlib.Data.Nat.Choose.Sum,Data,0.0,0.1342,1.0,0.0,0.1537,3
binomial,boot,Mathlib.Data.Nat.Factorial.DoubleFactorial,Data,0.0,0.1339,1.0,0.0,0.1536,4
binomial,boot,Mathlib.Tactic.Choose,Tactic,0.0,0.1333,1.0,0.0,0.1533,5
binomial,boot,Mathlib.Analysis.Analytic.Binomial,Analysis,0.2,0.2305,0.0,0.0,0.1522,6
binomial,boot,Mathlib.Tactic.AdaptationNote,Tactic,0.0,0.126,1.0,0.0,0.1504,7
binomial,boot,Mathlib.Probability.Combinatorics.BinomialRandomGraph.Defs,Probability,0.25,0.1854,0.0,0.0,0.1492,8
binomial,boot,Mathlib.Data.ZMod.Factorial,Data,0.0,0.1024,1.0,0.0,0.141,9
binomial,boot,Mathlib.Tactic.GeneralizeProofs,Tactic,0.0,0.0992,1.0,0.0,0.1397,10
ssrmatching,boot,Mathlib.Tactic.Widget.LibraryRewrite,Tactic,0.1429,0.4357,1.0,0.0,0.3171,1
ssrmatching,boot,Mathlib.Tactic,Tactic,0.3333,0.0,1.0,0.0,0.2,2
ssrmatching,boot,Mathlib.Tactic.Convert,Tactic,0.25,0.0,1.0,0.0,0.175,3
ssrmatching,boot,Mathlib.Tactic.Propose,Tactic,0.25,0.0,1.0,0.0,0.175,4
ssrmatching,boot,Mathlib.Tactic.Generalize,Tactic,0.25,0.0,1.0,0.0,0.175,5
ssrmatching,boot,Mathlib.Tactic.Core,Tactic,0.25,0.0,1.0,0.0,0.175,6
ssrmatching,boot,Mathlib.Tactic.Explode,Tactic,0.25,0.0,1.0,0.0,0.175,7
ssrmatching,boot,Mathlib.Tactic.Ext,Tactic,0.25,0.0,1.0,0.0,0.175,8
ssrmatching,boot,Mathlib.Tactic.Set,Tactic,0.25,0.0,1.0,0.0,0.175,9
ssrmatching,boot,Mathlib.Tactic.WLOG,Tactic,0.25,0.0,1.0,0.0,0.175,10
div,boot,Mathlib.Data.Nat.ChineseRemainder,Data,0.125,0.2736,1.0,0.0,0.2469,1
div,boot,Mathlib.Data.Nat.Digits.Div,Data,0.3333,0.0396,1.0,0.0,0.2159,2
div,boot,Mathlib.Data.Int.DivMod,Data,0.125,0.1622,1.0,0.0,0.2024,3
div,boot,Mathlib.Data.ZMod.Coprime,Data,0.0,0.2462,1.0,0.0,0.1985,4
div,boot,Mathlib.Data.Nat.ModEq,Data,0.125,0.1381,1.0,0.0,0.1927,5
div,boot,Mathlib.Data.Nat.MaxPowDiv,Data,0.25,0.0438,1.0,0.0,0.1925,6
div,boot,Mathlib.Tactic.NormNum.DivMod,Tactic,0.1,0.1389,1.0,0.0,0.1856,7
div,boot,Mathlib.Data.Nat.GCD.Basic,Data,0.1429,0.0798,1.0,0.0,0.1748,8
div,boot,Mathlib.Data.Nat.GCD.Prime,Data,0.1429,0.0751,1.0,0.0,0.1729,9
div,boot,Mathlib.Data.Nat.PowModTotient,Data,0.1111,0.0955,1.0,0.0,0.1715,10
ssrnat,boot,Mathlib.Tactic.DeclarationNames,Tactic,0.0,0.2251,1.0,0.0,0.19,1
ssrnat,boot,Mathlib.Order.Nat,Order,0.2,0.0689,1.0,0.0,0.1875,2
ssrnat,boot,Mathlib.Tactic.ENatToNat,Tactic,0.1429,0.1041,1.0,0.0,0.1845,3
ssrnat,boot,Mathlib.Tactic.PNatToNat,Tactic,0.1429,0.1041,1.0,0.0,0.1845,4
ssrnat,boot,Mathlib.Order.Types.Arithmetic,Order,0.1667,0.0855,1.0,0.0,0.1842,5
ssrnat,boot,Mathlib.Data.Nat.SuccPred,Data,0.125,0.1135,1.0,0.0,0.1829,6
ssrnat,boot,Mathlib.Tactic.OfNat,Tactic,0.1429,0.0977,1.0,0.0,0.1819,7
ssrnat,boot,Mathlib.Data.Nat.PartENat,Data,0.1429,0.0821,1.0,0.0,0.1757,8
ssrnat,boot,Mathlib.Data.Nat.Upto,Data,0.1667,0.0641,1.0,0.0,0.1756,9
ssrnat,boot,Mathlib.Data.Nat.Hyperoperation,Data,0.1667,0.0641,1.0,0.0,0.1756,10
path,boot,Mathlib.Topology.Path,Topology,0.25,0.4107,0.0,0.0,0.2393,1
path,boot,Mathlib.Data.List.Cycle,Data,0.2,0.112,1.0,0.0,0.2048,2
path,boot,Mathlib.Topology.Homotopy.Path,Topology,0.2,0.2744,0.0,0.0,0.1698,3
path,boot,Mathlib.Tactic.Order.Graph.Basic,Tactic,0.1667,0.0039,1.0,0.0,0.1515,4
path,boot,Mathlib.Tactic.Order.Graph.Tarjan,Tactic,0.1667,0.0,1.0,0.0,0.15,5
path,boot,Mathlib.Combinatorics.Quiver.Path,Combinatorics,0.2,0.2154,0.0,0.0,0.1461,6
path,boot,Mathlib.Data.Finset.Empty,Data,0.0,0.1082,1.0,0.0,0.1433,7
path,boot,Mathlib.Topology.UniformSpace.Path,Topology,0.1429,0.2481,0.0,0.0,0.1421,8
path,boot,Mathlib.Combinatorics.Quiver.Path.Vertices,Combinatorics,0.1667,0.2154,0.0,0.0,0.1361,9
path,boot,Mathlib.Logic.IsEmpty,Logic,0.0,0.0895,1.0,0.0,0.1358,10
all_field,field,Mathlib.Algebra.Algebra.Field,Algebra,0.3333,0.1639,1.0,0.0,0.2655,1
all_field,field,Mathlib.Algebra.Field.IsField,Algebra,0.2,0.2539,1.0,0.0,0.2616,2
all_field,field,Mathlib.FieldTheory.Minpoly.Field,FieldTheory,0.2,0.2525,1.0,0.0,0.261,3
all_field,field,Mathlib.FieldTheory.Relrank,FieldTheory,0.2,0.2452,1.0,0.0,0.2581,4
all_field,field,Mathlib.FieldTheory.PrimeField,FieldTheory,0.1667,0.2571,1.0,0.0,0.2528,5
all_field,field,Mathlib.FieldTheory.Cardinality,FieldTheory,0.2,0.2094,1.0,0.0,0.2438,6
all_field,field,Mathlib.Algebra.Field.Opposite,Algebra,0.25,0.1674,1.0,0.0,0.242,7
all_field,field,Mathlib.FieldTheory.Tower,FieldTheory,0.2,0.2046,1.0,0.0,0.2419,8
all_field,field,Mathlib.Algebra.Field.Periodic,Algebra,0.25,0.1597,1.0,0.0,0.2389,9
all_field,field,Mathlib.FieldTheory.Isaacs,FieldTheory,0.2,0.1972,1.0,0.0,0.2389,10
qfpoly,field,Mathlib.FieldTheory.Finite.Polynomial,FieldTheory,0.2857,0.1228,1.0,0.1667,0.2682,1
qfpoly,field,Mathlib.FieldTheory.PrimitiveElement,FieldTheory,0.1111,0.2765,1.0,0.0,0.2439,2
qfpoly,field,Mathlib.Algebra.Polynomial.Monic,Algebra,0.1667,0.2234,1.0,0.0,0.2394,3
qfpoly,field,Mathlib.Algebra.Polynomial.FieldDivision,Algebra,0.2857,0.1056,1.0,0.0,0.2279,4
qfpoly,field,Mathlib.Algebra.Polynomial.Eval.Irreducible,Algebra,0.1429,0.202,1.0,0.0,0.2237,5
qfpoly,field,Mathlib.FieldTheory.KummerPolynomial,FieldTheory,0.25,0.1123,1.0,0.0,0.2199,6
qfpoly,field,Mathlib.FieldTheory.Finite.Valuation,FieldTheory,0.125,0.0881,1.0,0.2,0.2127,7
qfpoly,field,Mathlib.FieldTheory.ChevalleyWarning,FieldTheory,0.1111,0.0702,1.0,0.25,0.2114,8
qfpoly,field,Mathlib.FieldTheory.PolynomialGaloisGroup,FieldTheory,0.2222,0.1085,1.0,0.0,0.2101,9
qfpoly,field,Mathlib.FieldTheory.Galois.Notation,FieldTheory,0.125,0.073,1.0,0.2,0.2067,10
algnum,field,Mathlib.NumberTheory.FunctionField,NumberTheory,0.125,0.0771,1.0,0.25,0.2183,1
algnum,field,Mathlib.NumberTheory.ClassNumber.Finite,NumberTheory,0.125,0.1153,1.0,0.1,0.2036,2
algnum,field,Mathlib.NumberTheory.Wilson,NumberTheory,0.1667,0.1237,1.0,0.0,0.1995,3
algnum,field,Mathlib.NumberTheory.Bertrand,NumberTheory,0.1667,0.1237,1.0,0.0,0.1995,4
algnum,field,Mathlib.NumberTheory.Dioph,NumberTheory,0.1667,0.1237,1.0,0.0,0.1995,5
algnum,field,Mathlib.NumberTheory.Ostrowski,NumberTheory,0.1667,0.1237,1.0,0.0,0.1995,6
algnum,field,Mathlib.NumberTheory.Primorial,NumberTheory,0.1667,0.1237,1.0,0.0,0.1995,7
algnum,field,Mathlib.NumberTheory.Niven,NumberTheory,0.1667,0.1237,1.0,0.0,0.1995,8
algnum,field,Mathlib.NumberTheory.LSeries.ZMod,NumberTheory,0.1111,0.153,1.0,0.0,0.1946,9
algnum,field,Mathlib.NumberTheory.ArithmeticFunction.Moebius,NumberTheory,0.1111,0.0666,1.0,0.1667,0.1933,10
algC,field,Mathlib.FieldTheory.IsAlgClosed.AlgebraicClosure,FieldTheory,0.25,0.0484,1.0,0.0,0.1943,1
algC,field,Mathlib.FieldTheory.IsAlgClosed.Classification,FieldTheory,0.1818,0.0286,1.0,0.0,0.166,2
algC,field,Mathlib.FieldTheory.IsAlgClosed.Spectrum,FieldTheory,0.1818,0.027,1.0,0.0,0.1654,3
algC,field,Mathlib.FieldTheory.IsAlgClosed.Basic,FieldTheory,0.1818,0.0253,1.0,0.0,0.1647,4
algC,field,Mathlib.Algebra.AlgebraicCard,Algebra,0.125,0.0599,1.0,0.0,0.1615,5
algC,field,Mathlib.FieldTheory.IsRealClosed.Basic,FieldTheory,0.0833,0.088,1.0,0.0,0.1602,6
algC,field,Mathlib.Algebra.Polynomial.Cardinal,Algebra,0.0,0.0297,1.0,0.2,0.1519,7
algC,field,Mathlib.FieldTheory.IntermediateField.Algebraic,FieldTheory,0.1,0.0544,1.0,0.0,0.1518,8
algC,field,Mathlib.Algebra.Polynomial.Monic,Algebra,0.0,0.1239,1.0,0.0,0.1496,9
algC,field,Mathlib.Algebra.Module.NatInt,Algebra,0.0,0.1239,1.0,0.0,0.1496,10
separable,field,Mathlib.FieldTheory.Separable,FieldTheory,0.4,0.4164,1.0,0.0,0.3866,1
separable,field,Mathlib.FieldTheory.SeparableClosure,FieldTheory,0.2857,0.38,1.0,0.0,0.3377,2
separable,field,Mathlib.FieldTheory.SeparableDegree,FieldTheory,0.2857,0.3451,1.0,0.0,0.3237,3
separable,field,Mathlib.FieldTheory.PurelyInseparable.Basic,FieldTheory,0.1111,0.3186,1.0,0.0,0.2608,4
separable,field,Mathlib.FieldTheory.PurelyInseparable.Tower,FieldTheory,0.1111,0.3068,1.0,0.0,0.256,5
separable,field,Mathlib.FieldTheory.PurelyInseparable.Exponent,FieldTheory,0.1111,0.3056,1.0,0.0,0.2556,6
separable,field,Mathlib.FieldTheory.Extension,FieldTheory,0.4,0.0839,1.0,0.0,0.2536,7
separable,field,Mathlib.FieldTheory.PurelyInseparable.PerfectClosure,FieldTheory,0.0909,0.2719,1.0,0.0,0.236,8
separable,field,Mathlib.FieldTheory.Finite.Extension,FieldTheory,0.3333,0.0714,1.0,0.0,0.2286,9
separable,field,Mathlib.FieldTheory.KummerExtension,FieldTheory,0.2857,0.0723,1.0,0.0,0.2146,10
cyclotomic,field,Mathlib.NumberTheory.Cyclotomic.CyclotomicCharacter,NumberTheory,0.1429,0.3421,1.0,0.0,0.2797,1
cyclotomic,field,Mathlib.NumberTheory.Cyclotomic.PrimitiveRoots,NumberTheory,0.125,0.2539,1.0,0.0,0.2391,2
cyclotomic,field,Mathlib.NumberTheory.Cyclotomic.Rat,NumberTheory,0.1667,0.217,1.0,0.0,0.2368,3
cyclotomic,field,Mathlib.Algebra.Polynomial.Cardinal,Algebra,0.25,0.0698,1.0,0.1667,0.2362,4
cyclotomic,field,Mathlib.NumberTheory.Cyclotomic.Discriminant,NumberTheory,0.1667,0.2064,1.0,0.0,0.2326,5
cyclotomic,field,Mathlib.RingTheory.Polynomial.Cyclotomic.Factorization,RingTheory,0.3333,0.331,0.0,0.0,0.2324,6
cyclotomic,field,Mathlib.NumberTheory.Cyclotomic.Basic,NumberTheory,0.1667,0.2044,1.0,0.0,0.2318,7
cyclotomic,field,Mathlib.NumberTheory.Cyclotomic.Gal,NumberTheory,0.1667,0.2005,1.0,0.0,0.2302,8
cyclotomic,field,Mathlib.NumberTheory.Cyclotomic.Three,NumberTheory,0.1667,0.1839,1.0,0.0,0.2236,9
cyclotomic,field,Mathlib.NumberTheory.Cyclotomic.PID,NumberTheory,0.1667,0.1824,1.0,0.0,0.223,10
falgebra,field,Mathlib.Algebra.Polynomial.Module.FiniteDimensional,Algebra,0.4286,0.041,1.0,0.0,0.245,1
falgebra,field,Mathlib.Algebra.Divisibility.Finite,Algebra,0.4,0.0147,1.0,0.0,0.2259,2
falgebra,field,Mathlib.Algebra.Module.Presentation.Finite,Algebra,0.3333,0.0198,1.0,0.0,0.2079,3
falgebra,field,Mathlib.Algebra.Group.Subgroup.Finite,Algebra,0.3333,0.0147,1.0,0.0,0.2059,4
falgebra,field,Mathlib.Algebra.Group.Equiv.Finite,Algebra,0.3333,0.0143,1.0,0.0,0.2057,5
falgebra,field,Mathlib.Algebra.Group.Submonoid.Finite,Algebra,0.3333,0.0143,1.0,0.0,0.2057,6
falgebra,field,Mathlib.Algebra.Module.FinitePresentation,Algebra,0.2857,0.0177,1.0,0.0,0.1928,7
falgebra,field,Mathlib.Algebra.Notation.FiniteSupport,Algebra,0.2857,0.0138,1.0,0.0,0.1912,8
falgebra,field,Mathlib.Algebra.Group.ConjFinite,Algebra,0.2857,0.0131,1.0,0.0,0.191,9
falgebra,field,Mathlib.Algebra.Group.Pointwise.Set.Finite,Algebra,0.2857,0.0113,1.0,0.0,0.1903,10
closed_field,field,Mathlib.FieldTheory.IsSepClosed,FieldTheory,0.25,0.267,1.0,0.0,0.2818,1
closed_field,field,Mathlib.FieldTheory.Minpoly.IsIntegrallyClosed,FieldTheory,0.2222,0.1734,1.0,0.0,0.236,2
closed_field,field,Mathlib.FieldTheory.IsAlgClosed.Classification,FieldTheory,0.2222,0.1439,1.0,0.0,0.2242,3
closed_field,field,Mathlib.FieldTheory.IsRealClosed.Basic,FieldTheory,0.2222,0.1393,1.0,0.0,0.2224,4
closed_field,field,Mathlib.FieldTheory.IsAlgClosed.Spectrum,FieldTheory,0.2222,0.1361,1.0,0.0,0.2211,5
closed_field,field,Mathlib.FieldTheory.IsAlgClosed.Basic,FieldTheory,0.2222,0.1273,1.0,0.0,0.2176,6
closed_field,field,Mathlib.FieldTheory.IsAlgClosed.AlgebraicClosure,FieldTheory,0.1818,0.1293,1.0,0.0,0.2063,7
closed_field,field,Mathlib.Algebra.Algebra.Field,Algebra,0.25,0.0652,1.0,0.0,0.2011,8
closed_field,field,Mathlib.FieldTheory.Minpoly.Field,FieldTheory,0.1667,0.1038,1.0,0.0,0.1915,9
closed_field,field,Mathlib.FieldTheory.Relrank,FieldTheory,0.1667,0.1029,1.0,0.0,0.1912,10
algebraics_fundamentals,field,Mathlib.NumberTheory.NumberField.Units.DirichletTheorem,NumberTheory,0.0833,0.192,1.0,0.0,0.2018,1
algebraics_fundamentals,field,Mathlib.FieldTheory.AlgebraicClosure,FieldTheory,0.1111,0.1547,1.0,0.0,0.1952,2
algebraics_fundamentals,field,Mathlib.FieldTheory.IntermediateField.Algebraic,FieldTheory,0.1111,0.1378,1.0,0.0,0.1885,3
algebraics_fundamentals,field,Mathlib.NumberTheory.NumberField.CMField,NumberTheory,0.1,0.1378,1.0,0.0,0.1851,4
algebraics_fundamentals,field,Mathlib.Algebra.Lie.LieTheorem,Algebra,0.0,0.208,1.0,0.0,0.1832,5
algebraics_fundamentals,field,Mathlib.FieldTheory.IsAlgClosed.AlgebraicClosure,FieldTheory,0.0769,0.1475,1.0,0.0,0.1821,6
algebraics_fundamentals,field,Mathlib.FieldTheory.Minpoly.IsConjRoot,FieldTheory,0.0,0.117,1.0,0.1667,0.1801,7
algebraics_fundamentals,field,Mathlib.NumberTheory.NumberField.Norm,NumberTheory,0.1111,0.1039,1.0,0.0,0.1749,8
algebraics_fundamentals,field,Mathlib.FieldTheory.IsSepClosed,FieldTheory,0.0,0.1808,1.0,0.0,0.1723,9
algebraics_fundamentals,field,Mathlib.NumberTheory.NumberField.House,NumberTheory,0.1111,0.0962,1.0,0.0,0.1718,10
fieldext,field,Mathlib.FieldTheory.Extension,FieldTheory,0.4,0.049,1.0,0.0,0.2396,1
fieldext,field,Mathlib.FieldTheory.Finite.Extension,FieldTheory,0.3333,0.06,1.0,0.0,0.224,2
fieldext,field,Mathlib.Algebra.Field.Subfield.Basic,Algebra,0.1667,0.1556,1.0,0.0,0.2122,3
fieldext,field,Mathlib.Algebra.Field.Subfield.Defs,Algebra,0.1667,0.1519,1.0,0.0,0.2108,4
fieldext,field,Mathlib.Algebra.Order.Field.Subfield,Algebra,0.1667,0.1476,1.0,0.0,0.2091,5
fieldext,field,Mathlib.FieldTheory.KummerExtension,FieldTheory,0.2857,0.0422,1.0,0.0,0.2026,6
fieldext,field,Mathlib.FieldTheory.Minpoly.Field,FieldTheory,0.1667,0.0832,1.0,0.0909,0.2014,7
fieldext,field,Mathlib.FieldTheory.Minpoly.IsConjRoot,FieldTheory,0.1,0.0728,1.0,0.2,0.1991,8
fieldext,field,Mathlib.Algebra.Algebra.Field,Algebra,0.25,0.0445,1.0,0.0,0.1928,9
fieldext,field,Mathlib.FieldTheory.Normal.Basic,FieldTheory,0.1429,0.0466,1.0,0.125,0.1865,10
galois,field,Mathlib.FieldTheory.Finite.GaloisField,FieldTheory,0.2857,0.3099,1.0,0.0,0.3097,1
galois,field,Mathlib.FieldTheory.Galois.Basic,FieldTheory,0.3333,0.2679,1.0,0.0,0.3072,2
galois,field,Mathlib.FieldTheory.Extension,FieldTheory,0.4,0.208,1.0,0.0,0.3032,3
galois,field,Mathlib.FieldTheory.SplittingField.IsSplittingField,FieldTheory,0.1111,0.4243,1.0,0.0,0.3031,4
galois,field,Mathlib.FieldTheory.Galois.Abelian,FieldTheory,0.3333,0.2543,1.0,0.0,0.3017,5
galois,field,Mathlib.FieldTheory.Galois.Notation,FieldTheory,0.3333,0.2516,1.0,0.0,0.3007,6
galois,field,Mathlib.FieldTheory.Galois.Infinite,FieldTheory,0.3333,0.2489,1.0,0.0,0.2996,7
galois,field,Mathlib.FieldTheory.Galois.Profinite,FieldTheory,0.3333,0.2481,1.0,0.0,0.2992,8
galois,field,Mathlib.FieldTheory.Galois.NormalBasis,FieldTheory,0.25,0.2831,1.0,0.0,0.2883,9
galois,field,Mathlib.FieldTheory.SplittingField.Construction,FieldTheory,0.125,0.3679,1.0,0.0,0.2847,10
finfield,field,Mathlib.FieldTheory.Finite.Valuation,FieldTheory,0.3333,0.0336,1.0,0.0,0.2134,1
finfield,field,Mathlib.FieldTheory.Finite.Trace,FieldTheory,0.3333,0.033,1.0,0.0,0.2132,2
finfield,field,Mathlib.FieldTheory.Finite.Basic,FieldTheory,0.3333,0.0306,1.0,0.0,0.2122,3
finfield,field,Mathlib.FieldTheory.Finite.Polynomial,FieldTheory,0.3333,0.0296,1.0,0.0,0.2118,4
finfield,field,Mathlib.FieldTheory.Finite.Extension,FieldTheory,0.3333,0.0288,1.0,0.0,0.2115,5
finfield,field,Mathlib.FieldTheory.Finite.GaloisField,FieldTheory,0.2857,0.0383,1.0,0.0,0.201,6
finfield,field,Mathlib.Algebra.Order.Field.Canonical,Algebra,0.1667,0.1274,1.0,0.0,0.201,7
finfield,field,Mathlib.Algebra.Algebra.Field,Algebra,0.25,0.0225,1.0,0.0,0.184,8
finfield,field,Mathlib.NumberTheory.NumberField.FinitePlaces,NumberTheory,0.2222,0.0228,1.0,0.0,0.1758,9
finfield,field,Mathlib.Algebra.Field.Opposite,Algebra,0.2,0.023,1.0,0.0,0.1692,10
all_ssreflect,ssreflect,Mathlib.Data.Bool.AllAny,Data,0.125,0.1906,1.0,0.0,0.2137,1
all_ssreflect,ssreflect,Mathlib.Tactic,Tactic,0.25,0.0,1.0,0.0,0.175,2
all_ssreflect,ssreflect,Mathlib.Tactic.Order.CollectFacts,Tactic,0.125,0.0,1.0,0.1429,0.1661,3
all_ssreflect,ssreflect,Mathlib.Tactic.Use,Tactic,0.2,0.0,1.0,0.0,0.16,4
all_ssreflect,ssreflect,Mathlib.Tactic.Subsingleton,Tactic,0.2,0.0,1.0,0.0,0.16,5
all_ssreflect,ssreflect,Mathlib.Tactic.Common,Tactic,0.2,0.0,1.0,0.0,0.16,6
all_ssreflect,ssreflect,Mathlib.Tactic.TFAE,Tactic,0.2,0.0,1.0,0.0,0.16,7
all_ssreflect,ssreflect,Mathlib.Tactic.Spread,Tactic,0.2,0.0,1.0,0.0,0.16,8
all_ssreflect,ssreflect,Mathlib.Tactic.Variable,Tactic,0.2,0.0,1.0,0.0,0.16,9
all_ssreflect,ssreflect,Mathlib.Tactic.Field,Tactic,0.2,0.0,1.0,0.0,0.16,10
all,all,Mathlib.Data.Bool.AllAny,Data,0.2,0.2498,0.0,0.0,0.1599,1
all,all,Mathlib.Util.GetAllModules,Util,0.2,0.2344,0.0,0.0,0.1538,2
all,all,Mathlib.Algebra.Lie.Character,Algebra,0.0,0.0,0.0,0.125,0.025,3
all,all,Mathlib.Data.List.Intervals,Data,0.0,0.0,0.0,0.1111,0.0222,4
all,all,Mathlib.Algebra.Algebra.IsSimpleRing,Algebra,0.0,0.0,0.0,0.1111,0.0222,5
all,all,Mathlib.Algebra.Lie.BaseChange,Algebra,0.0,0.0,0.0,0.1111,0.0222,6
all,all,Mathlib.Algebra.Lie.Semisimple.Defs,Algebra,0.0,0.0,0.0,0.1111,0.0222,7
all,all,Mathlib.Algebra.Polynomial.DenomsClearable,Algebra,0.0,0.0,0.0,0.1111,0.0222,8
all,all,Mathlib.NumberTheory.ClassNumber.AdmissibleAbs,NumberTheory,0.0,0.0,0.0,0.1,0.02,9
all,all,Mathlib.GroupTheory.Perm.Subgroup,GroupTheory,0.0,0.0,0.0,0.1,0.02,10
vcharacter,character,Mathlib.RepresentationTheory.Character,RepresentationTheory,0.1667,0.0907,1.0,0.0,0.1863,1
vcharacter,character,Mathlib.GroupTheory.IndexNormal,GroupTheory,0.0,0.1375,1.0,0.0,0.155,2
vcharacter,character,Mathlib.GroupTheory.FiniteIndexNormalSubgroup,GroupTheory,0.0,0.1093,1.0,0.0,0.1437,3
vcharacter,character,Mathlib.GroupTheory.GroupExtension.Basic,GroupTheory,0.0,0.0042,1.0,0.2,0.1417,4
vcharacter,character,Mathlib.GroupTheory.FreeGroup.CyclicallyReduced,GroupTheory,0.0,0.0017,1.0,0.2,0.1407,5
vcharacter,character,Mathlib.GroupTheory.Index,GroupTheory,0.0,0.0872,1.0,0.0,0.1349,6
vcharacter,character,Mathlib.RepresentationTheory.Invariants,RepresentationTheory,0.0,0.0019,1.0,0.1667,0.1341,7
vcharacter,character,Mathlib.GroupTheory.Coxeter.Inversion,GroupTheory,0.0,0.0018,1.0,0.1667,0.1341,8
vcharacter,character,Mathlib.RepresentationTheory.FiniteIndex,RepresentationTheory,0.0,0.0658,1.0,0.0,0.1263,9
vcharacter,character,Mathlib.GroupTheory.GroupAction.SubMulAction.OfFixingSubgroup,GroupTheory,0.0,0.0011,1.0,0.125,0.1254,10
integral_char,character,Mathlib.RepresentationTheory.FinGroupCharZero,RepresentationTheory,0.1,0.0301,1.0,0.125,0.1671,1
integral_char,character,Mathlib.RepresentationTheory.Character,RepresentationTheory,0.1667,0.0348,1.0,0.0,0.1639,2
integral_char,character,Mathlib.GroupTheory.ClassEquation,GroupTheory,0.0,0.1249,1.0,0.0,0.15,3
integral_char,character,Mathlib.RepresentationTheory.Invariants,RepresentationTheory,0.0,0.0,1.0,0.2,0.14,4
integral_char,character,Mathlib.GroupTheory.GroupAction.Ring,GroupTheory,0.0,0.0574,1.0,0.0,0.123,5
integral_char,character,Mathlib.GroupTheory.PGroup,GroupTheory,0.0,0.0487,1.0,0.0,0.1195,6
integral_char,character,Mathlib.GroupTheory.PresentedGroup,GroupTheory,0.0,0.0453,1.0,0.0,0.1181,7
integral_char,character,Mathlib.GroupTheory.GroupAction.Period,GroupTheory,0.0,0.0441,1.0,0.0,0.1176,8
integral_char,character,Mathlib.GroupTheory.GroupAction.Iwasawa,GroupTheory,0.0,0.0441,1.0,0.0,0.1176,9
integral_char,character,Mathlib.GroupTheory.GroupAction.Blocks,GroupTheory,0.0,0.0441,1.0,0.0,0.1176,10
mxrepresentation,character,Mathlib.RepresentationTheory.Invariants,RepresentationTheory,0.1667,0.3042,1.0,0.1111,0.2939,1
mxrepresentation,character,Mathlib.RepresentationTheory.Subrepresentation,RepresentationTheory,0.1667,0.356,1.0,0.0,0.2924,2
mxrepresentation,character,Mathlib.RepresentationTheory.Intertwining,RepresentationTheory,0.1667,0.356,1.0,0.0,0.2924,3
mxrepresentation,character,Mathlib.RepresentationTheory.Coinvariants,RepresentationTheory,0.1667,0.356,1.0,0.0,0.2924,4
mxrepresentation,character,Mathlib.RepresentationTheory.Coinduced,RepresentationTheory,0.1667,0.356,1.0,0.0,0.2924,5
mxrepresentation,character,Mathlib.RepresentationTheory.Irreducible,RepresentationTheory,0.1667,0.3523,1.0,0.0,0.2909,6
mxrepresentation,character,Mathlib.RepresentationTheory.Semisimple,RepresentationTheory,0.1667,0.3419,1.0,0.0,0.2868,7
mxrepresentation,character,Mathlib.RepresentationTheory.AlgebraRepresentation.Basic,RepresentationTheory,0.125,0.3707,1.0,0.0,0.2858,8
mxrepresentation,character,Mathlib.RepresentationTheory.Submodule,RepresentationTheory,0.1667,0.3236,1.0,0.0,0.2795,9
mxrepresentation,character,Mathlib.RepresentationTheory.Maschke,RepresentationTheory,0.1667,0.3219,1.0,0.0,0.2788,10
inertia,character,Mathlib.GroupTheory.GroupExtension.Basic,GroupTheory,0.125,0.0157,1.0,0.25,0.1938,1
inertia,character,Mathlib.GroupTheory.Coxeter.Inversion,GroupTheory,0.1429,0.011,1.0,0.2,0.1873,2
inertia,character,Mathlib.GroupTheory.FreeGroup.CyclicallyReduced,GroupTheory,0.1,0.0168,1.0,0.25,0.1867,3
inertia,character,Mathlib.GroupTheory.Index,GroupTheory,0.1667,0.0488,1.0,0.0,0.1695,4
inertia,character,Mathlib.GroupTheory.Perm.Cycle.Factors,GroupTheory,0.125,0.01,1.0,0.125,0.1665,5
inertia,character,Mathlib.GroupTheory.GroupAction.SubMulAction.OfFixingSubgroup,GroupTheory,0.0714,0.0271,1.0,0.1429,0.1608,6
inertia,character,Mathlib.GroupTheory.PGroup,GroupTheory,0.1667,0.022,1.0,0.0,0.1588,7
inertia,character,Mathlib.GroupTheory.Commensurable,GroupTheory,0.1667,0.0193,1.0,0.0,0.1577,8
inertia,character,Mathlib.RepresentationTheory.FinGroupCharZero,RepresentationTheory,0.1,0.0056,1.0,0.125,0.1572,9
inertia,character,Mathlib.GroupTheory.Rank,GroupTheory,0.1667,0.016,1.0,0.0,0.1564,10
character,character,Mathlib.RepresentationTheory.Character,RepresentationTheory,0.5,0.1879,1.0,0.0,0.3251,1
character,character,Mathlib.RepresentationTheory.Irreducible,RepresentationTheory,0.2,0.1253,1.0,0.0,0.2101,2
character,character,Mathlib.RepresentationTheory.FiniteIndex,RepresentationTheory,0.1429,0.1269,1.0,0.0,0.1936,3
character,character,Mathlib.RepresentationTheory.Coinduced,RepresentationTheory,0.2,0.0714,1.0,0.0,0.1885,4
character,character,Mathlib.RepresentationTheory.Intertwining,RepresentationTheory,0.2,0.0714,1.0,0.0,0.1885,5
character,character,Mathlib.RepresentationTheory.Subrepresentation,RepresentationTheory,0.2,0.0714,1.0,0.0,0.1885,6
character,character,Mathlib.RepresentationTheory.Coinvariants,RepresentationTheory,0.2,0.0714,1.0,0.0,0.1885,7
character,character,Mathlib.RepresentationTheory.Submodule,RepresentationTheory,0.2,0.0649,1.0,0.0,0.1859,8
character,character,Mathlib.RepresentationTheory.Semisimple,RepresentationTheory,0.2,0.0627,1.0,0.0,0.1851,9
character,character,Mathlib.RepresentationTheory.Invariants,RepresentationTheory,0.2,0.061,1.0,0.0,0.1844,10
classfun,character,Mathlib.GroupTheory.ClassEquation,GroupTheory,0.125,0.051,1.0,0.0,0.1579,1
classfun,character,Mathlib.RepresentationTheory.Invariants,RepresentationTheory,0.0,0.001,1.0,0.2,0.1404,2
classfun,character,Mathlib.RepresentationTheory.FinGroupCharZero,RepresentationTheory,0.0,0.005,1.0,0.125,0.127,3
classfun,character,Mathlib.GroupTheory.Perm.Support,GroupTheory,0.0,0.0191,1.0,0.0,0.1077,4
classfun,character,Mathlib.GroupTheory.GroupAction.Support,GroupTheory,0.0,0.0187,1.0,0.0,0.1075,5
classfun,character,Mathlib.GroupTheory.Perm.Cycle.Type,GroupTheory,0.0,0.012,1.0,0.0,0.1048,6
classfun,character,Mathlib.RepresentationTheory.Character,RepresentationTheory,0.0,0.0089,1.0,0.0,0.1036,7
classfun,character,Mathlib.GroupTheory.Perm.Finite,GroupTheory,0.0,0.0081,1.0,0.0,0.1032,8
classfun,character,Mathlib.GroupTheory.DedekindFinite,GroupTheory,0.0,0.0079,1.0,0.0,0.1032,9
classfun,character,Mathlib.GroupTheory.FiniteAbelian.Basic,GroupTheory,0.0,0.0078,1.0,0.0,0.1031,10
mxabelem,character,Mathlib.RepresentationTheory.Invariants,RepresentationTheory,0.0,0.1228,1.0,0.1667,0.1825,1
mxabelem,character,Mathlib.RepresentationTheory.FinGroupCharZero,RepresentationTheory,0.0,0.1015,1.0,0.1111,0.1628,2
mxabelem,character,Mathlib.GroupTheory.FreeAbelianGroup,GroupTheory,0.1111,0.0645,1.0,0.0,0.1591,3
mxabelem,character,Mathlib.RepresentationTheory.AlgebraRepresentation.Basic,RepresentationTheory,0.0,0.1478,1.0,0.0,0.1591,4
mxabelem,character,Mathlib.GroupTheory.Coxeter.Matrix,GroupTheory,0.125,0.0521,1.0,0.0,0.1583,5
mxabelem,character,Mathlib.GroupTheory.FiniteAbelian.Basic,GroupTheory,0.1,0.0707,1.0,0.0,0.1583,6
mxabelem,character,Mathlib.GroupTheory.FiniteAbelian.Duality,GroupTheory,0.1,0.0706,1.0,0.0,0.1583,7
mxabelem,character,Mathlib.RepresentationTheory.Coinduced,RepresentationTheory,0.0,0.1437,1.0,0.0,0.1575,8
mxabelem,character,Mathlib.RepresentationTheory.Coinvariants,RepresentationTheory,0.0,0.1437,1.0,0.0,0.1575,9
mxabelem,character,Mathlib.RepresentationTheory.Subrepresentation,RepresentationTheory,0.0,0.1437,1.0,0.0,0.1575,10
all_character,character,Mathlib.RepresentationTheory.Character,RepresentationTheory,0.4,0.2583,1.0,0.0,0.3233,1
all_character,character,Mathlib.Algebra.Lie.Character,Algebra,0.2,0.3496,0.0,0.0,0.1999,2
all_character,character,Mathlib.Algebra.Module.CharacterModule,Algebra,0.1667,0.2534,0.0,0.0,0.1514,3
all_character,character,Mathlib.RepresentationTheory.Rep,RepresentationTheory,0.1667,0.0,1.0,0.0,0.15,4
all_character,character,Mathlib.RepresentationTheory.Tannaka,RepresentationTheory,0.1667,0.0,1.0,0.0,0.15,5
all_character,character,Mathlib.RepresentationTheory.Subrepresentation,RepresentationTheory,0.1667,0.0,1.0,0.0,0.15,6
all_character,character,Mathlib.RepresentationTheory.Coinduced,RepresentationTheory,0.1667,0.0,1.0,0.0,0.15,7
all_character,character,Mathlib.RepresentationTheory.Submodule,RepresentationTheory,0.1667,0.0,1.0,0.0,0.15,8
all_character,character,Mathlib.RepresentationTheory.Semisimple,RepresentationTheory,0.1667,0.0,1.0,0.0,0.15,9
all_character,character,Mathlib.RepresentationTheory.Maschke,RepresentationTheory,0.1667,0.0,1.0,0.0,0.15,10
intdiv,algebra,Mathlib.Algebra.MonoidAlgebra.Division,Algebra,0.1429,0.0566,1.0,0.1429,0.1941,1
intdiv,algebra,Mathlib.RingTheory.Localization.Integer,RingTheory,0.125,0.0709,1.0,0.0,0.1659,2
intdiv,algebra,Mathlib.LinearAlgebra.Matrix.Integer,LinearAlgebra,0.125,0.0673,1.0,0.0,0.1644,3
intdiv,algebra,Mathlib.Algebra.Divisibility.Finite,Algebra,0.1667,0.0323,1.0,0.0,0.1629,4
intdiv,algebra,Mathlib.Algebra.Divisibility.Hom,Algebra,0.1667,0.0322,1.0,0.0,0.1629,5
intdiv,algebra,Mathlib.Algebra.Divisibility.Prod,Algebra,0.1667,0.0317,1.0,0.0,0.1627,6
intdiv,algebra,Mathlib.Algebra.Divisibility.Units,Algebra,0.1667,0.0311,1.0,0.0,0.1624,7
intdiv,algebra,Mathlib.Algebra.Polynomial.RingDivision,Algebra,0.125,0.0603,1.0,0.0,0.1616,8
intdiv,algebra,Mathlib.Algebra.Divisibility.Basic,Algebra,0.1667,0.0278,1.0,0.0,0.1611,9
intdiv,algebra,Mathlib.RingTheory.Ideal.Quotient.ChineseRemainder,RingTheory,0.0,0.1513,1.0,0.0,0.1605,10
matrix,algebra,Mathlib.LinearAlgebra.Matrix.RowCol,LinearAlgebra,0.375,0.433,1.0,0.0,0.3857,1
matrix,algebra,Mathlib.LinearAlgebra.Matrix.Determinant.Basic,LinearAlgebra,0.6667,0.1636,1.0,0.0,0.3655,2
matrix,algebra,Mathlib.LinearAlgebra.Matrix.Determinant.Misc,LinearAlgebra,0.6667,0.1433,1.0,0.0,0.3573,3
matrix,algebra,Mathlib.LinearAlgebra.Matrix.Diagonal,LinearAlgebra,0.5,0.1387,1.0,0.125,0.3305,4
matrix,algebra,Mathlib.LinearAlgebra.Matrix.Adjugate,LinearAlgebra,0.5,0.1979,1.0,0.0,0.3291,5
matrix,algebra,Mathlib.LinearAlgebra.Matrix.Permanent,LinearAlgebra,0.5,0.1979,1.0,0.0,0.3291,6
matrix,algebra,Mathlib.LinearAlgebra.Matrix.Gershgorin,LinearAlgebra,0.5,0.1979,1.0,0.0,0.3291,7
matrix,algebra,Mathlib.LinearAlgebra.Matrix.Kronecker,LinearAlgebra,0.5,0.1979,1.0,0.0,0.3291,8
matrix,algebra,Mathlib.LinearAlgebra.Matrix.Trace,LinearAlgebra,0.5,0.19,1.0,0.0,0.326,9
matrix,algebra,Mathlib.LinearAlgebra.Matrix.Ideal,LinearAlgebra,0.5,0.181,1.0,0.0,0.3224,10
mxred,algebra,Mathlib.LinearAlgebra.Matrix.BaseChange,LinearAlgebra,0.1,0.424,1.0,0.0,0.2996,1
mxred,algebra,Mathlib.Algebra.Lie.BaseChange,Algebra,0.0,0.3645,1.0,0.0,0.2458,2
mxred,algebra,Mathlib.RingTheory.Localization.BaseChange,RingTheory,0.0,0.3373,1.0,0.0,0.2349,3
mxred,algebra,Mathlib.LinearAlgebra.Matrix.Adjugate,LinearAlgebra,0.125,0.1572,1.0,0.125,0.2254,4
mxred,algebra,Mathlib.LinearAlgebra.Dual.BaseChange,LinearAlgebra,0.0,0.2959,1.0,0.0,0.2183,5
mxred,algebra,Mathlib.Algebra.Lie.Matrix,Algebra,0.1667,0.1683,1.0,0.0,0.2173,6
mxred,algebra,Mathlib.LinearAlgebra.Charpoly.BaseChange,LinearAlgebra,0.0,0.2862,1.0,0.0,0.2145,7
mxred,algebra,Mathlib.LinearAlgebra.CliffordAlgebra.BaseChange,LinearAlgebra,0.0,0.2687,1.0,0.0,0.2075,8
mxred,algebra,Mathlib.Algebra.Central.Matrix,Algebra,0.1667,0.1422,1.0,0.0,0.2069,9
mxred,algebra,Mathlib.RingTheory.Adjoin.FGBaseChange,RingTheory,0.0,0.2637,1.0,0.0,0.2055,10
polyXY,algebra,Mathlib.Algebra.Polynomial.Bivariate,Algebra,0.3333,0.4333,1.0,0.0,0.3733,1
polyXY,algebra,Mathlib.Algebra.Polynomial.Roots,Algebra,0.1429,0.3129,1.0,0.0,0.268,2
polyXY,algebra,Mathlib.RingTheory.Polynomial.HilbertPoly,RingTheory,0.2,0.2314,1.0,0.0,0.2526,3
polyXY,algebra,Mathlib.RingTheory.Polynomial.ScaleRoots,RingTheory,0.0909,0.2643,1.0,0.0,0.233,4
polyXY,algebra,Mathlib.Algebra.Polynomial.DenomsClearable,Algebra,0.1111,0.1045,1.0,0.2,0.2151,5
polyXY,algebra,Mathlib.RingTheory.Polynomial.Cyclotomic.Roots,RingTheory,0.1,0.2053,1.0,0.0,0.2121,6
polyXY,algebra,Mathlib.Algebra.Polynomial.PartialFractions,Algebra,0.1111,0.0993,1.0,0.1667,0.2064,7
polyXY,algebra,Mathlib.Algebra.Polynomial.Smeval,Algebra,0.1429,0.1498,1.0,0.0,0.2028,8
polyXY,algebra,Mathlib.Algebra.Polynomial.Lifts,Algebra,0.1429,0.1498,1.0,0.0,0.2028,9
polyXY,algebra,Mathlib.Algebra.Polynomial.Homogenize,Algebra,0.1429,0.1498,1.0,0.0,0.2028,10
num_theory/numfield,algebra,Mathlib.NumberTheory.NumberField.House,NumberTheory,0.375,0.1154,1.0,0.0,0.2587,1
num_theory/numfield,algebra,Mathlib.NumberTheory.NumberField.Norm,NumberTheory,0.375,0.1095,1.0,0.0,0.2563,2
num_theory/numfield,algebra,Mathlib.NumberTheory.NumberField.Completion,NumberTheory,0.375,0.1076,1.0,0.0,0.2555,3
num_theory/numfield,algebra,Mathlib.NumberTheory.NumberField.Basic,NumberTheory,0.375,0.1018,1.0,0.0,0.2532,4
num_theory/numfield,algebra,Mathlib.NumberTheory.Height.NumberField,NumberTheory,0.375,0.0983,1.0,0.0,0.2518,5
num_theory/numfield,algebra,Mathlib.NumberTheory.NumberField.ClassNumber,NumberTheory,0.3333,0.1152,1.0,0.0,0.2461,6
num_theory/numfield,algebra,Mathlib.NumberTheory.FunctionField,NumberTheory,0.375,0.0764,1.0,0.0,0.243,7
num_theory/numfield,algebra,Mathlib.NumberTheory.NumberField.CMField,NumberTheory,0.3333,0.1023,1.0,0.0,0.2409,8
num_theory/numfield,algebra,Mathlib.NumberTheory.NumberField.Units.Regulator,NumberTheory,0.3333,0.0981,1.0,0.0,0.2392,9
num_theory/numfield,algebra,Mathlib.NumberTheory.NumberField.Cyclotomic.Ideal,NumberTheory,0.3333,0.0949,1.0,0.0,0.2379,10
num_theory/ssrnum,algebra,Mathlib.NumberTheory.Cyclotomic.Rat,NumberTheory,0.3333,0.0676,1.0,0.0,0.227,1
num_theory/ssrnum,algebra,Mathlib.NumberTheory.Harmonic.Int,NumberTheory,0.3333,0.0662,1.0,0.0,0.2265,2
num_theory/ssrnum,algebra,Mathlib.RingTheory.Localization.NumDen,RingTheory,0.1667,0.1459,1.0,0.0,0.2084,3
num_theory/ssrnum,algebra,Mathlib.NumberTheory.Dioph,NumberTheory,0.2222,0.1027,1.0,0.0,0.2078,4
num_theory/ssrnum,algebra,Mathlib.NumberTheory.Niven,NumberTheory,0.2222,0.1027,1.0,0.0,0.2078,5
num_theory/ssrnum,algebra,Mathlib.NumberTheory.Ostrowski,NumberTheory,0.2222,0.1027,1.0,0.0,0.2078,6
num_theory/ssrnum,algebra,Mathlib.NumberTheory.Primorial,NumberTheory,0.2222,0.1027,1.0,0.0,0.2078,7
num_theory/ssrnum,algebra,Mathlib.NumberTheory.Bertrand,NumberTheory,0.2222,0.1027,1.0,0.0,0.2078,8
num_theory/ssrnum,algebra,Mathlib.NumberTheory.Wilson,NumberTheory,0.2222,0.1027,1.0,0.0,0.2078,9
num_theory/ssrnum,algebra,Mathlib.NumberTheory.Zsqrtd.GaussianInt,NumberTheory,0.2727,0.0586,1.0,0.0,0.2053,10
ssralg,algebra,Mathlib.Algebra.Ring.Action.Field,Algebra,0.4286,0.0468,1.0,0.0,0.2473,1
ssralg,algebra,Mathlib.Algebra.Module.RingHom,Algebra,0.375,0.0415,1.0,0.0,0.2291,2
ssralg,algebra,Mathlib.Algebra.Order.Module.Field,Algebra,0.4286,0.0,1.0,0.0,0.2286,3
ssralg,algebra,Mathlib.Algebra.Module.Torsion.Field,Algebra,0.4286,0.0,1.0,0.0,0.2286,4
ssralg,algebra,Mathlib.Algebra.Ring.Action.End,Algebra,0.25,0.0374,1.0,0.1667,0.2233,5
ssralg,algebra,Mathlib.Algebra.Ring.BooleanRing,Algebra,0.25,0.0991,1.0,0.0,0.2146,6
ssralg,algebra,Mathlib.Algebra.Ring.Equiv,Algebra,0.2857,0.0459,1.0,0.0435,0.2128,7
ssralg,algebra,Mathlib.Algebra.Ring.Subgroup,Algebra,0.2857,0.064,1.0,0.0,0.2113,8
ssralg,algebra,Mathlib.RingTheory.HopfAlgebra.GroupLike,RingTheory,0.1538,0.1624,1.0,0.0,0.2111,9
ssralg,algebra,Mathlib.Algebra.Ring.Regular,Algebra,0.2857,0.0629,1.0,0.0,0.2109,10
mxpoly,algebra,Mathlib.LinearAlgebra.Matrix.Polynomial,LinearAlgebra,0.2857,0.1067,1.0,0.0,0.2284,1
mxpoly,algebra,Mathlib.Algebra.Polynomial.Eval.Degree,Algebra,0.1429,0.1764,1.0,0.0,0.2134,2
mxpoly,algebra,Mathlib.LinearAlgebra.Matrix.MvPolynomial,LinearAlgebra,0.2222,0.1078,1.0,0.0,0.2098,3
mxpoly,algebra,Mathlib.Algebra.Polynomial.Degree.IsMonicOfDegree,Algebra,0.1,0.1894,1.0,0.0,0.2058,4
mxpoly,algebra,Mathlib.Algebra.Polynomial.Monic,Algebra,0.1667,0.1321,1.0,0.0,0.2028,5
mxpoly,algebra,Mathlib.RingTheory.MatrixPolynomialAlgebra,RingTheory,0.2222,0.0894,1.0,0.0,0.2024,6
mxpoly,algebra,Mathlib.Algebra.Polynomial.Degree.Support,Algebra,0.1429,0.1458,1.0,0.0,0.2012,7
mxpoly,algebra,Mathlib.Algebra.Polynomial.Degree.TrailingDegree,Algebra,0.125,0.155,1.0,0.0,0.1995,8
mxpoly,algebra,Mathlib.RingTheory.Polynomial.HilbertPoly,RingTheory,0.1,0.1735,1.0,0.0,0.1994,9
mxpoly,algebra,Mathlib.Algebra.Polynomial.Degree.Defs,Algebra,0.1429,0.1411,1.0,0.0,0.1993,10
interval_inference,algebra,Mathlib.Algebra.Order.Ring.Interval,Algebra,0.3333,0.1902,1.0,0.0,0.2761,1
interval_inference,algebra,Mathlib.Algebra.Order.Interval.Basic,Algebra,0.3333,0.1586,1.0,0.0,0.2634,2
interval_inference,algebra,Mathlib.Algebra.Order.Interval.Set.Instances,Algebra,0.2857,0.1884,1.0,0.0,0.2611,3
interval_inference,algebra,Mathlib.Algebra.Order.Interval.Multiset,Algebra,0.3333,0.1467,1.0,0.0,0.2587,4
interval_inference,algebra,Mathlib.Algebra.Order.Interval.Set.Monoid,Algebra,0.2857,0.1564,1.0,0.0,0.2483,5
interval_inference,algebra,Mathlib.Algebra.Order.Group.Pointwise.Interval,Algebra,0.2857,0.1539,1.0,0.0,0.2473,6
interval_inference,algebra,Mathlib.Algebra.Order.Interval.Set.Group,Algebra,0.2857,0.1385,1.0,0.0,0.2411,7
interval_inference,algebra,Mathlib.Algebra.Order.Interval.Finset.Basic,Algebra,0.2857,0.1368,1.0,0.0,0.2404,8
interval_inference,algebra,Mathlib.Algebra.Order.ToIntervalMod,Algebra,0.25,0.1472,1.0,0.0,0.2339,9
interval_inference,algebra,Mathlib.Algebra.Order.Interval.Set.SuccPred,Algebra,0.2222,0.1178,1.0,0.0,0.2138,10
num_theory/numdomain,algebra,Mathlib.NumberTheory.Bertrand,NumberTheory,0.2857,0.1226,1.0,0.0,0.2347,1
num_theory/numdomain,algebra,Mathlib.NumberTheory.Niven,NumberTheory,0.2857,0.1226,1.0,0.0,0.2347,2
num_theory/numdomain,algebra,Mathlib.NumberTheory.Wilson,NumberTheory,0.2857,0.1226,1.0,0.0,0.2347,3
num_theory/numdomain,algebra,Mathlib.NumberTheory.Primorial,NumberTheory,0.2857,0.1226,1.0,0.0,0.2347,4
num_theory/numdomain,algebra,Mathlib.NumberTheory.Ostrowski,NumberTheory,0.2857,0.1226,1.0,0.0,0.2347,5
num_theory/numdomain,algebra,Mathlib.NumberTheory.Dioph,NumberTheory,0.2857,0.1226,1.0,0.0,0.2347,6
num_theory/numdomain,algebra,Mathlib.NumberTheory.ClassNumber.FunctionField,NumberTheory,0.1818,0.0888,1.0,0.2,0.2301,7
num_theory/numdomain,algebra,Mathlib.NumberTheory.Divisors,NumberTheory,0.2857,0.1015,1.0,0.0,0.2263,8
num_theory/numdomain,algebra,Mathlib.NumberTheory.Chebyshev,NumberTheory,0.2857,0.0986,1.0,0.0,0.2251,9
num_theory/numdomain,algebra,Mathlib.NumberTheory.Rayleigh,NumberTheory,0.2857,0.0931,1.0,0.0,0.223,10
num_theory/orderedzmod,algebra,Mathlib.RingTheory.Localization.NumDen,RingTheory,0.2,0.1221,1.0,0.0,0.2088,1
num_theory/orderedzmod,algebra,Mathlib.NumberTheory.LSeries.ZMod,NumberTheory,0.2,0.0857,1.0,0.0,0.1943,2
num_theory/orderedzmod,algebra,Mathlib.NumberTheory.Primorial,NumberTheory,0.125,0.1226,1.0,0.0,0.1865,3
num_theory/orderedzmod,algebra,Mathlib.NumberTheory.Bertrand,NumberTheory,0.125,0.1226,1.0,0.0,0.1865,4
num_theory/orderedzmod,algebra,Mathlib.NumberTheory.Dioph,NumberTheory,0.125,0.1226,1.0,0.0,0.1865,5
num_theory/orderedzmod,algebra,Mathlib.NumberTheory.Ostrowski,NumberTheory,0.125,0.1226,1.0,0.0,0.1865,6
num_theory/orderedzmod,algebra,Mathlib.NumberTheory.Wilson,NumberTheory,0.125,0.1226,1.0,0.0,0.1865,7
num_theory/orderedzmod,algebra,Mathlib.NumberTheory.Niven,NumberTheory,0.125,0.1226,1.0,0.0,0.1865,8
num_theory/orderedzmod,algebra,Mathlib.RingTheory.ZMod,RingTheory,0.25,0.0176,1.0,0.0,0.182,9
num_theory/orderedzmod,algebra,Mathlib.NumberTheory.SelbergSieve,NumberTheory,0.1,0.1226,1.0,0.0,0.179,10
ring_quotient,algebra,Mathlib.RingTheory.Polynomial.Quotient,RingTheory,0.2857,0.2817,1.0,0.0,0.2984,1
ring_quotient,algebra,Mathlib.RingTheory.Valuation.Quotient,RingTheory,0.2857,0.2583,1.0,0.0,0.289,2
ring_quotient,algebra,Mathlib.RingTheory.Ideal.Quotient.Operations,RingTheory,0.25,0.2669,1.0,0.0357,0.2889,3
ring_quotient,algebra,Mathlib.RingTheory.Finiteness.Quotient,RingTheory,0.2857,0.2576,1.0,0.0,0.2888,4
ring_quotient,algebra,Mathlib.RingTheory.Trace.Quotient,RingTheory,0.2857,0.2383,1.0,0.0,0.281,5
ring_quotient,algebra,Mathlib.RingTheory.LocalRing.Quotient,RingTheory,0.25,0.2548,1.0,0.0,0.2769,6
ring_quotient,algebra,Mathlib.RingTheory.Ideal.Quotient.Index,RingTheory,0.25,0.2203,1.0,0.0,0.2631,7
ring_quotient,algebra,Mathlib.RingTheory.Ideal.Quotient.Nilpotent,RingTheory,0.25,0.2157,1.0,0.0,0.2613,8
ring_quotient,algebra,Mathlib.RingTheory.Ideal.Quotient.Noetherian,RingTheory,0.25,0.2157,1.0,0.0,0.2613,9
ring_quotient,algebra,Mathlib.RingTheory.Ideal.Quotient.Basic,RingTheory,0.25,0.2065,1.0,0.0,0.2576,10
zmodp,algebra,Mathlib.Algebra.Algebra.ZMod,Algebra,0.1667,0.0853,1.0,0.0,0.1841,1
zmodp,algebra,Mathlib.RingTheory.ZMod,RingTheory,0.125,0.1164,1.0,0.0,0.1841,2
zmodp,algebra,Mathlib.RingTheory.Prime,RingTheory,0.1429,0.0921,1.0,0.0,0.1797,3
zmodp,algebra,Mathlib.Algebra.Field.ZMod,Algebra,0.1429,0.0864,1.0,0.0,0.1774,4
zmodp,algebra,Mathlib.Algebra.Prime.Lemmas,Algebra,0.1667,0.0667,1.0,0.0,0.1767,5
zmodp,algebra,Mathlib.RingTheory.ZMod.UnitsCyclic,RingTheory,0.0909,0.122,1.0,0.0,0.1761,6
zmodp,algebra,Mathlib.Algebra.Module.ZMod,Algebra,0.1429,0.0811,1.0,0.0,0.1753,7
zmodp,algebra,Mathlib.RingTheory.Ideal.Prime,RingTheory,0.125,0.094,1.0,0.0,0.1751,8
zmodp,algebra,Mathlib.RingTheory.Valuation.Integers,RingTheory,0.0,0.1876,1.0,0.0,0.175,9
zmodp,algebra,Mathlib.RingTheory.ZMod.Torsion,RingTheory,0.1111,0.1017,1.0,0.0,0.174,10
vector,algebra,Mathlib.LinearAlgebra.AffineSpace.FiniteDimensional,LinearAlgebra,0.3,0.122,1.0,0.0,0.2388,1
vector,algebra,Mathlib.LinearAlgebra.Matrix.FiniteDimensional,LinearAlgebra,0.2222,0.1607,1.0,0.0,0.2309,2
vector,algebra,Mathlib.LinearAlgebra.Basis.VectorSpace,LinearAlgebra,0.2222,0.1458,1.0,0.0,0.225,3
vector,algebra,Mathlib.LinearAlgebra.FiniteDimensional.Basic,LinearAlgebra,0.2222,0.1361,1.0,0.0,0.2211,4
vector,algebra,Mathlib.LinearAlgebra.FiniteDimensional.Defs,LinearAlgebra,0.2222,0.1333,1.0,0.0,0.22,5
vector,algebra,Mathlib.LinearAlgebra.FiniteDimensional.Lemmas,LinearAlgebra,0.2222,0.1307,1.0,0.0,0.2189,6
vector,algebra,Mathlib.LinearAlgebra.Multilinear.FiniteDimensional,LinearAlgebra,0.2222,0.1284,1.0,0.0,0.218,7
vector,algebra,Mathlib.LinearAlgebra.Complex.FiniteDimensional,LinearAlgebra,0.2222,0.1175,1.0,0.0,0.2137,8
vector,algebra,Mathlib.Algebra.Polynomial.Module.FiniteDimensional,Algebra,0.25,0.0929,1.0,0.0,0.2122,9
vector,algebra,Mathlib.LinearAlgebra.Finsupp.VectorSpace,LinearAlgebra,0.2222,0.1063,1.0,0.0,0.2092,10
ssrint,algebra,Mathlib.Algebra.Module.NatInt,Algebra,0.125,0.2068,1.0,0.0,0.2202,1
ssrint,algebra,Mathlib.RingTheory.Valuation.Integers,RingTheory,0.0,0.2671,1.0,0.0,0.2068,2
ssrint,algebra,Mathlib.RingTheory.Ideal.NatInt,RingTheory,0.1,0.1898,1.0,0.0,0.2059,3
ssrint,algebra,Mathlib.Algebra.Group.Int.TypeTags,Algebra,0.1111,0.1677,1.0,0.0,0.2004,4
ssrint,algebra,Mathlib.NumberTheory.Zsqrtd.GaussianInt,NumberTheory,0.1,0.089,1.0,0.125,0.1906,5
ssrint,algebra,Mathlib.RingTheory.Int.Basic,RingTheory,0.125,0.1291,1.0,0.0,0.1891,6
ssrint,algebra,Mathlib.RingTheory.Ideal.Int,RingTheory,0.125,0.1269,1.0,0.0,0.1883,7
ssrint,algebra,Mathlib.Algebra.Order.Group.Int,Algebra,0.1429,0.1051,1.0,0.0,0.1849,8
ssrint,algebra,Mathlib.Algebra.Order.Ring.Int,Algebra,0.1429,0.1032,1.0,0.0,0.1841,9
ssrint,algebra,Mathlib.Algebra.Group.Int.Even,Algebra,0.1429,0.103,1.0,0.0,0.184,10
all_algebra,algebra,Mathlib.Algebra.Quandle,Algebra,0.3333,0.2223,1.0,0.0,0.2889,1
all_algebra,algebra,Mathlib.Algebra.Symmetrized,Algebra,0.3333,0.2223,1.0,0.0,0.2889,2
all_algebra,algebra,Mathlib.Algebra.Algebra.Epi,Algebra,0.3333,0.1487,1.0,0.0,0.2595,3
all_algebra,algebra,Mathlib.Algebra.Algebra.Equiv,Algebra,0.3333,0.1083,1.0,0.0625,0.2558,4
all_algebra,algebra,Mathlib.Algebra.Algebra.Operations,Algebra,0.3333,0.1356,1.0,0.0,0.2543,5
all_algebra,algebra,Mathlib.Algebra.Algebra.Basic,Algebra,0.3333,0.1299,1.0,0.0,0.252,6
all_algebra,algebra,Mathlib.Algebra.Algebra.Shrink,Algebra,0.3333,0.1283,1.0,0.0,0.2513,7
all_algebra,algebra,Mathlib.Algebra.Algebra.Field,Algebra,0.3333,0.1247,1.0,0.0,0.2499,8
all_algebra,algebra,Mathlib.Algebra.Order.Algebra,Algebra,0.3333,0.1229,1.0,0.0,0.2492,9
all_algebra,algebra,Mathlib.Algebra.Algebra.Defs,Algebra,0.3333,0.1185,1.0,0.0,0.2474,10
mxalgebra,algebra,Mathlib.LinearAlgebra.Matrix.RowCol,LinearAlgebra,0.3,0.412,1.0,0.0,0.3548,1
mxalgebra,algebra,Mathlib.LinearAlgebra.Matrix.Rank,LinearAlgebra,0.375,0.2242,1.0,0.0,0.3022,2
mxalgebra,algebra,Mathlib.Algebra.Lie.Rank,Algebra,0.2857,0.1646,1.0,0.0,0.2516,3
mxalgebra,algebra,Mathlib.Algebra.Algebra.Subalgebra.Rank,Algebra,0.2857,0.1367,1.0,0.0,0.2404,4
mxalgebra,algebra,Mathlib.LinearAlgebra.Matrix.Reindex,LinearAlgebra,0.2222,0.0837,1.0,0.1667,0.2335,5
mxalgebra,algebra,Mathlib.LinearAlgebra.Matrix.Polynomial,LinearAlgebra,0.2222,0.08,1.0,0.1667,0.232,6
mxalgebra,algebra,Mathlib.LinearAlgebra.Matrix.Adjugate,LinearAlgebra,0.2222,0.1036,1.0,0.1111,0.2303,7
mxalgebra,algebra,Mathlib.LinearAlgebra.AffineSpace.Matrix,LinearAlgebra,0.3,0.0992,1.0,0.0,0.2297,8
mxalgebra,algebra,Mathlib.LinearAlgebra.Matrix.SemiringInverse,LinearAlgebra,0.1818,0.1212,1.0,0.125,0.228,9
mxalgebra,algebra,Mathlib.LinearAlgebra.Matrix.MvPolynomial,LinearAlgebra,0.1818,0.0808,1.0,0.2,0.2269,10
spectral,algebra,Mathlib.Algebra.Homology.SpectralSequence.Basic,Algebra,0.1111,0.2379,1.0,0.0,0.2285,1
spectral,algebra,Mathlib.Algebra.Homology.HomotopyCategory.SpectralObject,Algebra,0.0909,0.2265,1.0,0.0,0.2179,2
spectral,algebra,Mathlib.Algebra.Homology.SpectralSequence.ComplexShape,Algebra,0.0909,0.2,1.0,0.0,0.2073,3
spectral,algebra,Mathlib.Topology.Spectral.Prespectral,Topology,0.1667,0.3535,0.0,0.0,0.1914,4
spectral,algebra,Mathlib.Topology.Spectral.Basic,Topology,0.1667,0.3321,0.0,0.0,0.1828,5
spectral,algebra,Mathlib.Topology.Spectral.Hom,Topology,0.1667,0.3127,0.0,0.0,0.1751,6
spectral,algebra,Mathlib.Analysis.InnerProductSpace.GramSchmidtOrtho,Analysis,0.1818,0.2777,0.0,0.0,0.1656,7
spectral,algebra,Mathlib.LinearAlgebra.Matrix.SchurComplement,LinearAlgebra,0.0,0.1455,1.0,0.0,0.1582,8
spectral,algebra,Mathlib.Algebra.DirectSum.Decomposition,Algebra,0.0,0.1209,1.0,0.0,0.1484,9
spectral,algebra,Mathlib.Algebra.Algebra.IsSimpleRing,Algebra,0.0,0.0,1.0,0.2,0.14,10
sesquilinear,algebra,Mathlib.LinearAlgebra.Matrix.SesquilinearForm,LinearAlgebra,0.25,0.2923,1.0,0.0,0.2919,1
sesquilinear,algebra,Mathlib.LinearAlgebra.SesquilinearForm,LinearAlgebra,0.2857,0.2395,1.0,0.0,0.2815,2
sesquilinear,algebra,Mathlib.LinearAlgebra.SesquilinearForm.Star,LinearAlgebra,0.25,0.2306,1.0,0.0,0.2672,3
sesquilinear,algebra,Mathlib.LinearAlgebra.SesquilinearForm.Basic,LinearAlgebra,0.25,0.2182,1.0,0.0,0.2623,4
sesquilinear,algebra,Mathlib.LinearAlgebra.Matrix.BilinearForm,LinearAlgebra,0.25,0.0439,1.0,0.0,0.1926,5
sesquilinear,algebra,Mathlib.LinearAlgebra.BilinearForm.Orthogonal,LinearAlgebra,0.25,0.0,1.0,0.0,0.175,6
sesquilinear,algebra,Mathlib.Algebra.Algebra.Bilinear,Algebra,0.25,0.0,1.0,0.0,0.175,7
sesquilinear,algebra,Mathlib.LinearAlgebra.BilinearForm.Basic,LinearAlgebra,0.25,0.0,1.0,0.0,0.175,8
sesquilinear,algebra,Mathlib.LinearAlgebra.BilinearForm.Hom,LinearAlgebra,0.25,0.0,1.0,0.0,0.175,9
sesquilinear,algebra,Mathlib.LinearAlgebra.BilinearForm.Properties,LinearAlgebra,0.25,0.0,1.0,0.0,0.175,10
finalg,algebra,Mathlib.Algebra.Group.PUnit,Algebra,0.1667,0.3933,1.0,0.0,0.3073,1
finalg,algebra,Mathlib.Algebra.Order.PUnit,Algebra,0.1667,0.3453,1.0,0.0,0.2881,2
finalg,algebra,Mathlib.Algebra.Divisibility.Finite,Algebra,0.5,0.0937,1.0,0.0,0.2875,3
finalg,algebra,Mathlib.Algebra.Group.Action.Pointwise.Set.Finite,Algebra,0.2857,0.1677,1.0,0.1667,0.2861,4
finalg,algebra,Mathlib.Algebra.Ring.PUnit,Algebra,0.1667,0.336,1.0,0.0,0.2844,5
finalg,algebra,Mathlib.Algebra.Module.PUnit,Algebra,0.1667,0.327,1.0,0.0,0.2808,6
finalg,algebra,Mathlib.Algebra.Group.Subgroup.Finite,Algebra,0.4,0.1324,1.0,0.0,0.273,7
finalg,algebra,Mathlib.Algebra.Group.Equiv.Finite,Algebra,0.4,0.1294,1.0,0.0,0.2718,8
finalg,algebra,Mathlib.Algebra.Group.Submonoid.Finite,Algebra,0.4,0.129,1.0,0.0,0.2716,9
finalg,algebra,Mathlib.Algebra.Module.Presentation.Finite,Algebra,0.4,0.0863,1.0,0.0,0.2545,10
rat,algebra,Mathlib.NumberTheory.Cyclotomic.Rat,NumberTheory,0.3333,0.3559,1.0,0.0,0.3424,1
rat,algebra,Mathlib.Algebra.Ring.Rat,Algebra,0.2,0.3986,1.0,0.0,0.3194,2
rat,algebra,Mathlib.Algebra.Star.Rat,Algebra,0.2,0.362,1.0,0.0,0.3048,3
rat,algebra,Mathlib.Algebra.Algebra.Rat,Algebra,0.25,0.3115,1.0,0.0,0.2996,4
rat,algebra,Mathlib.Algebra.Order.Ring.Rat,Algebra,0.1667,0.3554,1.0,0.0,0.2921,5
rat,algebra,Mathlib.RingTheory.Localization.Rat,RingTheory,0.1429,0.3586,1.0,0.0,0.2863,6
rat,algebra,Mathlib.Algebra.Field.Rat,Algebra,0.2,0.3078,1.0,0.0,0.2831,7
rat,algebra,Mathlib.Algebra.Module.Rat,Algebra,0.2,0.3063,1.0,0.0,0.2825,8
rat,algebra,Mathlib.Algebra.Ring.Action.Rat,Algebra,0.1667,0.3274,1.0,0.0,0.2809,9
rat,algebra,Mathlib.Algebra.Algebra.Hom.Rat,Algebra,0.2,0.2947,1.0,0.0,0.2779,10
polydiv,algebra,Mathlib.Algebra.Polynomial.FieldDivision,Algebra,0.2857,0.1791,1.0,0.0,0.2574,1
polydiv,algebra,Mathlib.Algebra.Polynomial.RingDivision,Algebra,0.2857,0.1755,1.0,0.0,0.2559,2
polydiv,algebra,Mathlib.Algebra.MvPolynomial.Division,Algebra,0.2857,0.159,1.0,0.0,0.2493,3
polydiv,algebra,Mathlib.Algebra.MonoidAlgebra.Division,Algebra,0.1429,0.1498,1.0,0.0,0.2028,4
polydiv,algebra,Mathlib.Algebra.EuclideanDomain.Defs,Algebra,0.125,0.0967,1.0,0.125,0.2012,5
polydiv,algebra,Mathlib.Algebra.EuclideanDomain.Field,Algebra,0.125,0.1299,1.0,0.0,0.1895,6
polydiv,algebra,Mathlib.RingTheory.EuclideanDomain,RingTheory,0.1111,0.1349,1.0,0.0,0.1873,7
polydiv,algebra,Mathlib.LinearAlgebra.Dimension.DivisionRing,LinearAlgebra,0.1,0.1334,1.0,0.0,0.1834,8
polydiv,algebra,Mathlib.Algebra.EuclideanDomain.Int,Algebra,0.125,0.1069,1.0,0.0,0.1803,9
polydiv,algebra,Mathlib.Algebra.EuclideanDomain.Basic,Algebra,0.125,0.1026,1.0,0.0,0.1785,10
interval,algebra,Mathlib.Algebra.Order.Ring.Interval,Algebra,0.5,0.248,1.0,0.0,0.3492,1
interval,algebra,Mathlib.Algebra.Order.Interval.Basic,Algebra,0.5,0.2068,1.0,0.0,0.3327,2
interval,algebra,Mathlib.Algebra.Order.Interval.Multiset,Algebra,0.5,0.1912,1.0,0.0,0.3265,3
interval,algebra,Mathlib.Algebra.Order.Interval.Set.Monoid,Algebra,0.4,0.22,1.0,0.0,0.308,4
interval,algebra,Mathlib.Algebra.Order.Interval.Set.Instances,Algebra,0.4,0.2148,1.0,0.0,0.3059,5
interval,algebra,Mathlib.Algebra.Order.Group.Pointwise.Interval,Algebra,0.4,0.2006,1.0,0.0,0.3002,6
interval,algebra,Mathlib.Order.Filter.Interval,Order,0.6667,0.2486,0.0,0.0,0.2994,7
interval,algebra,Mathlib.Algebra.Order.Interval.Set.Group,Algebra,0.4,0.1949,1.0,0.0,0.2979,8
interval,algebra,Mathlib.Order.Interval.Lex,Order,0.6667,0.2339,0.0,0.0,0.2936,9
interval,algebra,Mathlib.Algebra.Order.Interval.Finset.Basic,Algebra,0.4,0.1783,1.0,0.0,0.2913,10
qpoly,algebra,Mathlib.RingTheory.Polynomial.HilbertPoly,RingTheory,0.1111,0.3541,1.0,0.0,0.275,1
qpoly,algebra,Mathlib.RingTheory.Polynomial.Quotient,RingTheory,0.3333,0.1703,1.0,0.0,0.2681,2
qpoly,algebra,Mathlib.Algebra.Polynomial.Monic,Algebra,0.2,0.2119,1.0,0.0,0.2448,3
qpoly,algebra,Mathlib.Algebra.Polynomial.Basis,Algebra,0.2,0.1627,1.0,0.0,0.2251,4
qpoly,algebra,Mathlib.Algebra.Polynomial.SpecificDegree,Algebra,0.1429,0.0897,1.0,0.2,0.2187,5
qpoly,algebra,Mathlib.Algebra.Polynomial.Splits,Algebra,0.2,0.0981,1.0,0.0909,0.2174,6
qpoly,algebra,Mathlib.Algebra.Polynomial.Smeval,Algebra,0.2,0.1405,1.0,0.0,0.2162,7
qpoly,algebra,Mathlib.Algebra.Polynomial.Reverse,Algebra,0.2,0.1405,1.0,0.0,0.2162,8
qpoly,algebra,Mathlib.Algebra.Polynomial.Lifts,Algebra,0.2,0.1405,1.0,0.0,0.2162,9
qpoly,algebra,Mathlib.Algebra.Polynomial.Homogenize,Algebra,0.2,0.1405,1.0,0.0,0.2162,10
archimedean,algebra,Mathlib.Algebra.Order.Ring.Archimedean,Algebra,0.25,0.2377,1.0,0.0,0.2701,1
archimedean,algebra,Mathlib.Algebra.Order.Module.Archimedean,Algebra,0.25,0.2232,1.0,0.0,0.2643,2
archimedean,algebra,Mathlib.Algebra.Order.Archimedean.Basic,Algebra,0.25,0.218,1.0,0.0,0.2622,3
archimedean,algebra,Mathlib.Algebra.Order.Archimedean.Hom,Algebra,0.25,0.2067,1.0,0.0,0.2577,4
archimedean,algebra,Mathlib.Algebra.Order.Archimedean.Class,Algebra,0.25,0.2057,1.0,0.0,0.2573,5
archimedean,algebra,Mathlib.Algebra.Order.Archimedean.Submonoid,Algebra,0.25,0.1963,1.0,0.0,0.2535,6
archimedean,algebra,Mathlib.RingTheory.Valuation.Archimedean,RingTheory,0.2,0.2125,1.0,0.0,0.245,7
archimedean,algebra,Mathlib.Algebra.Order.Archimedean.IndicatorCard,Algebra,0.1667,0.1776,1.0,0.0,0.221,8
archimedean,algebra,Mathlib.Data.Real.Archimedean,Data,0.3333,0.2324,0.0,0.0,0.193,9
archimedean,algebra,Mathlib.Topology.Algebra.Order.Archimedean,Topology,0.25,0.2043,0.0,0.0,0.1567,10
countalg,algebra,Mathlib.LinearAlgebra.Countable,LinearAlgebra,0.4,0.4228,1.0,0.0,0.3891,1
countalg,algebra,Mathlib.CategoryTheory.Countable,CategoryTheory,0.1667,0.4956,0.0,0.0,0.2483,2
countalg,algebra,Mathlib.Data.Set.Countable,Data,0.2,0.427,0.0,0.0,0.2308,3
countalg,algebra,Mathlib.Data.Countable.Basic,Data,0.2,0.3741,0.0,0.0,0.2097,4
countalg,algebra,Mathlib.Data.Countable.Defs,Data,0.2,0.3622,0.0,0.0,0.2049,5
countalg,algebra,Mathlib.Data.Countable.Small,Data,0.2,0.3566,0.0,0.0,0.2026,6
countalg,algebra,Mathlib.Tactic.DeriveCountable,Tactic,0.1667,0.3267,0.0,0.0,0.1807,7
countalg,algebra,Mathlib.Algebra.Symmetrized,Algebra,0.25,0.0123,1.0,0.0,0.1799,8
countalg,algebra,Mathlib.Algebra.Quandle,Algebra,0.25,0.0123,1.0,0.0,0.1799,9
countalg,algebra,Mathlib.Algebra.Divisibility.Basic,Algebra,0.2,0.0032,1.0,0.0909,0.1794,10
poly,algebra,Mathlib.RingTheory.Polynomial.HilbertPoly,RingTheory,0.2857,0.2708,1.0,0.0,0.2941,1
poly,algebra,Mathlib.Algebra.Polynomial.Sequence,Algebra,0.25,0.1642,1.0,0.0,0.2407,2
poly,algebra,Mathlib.Algebra.Polynomial.Inductions,Algebra,0.25,0.1118,1.0,0.0,0.2197,3
poly,algebra,Mathlib.Algebra.Polynomial.Homogenize,Algebra,0.25,0.1118,1.0,0.0,0.2197,4
poly,algebra,Mathlib.Algebra.Polynomial.Lifts,Algebra,0.25,0.1118,1.0,0.0,0.2197,5
poly,algebra,Mathlib.Algebra.Polynomial.Reverse,Algebra,0.25,0.1118,1.0,0.0,0.2197,6
poly,algebra,Mathlib.Algebra.Polynomial.Mirror,Algebra,0.25,0.1118,1.0,0.0,0.2197,7
poly,algebra,Mathlib.Algebra.Polynomial.Smeval,Algebra,0.25,0.1118,1.0,0.0,0.2197,8
poly,algebra,Mathlib.Algebra.Polynomial.Degree.Defs,Algebra,0.2,0.1411,1.0,0.0,0.2164,9
poly,algebra,Mathlib.Algebra.Polynomial.Degree.TrailingDegree,Algebra,0.1667,0.1656,1.0,0.0,0.2162,10
fraction,algebra,Mathlib.RingTheory.WittVector.FrobeniusFractionField,RingTheory,0.1667,0.4027,1.0,0.0,0.3111,1
fraction,algebra,Mathlib.RingTheory.IntegralDomain,RingTheory,0.25,0.2804,1.0,0.0,0.2871,2
fraction,algebra,Mathlib.RingTheory.Localization.FractionRing,RingTheory,0.1111,0.3817,1.0,0.0,0.286,3
fraction,algebra,Mathlib.Algebra.EuclideanDomain.Field,Algebra,0.2857,0.1477,1.0,0.0,0.2448,4
fraction,algebra,Mathlib.Algebra.Field.IsField,Algebra,0.1429,0.17,1.0,0.0,0.2109,5
fraction,algebra,Mathlib.Algebra.Algebra.Field,Algebra,0.2,0.1097,1.0,0.0,0.2039,6
fraction,algebra,Mathlib.RingTheory.DedekindDomain.IntegralClosure,RingTheory,0.1818,0.1095,1.0,0.0,0.1984,7
fraction,algebra,Mathlib.Algebra.Field.Opposite,Algebra,0.1667,0.1121,1.0,0.0,0.1948,8
fraction,algebra,Mathlib.Algebra.Field.Periodic,Algebra,0.1667,0.107,1.0,0.0,0.1928,9
fraction,algebra,Mathlib.Algebra.Field.Shrink,Algebra,0.1667,0.1028,1.0,0.0,0.1911,10
preorder,order,Mathlib.Order.Preorder.Finite,Order,0.6667,0.1785,1.0,0.0,0.3714,1
preorder,order,Mathlib.Order.Preorder.Finsupp,Order,0.6667,0.1731,1.0,0.0,0.3692,2
preorder,order,Mathlib.Order.Preorder.Chain,Order,0.6667,0.169,1.0,0.0,0.3676,3
preorder,order,Mathlib.Order.Booleanisation,Order,0.3333,0.2267,1.0,0.0,0.2907,4
preorder,order,Mathlib.Order.Sublocale,Order,0.3333,0.2267,1.0,0.0,0.2907,5
preorder,order,Mathlib.Order.Comparable,Order,0.3333,0.2267,1.0,0.0,0.2907,6
preorder,order,Mathlib.Order.Nucleus,Order,0.3333,0.2267,1.0,0.0,0.2907,7
preorder,order,Mathlib.Order.Cofinal,Order,0.3333,0.2267,1.0,0.0,0.2907,8
preorder,order,Mathlib.Order.Antichain,Order,0.3333,0.2267,1.0,0.0,0.2907,9
preorder,order,Mathlib.Order.Concept,Order,0.3333,0.2267,1.0,0.0,0.2907,10
all_order,order,Mathlib.Order.Lattice,Order,0.5,0.1456,1.0,0.0,0.3082,1
all_order,order,Mathlib.Order.BoundedOrder.Lattice,Order,0.3333,0.1511,1.0,0.2,0.3004,2
all_order,order,Mathlib.Order.Booleanisation,Order,0.2,0.3076,1.0,0.0,0.283,3
all_order,order,Mathlib.Order.Comparable,Order,0.2,0.3076,1.0,0.0,0.283,4
all_order,order,Mathlib.Order.Sublocale,Order,0.2,0.3076,1.0,0.0,0.283,5
all_order,order,Mathlib.Order.Concept,Order,0.2,0.3076,1.0,0.0,0.283,6
all_order,order,Mathlib.Order.Nucleus,Order,0.2,0.3076,1.0,0.0,0.283,7
all_order,order,Mathlib.Order.Antisymmetrization,Order,0.2,0.3076,1.0,0.0,0.283,8
all_order,order,Mathlib.Order.Cofinal,Order,0.2,0.3076,1.0,0.0,0.283,9
all_order,order,Mathlib.Order.Antichain,Order,0.2,0.3076,1.0,0.0,0.283,10
order,order,Mathlib.Order.Lattice,Order,0.6667,0.1052,1.0,0.0,0.3421,1
order,order,Mathlib.Order.Types.Defs,Order,0.2,0.3431,1.0,0.0,0.2973,2
order,order,Mathlib.Order.Types.Arithmetic,Order,0.2,0.3317,1.0,0.0,0.2927,3
order,order,Mathlib.Order.Hom.Lattice,Order,0.5,0.1012,1.0,0.0,0.2905,4
order,order,Mathlib.Order.Filter.Partial,Order,0.5,0.1008,1.0,0.0,0.2903,5
order,order,Mathlib.Order.Antichain,Order,0.25,0.2223,1.0,0.125,0.2889,6
order,order,Mathlib.Order.BoundedOrder.Lattice,Order,0.4,0.1092,1.0,0.125,0.2887,7
order,order,Mathlib.Order.Lattice.Congruence,Order,0.5,0.0939,1.0,0.0,0.2876,8
order,order,Mathlib.Order.Bounds.Lattice,Order,0.5,0.0901,1.0,0.0,0.2861,9
order,order,Mathlib.Order.Defs.PartialOrder,Order,0.4,0.124,1.0,0.0,0.2696,10
presentation,fingroup,Mathlib.GroupTheory.FreeGroup.CyclicallyReduced,GroupTheory,0.0,0.098,1.0,0.25,0.1892,1
presentation,fingroup,Mathlib.GroupTheory.GroupExtension.Basic,GroupTheory,0.0,0.0918,1.0,0.25,0.1867,2
presentation,fingroup,Mathlib.GroupTheory.QuotientGroup.Finite,GroupTheory,0.0,0.1234,1.0,0.1667,0.1827,3
presentation,fingroup,Mathlib.GroupTheory.Commutator.Finite,GroupTheory,0.0,0.1068,1.0,0.1667,0.176,4
presentation,fingroup,Mathlib.GroupTheory.Perm.Subgroup,GroupTheory,0.0,0.0716,1.0,0.2,0.1686,5
presentation,fingroup,Mathlib.GroupTheory.Coxeter.Inversion,GroupTheory,0.0,0.0644,1.0,0.2,0.1658,6
presentation,fingroup,Mathlib.GroupTheory.FreeGroup.GeneratorEquiv,GroupTheory,0.0,0.1534,1.0,0.0,0.1614,7
presentation,fingroup,Mathlib.GroupTheory.ClassEquation,GroupTheory,0.0,0.0792,1.0,0.1429,0.1602,8
presentation,fingroup,Mathlib.GroupTheory.GroupAction.Support,GroupTheory,0.0,0.1455,1.0,0.0,0.1582,9
presentation,fingroup,Mathlib.GroupTheory.GroupAction.SubMulAction.OfFixingSubgroup,GroupTheory,0.0,0.0625,1.0,0.1429,0.1536,10
gproduct,fingroup,Mathlib.GroupTheory.SemidirectProduct,GroupTheory,0.375,0.1961,1.0,0.0,0.291,1
gproduct,fingroup,Mathlib.GroupTheory.RegularWreathProduct,GroupTheory,0.2,0.0872,1.0,0.0,0.1949,2
gproduct,fingroup,Mathlib.GroupTheory.GroupAction.Support,GroupTheory,0.1,0.0284,1.0,0.1667,0.1747,3
gproduct,fingroup,Mathlib.GroupTheory.GroupAction.Embedding,GroupTheory,0.1,0.0289,1.0,0.1429,0.1701,4
gproduct,fingroup,Mathlib.GroupTheory.Perm.Subgroup,GroupTheory,0.1111,0.019,1.0,0.1429,0.1695,5
gproduct,fingroup,Mathlib.GroupTheory.Commutator.Finite,GroupTheory,0.1111,0.0248,1.0,0.125,0.1683,6
gproduct,fingroup,Mathlib.GroupTheory.QuotientGroup.Finite,GroupTheory,0.1,0.0299,1.0,0.125,0.167,7
gproduct,fingroup,Mathlib.GroupTheory.ClassEquation,GroupTheory,0.1,0.021,1.0,0.1111,0.1606,8
gproduct,fingroup,Mathlib.GroupTheory.GroupAction.DomAct.Basic,GroupTheory,0.0769,0.0511,1.0,0.0769,0.1589,9
gproduct,fingroup,Mathlib.GroupTheory.SpecificGroups.Cyclic,GroupTheory,0.0909,0.0452,1.0,0.0556,0.1565,10
perm,fingroup,Mathlib.GroupTheory.Perm.Support,GroupTheory,0.125,0.2149,1.0,0.0,0.2234,1
perm,fingroup,Mathlib.GroupTheory.Perm.Cycle.Factors,GroupTheory,0.1111,0.1551,1.0,0.125,0.2204,2
perm,fingroup,Mathlib.GroupTheory.Perm.Finite,GroupTheory,0.125,0.2051,1.0,0.0,0.2195,3
perm,fingroup,Mathlib.GroupTheory.Perm.Cycle.Type,GroupTheory,0.1111,0.2063,1.0,0.0,0.2159,4
perm,fingroup,Mathlib.GroupTheory.Perm.List,GroupTheory,0.125,0.1673,1.0,0.0,0.2044,5
perm,fingroup,Mathlib.GroupTheory.Perm.Option,GroupTheory,0.125,0.159,1.0,0.0,0.2011,6
perm,fingroup,Mathlib.GroupTheory.Perm.Fin,GroupTheory,0.125,0.1586,1.0,0.0,0.2009,7
perm,fingroup,Mathlib.GroupTheory.Perm.Subgroup,GroupTheory,0.125,0.1585,1.0,0.0,0.2009,8
perm,fingroup,Mathlib.GroupTheory.Perm.Sign,GroupTheory,0.125,0.1553,1.0,0.0,0.1996,9
perm,fingroup,Mathlib.GroupTheory.Perm.Cycle.Basic,GroupTheory,0.1111,0.1622,1.0,0.0,0.1982,10
morphism,fingroup,Mathlib.GroupTheory.Perm.Subgroup,GroupTheory,0.1429,0.0245,1.0,0.1667,0.186,1
morphism,fingroup,Mathlib.GroupTheory.Commutator.Finite,GroupTheory,0.1429,0.0229,1.0,0.1429,0.1806,2
morphism,fingroup,Mathlib.GroupTheory.QuotientGroup.Finite,GroupTheory,0.125,0.0292,1.0,0.1429,0.1778,3
morphism,fingroup,Mathlib.GroupTheory.ClassEquation,GroupTheory,0.125,0.0271,1.0,0.125,0.1733,4
morphism,fingroup,Mathlib.GroupTheory.PGroup,GroupTheory,0.1667,0.0412,1.0,0.0,0.1665,5
morphism,fingroup,Mathlib.GroupTheory.Commensurable,GroupTheory,0.1667,0.0385,1.0,0.0,0.1654,6
morphism,fingroup,Mathlib.GroupTheory.Rank,GroupTheory,0.1667,0.0318,1.0,0.0,0.1627,7
morphism,fingroup,Mathlib.GroupTheory.Transfer,GroupTheory,0.1667,0.0314,1.0,0.0,0.1626,8
morphism,fingroup,Mathlib.GroupTheory.Torsion,GroupTheory,0.1667,0.0309,1.0,0.0,0.1624,9
morphism,fingroup,Mathlib.GroupTheory.Complement,GroupTheory,0.1667,0.0303,1.0,0.0,0.1621,10
all_fingroup,fingroup,Mathlib.GroupTheory.FiniteIndexNormalSubgroup,GroupTheory,0.3,0.0,1.0,0.0,0.19,1
all_fingroup,fingroup,Mathlib.GroupTheory.GroupExtension.Defs,GroupTheory,0.1,0.0,1.0,0.25,0.18,2
all_fingroup,fingroup,Mathlib.GroupTheory.Subgroup.Center,GroupTheory,0.25,0.0,1.0,0.0,0.175,3
all_fingroup,fingroup,Mathlib.GroupTheory.Abelianization.Finite,GroupTheory,0.25,0.0,1.0,0.0,0.175,4
all_fingroup,fingroup,Mathlib.GroupTheory.Subgroup.Centralizer,GroupTheory,0.25,0.0,1.0,0.0,0.175,5
all_fingroup,fingroup,Mathlib.GroupTheory.Perm.Subgroup,GroupTheory,0.25,0.0,1.0,0.0,0.175,6
all_fingroup,fingroup,Mathlib.GroupTheory.Commutator.Finite,GroupTheory,0.25,0.0,1.0,0.0,0.175,7
all_fingroup,fingroup,Mathlib.GroupTheory.Subgroup.Saturated,GroupTheory,0.25,0.0,1.0,0.0,0.175,8
all_fingroup,fingroup,Mathlib.GroupTheory.Perm.Finite,GroupTheory,0.25,0.0,1.0,0.0,0.175,9
all_fingroup,fingroup,Mathlib.GroupTheory.Subgroup.Simple,GroupTheory,0.25,0.0,1.0,0.0,0.175,10
action,fingroup,Mathlib.GroupTheory.GroupAction.Blocks,GroupTheory,0.25,0.2887,1.0,0.0,0.2905,1
action,fingroup,Mathlib.GroupTheory.GroupAction.Period,GroupTheory,0.25,0.2887,1.0,0.0,0.2905,2
action,fingroup,Mathlib.GroupTheory.GroupAction.Iwasawa,GroupTheory,0.25,0.2887,1.0,0.0,0.2905,3
action,fingroup,Mathlib.GroupTheory.GroupAction.Ring,GroupTheory,0.25,0.283,1.0,0.0,0.2882,4
action,fingroup,Mathlib.GroupTheory.GroupAction.SubMulAction,GroupTheory,0.2,0.3097,1.0,0.0,0.2839,5
action,fingroup,Mathlib.GroupTheory.GroupAction.Embedding,GroupTheory,0.25,0.2702,1.0,0.0,0.2831,6
action,fingroup,Mathlib.GroupTheory.GroupAction.Support,GroupTheory,0.25,0.2661,1.0,0.0,0.2814,7
action,fingroup,Mathlib.GroupTheory.GroupAction.Primitive,GroupTheory,0.25,0.2621,1.0,0.0,0.2798,8
action,fingroup,Mathlib.GroupTheory.GroupAction.Jordan,GroupTheory,0.25,0.2598,1.0,0.0,0.2789,9
action,fingroup,Mathlib.GroupTheory.GroupAction.Pointwise,GroupTheory,0.25,0.2573,1.0,0.0,0.2779,10
quotient,fingroup,Mathlib.GroupTheory.Coset.Basic,GroupTheory,0.3333,0.3526,1.0,0.0,0.341,1
quotient,fingroup,Mathlib.GroupTheory.Coset.Defs,GroupTheory,0.3333,0.3441,1.0,0.0,0.3376,2
quotient,fingroup,Mathlib.GroupTheory.Coset.Card,GroupTheory,0.3333,0.3397,1.0,0.0,0.3359,3
quotient,fingroup,Mathlib.GroupTheory.DoubleCoset,GroupTheory,0.2857,0.3708,1.0,0.0,0.334,4
quotient,fingroup,Mathlib.GroupTheory.CosetCover,GroupTheory,0.2857,0.3381,1.0,0.0,0.3209,5
quotient,fingroup,Mathlib.GroupTheory.GroupAction.Quotient,GroupTheory,0.2857,0.0762,1.0,0.0,0.2162,6
quotient,fingroup,Mathlib.GroupTheory.QuotientGroup.Basic,GroupTheory,0.2857,0.076,1.0,0.0,0.2161,7
quotient,fingroup,Mathlib.GroupTheory.QuotientGroup.Defs,GroupTheory,0.2857,0.0747,1.0,0.0,0.2156,8
quotient,fingroup,Mathlib.GroupTheory.QuotientGroup.Finite,GroupTheory,0.2857,0.073,1.0,0.0,0.2149,9
quotient,fingroup,Mathlib.GroupTheory.GroupAction.OfQuotient,GroupTheory,0.2222,0.0762,1.0,0.0,0.1972,10
automorphism,fingroup,Mathlib.GroupTheory.Perm.Support,GroupTheory,0.1667,0.1557,1.0,0.0,0.2123,1
automorphism,fingroup,Mathlib.GroupTheory.Perm.Subgroup,GroupTheory,0.1667,0.1283,1.0,0.0,0.2013,2
automorphism,fingroup,Mathlib.GroupTheory.Perm.List,GroupTheory,0.1667,0.1179,1.0,0.0,0.1972,3
automorphism,fingroup,Mathlib.GroupTheory.Perm.Finite,GroupTheory,0.1667,0.1159,1.0,0.0,0.1964,4
automorphism,fingroup,Mathlib.GroupTheory.Perm.Cycle.Type,GroupTheory,0.1429,0.1299,1.0,0.0,0.1948,5
automorphism,fingroup,Mathlib.GroupTheory.Perm.Option,GroupTheory,0.1667,0.1121,1.0,0.0,0.1948,6
automorphism,fingroup,Mathlib.GroupTheory.Perm.Fin,GroupTheory,0.1667,0.1118,1.0,0.0,0.1947,7
automorphism,fingroup,Mathlib.GroupTheory.Perm.Sign,GroupTheory,0.1667,0.1094,1.0,0.0,0.1938,8
automorphism,fingroup,Mathlib.GroupTheory.Perm.Centralizer,GroupTheory,0.1667,0.1064,1.0,0.0,0.1926,9
automorphism,fingroup,Mathlib.GroupTheory.Perm.Basic,GroupTheory,0.1667,0.1019,1.0,0.0,0.1908,10
fingroup,fingroup,Mathlib.GroupTheory.Perm.Finite,GroupTheory,0.2857,0.1579,1.0,0.0,0.2489,1
fingroup,fingroup,Mathlib.GroupTheory.QuotientGroup.Finite,GroupTheory,0.25,0.1708,1.0,0.0,0.2433,2
fingroup,fingroup,Mathlib.GroupTheory.Commutator.Finite,GroupTheory,0.2857,0.1422,1.0,0.0,0.2426,3
fingroup,fingroup,Mathlib.GroupTheory.Abelianization.Finite,GroupTheory,0.2857,0.1399,1.0,0.0,0.2417,4
fingroup,fingroup,Mathlib.GroupTheory.FiniteIndexNormalSubgroup,GroupTheory,0.3333,0.1001,1.0,0.0,0.24,5
fingroup,fingroup,Mathlib.GroupTheory.Subgroup.Saturated,GroupTheory,0.2857,0.1308,1.0,0.0,0.238,6
fingroup,fingroup,Mathlib.GroupTheory.DedekindFinite,GroupTheory,0.25,0.1553,1.0,0.0,0.2371,7
fingroup,fingroup,Mathlib.GroupTheory.Subgroup.Simple,GroupTheory,0.2857,0.1224,1.0,0.0,0.2347,8
fingroup,fingroup,Mathlib.GroupTheory.Perm.Subgroup,GroupTheory,0.2857,0.12,1.0,0.0,0.2337,9
fingroup,fingroup,Mathlib.GroupTheory.Subgroup.Center,GroupTheory,0.2857,0.114,1.0,0.0,0.2313,10
