mathcomp_module,mathcomp_cluster,mathlib_module,mathlib_category,base_score,propagation_bonus,final_score,anchor_round,confidence_tier,rank
extremal,solvable,Mathlib.GroupTheory.Perm.Fin,GroupTheory,0.2895,0.0724,0.3619,1,MEDIUM,1
extremal,solvable,Mathlib.GroupTheory.SpecificGroups.Quaternion,GroupTheory,0.3429,0.0,0.3429,-1,,2
extremal,solvable,Mathlib.GroupTheory.SpecificGroups.Dihedral,GroupTheory,0.3226,0.0,0.3226,-1,,3
extremal,solvable,Mathlib.GroupTheory.PGroup,GroupTheory,0.3202,0.0,0.3202,-1,,4
extremal,solvable,Mathlib.GroupTheory.Commensurable,GroupTheory,0.32,0.0,0.32,-1,,5
extremal,solvable,Mathlib.GroupTheory.Archimedean,GroupTheory,0.3179,0.0,0.3179,-1,,6
extremal,solvable,Mathlib.GroupTheory.Sylow,GroupTheory,0.3156,0.0,0.3156,-1,,7
extremal,solvable,Mathlib.GroupTheory.Torsion,GroupTheory,0.3128,0.0,0.3128,-1,,8
extremal,solvable,Mathlib.GroupTheory.Focal,GroupTheory,0.312,0.0,0.312,-1,,9
extremal,solvable,Mathlib.GroupTheory.PresentedGroup,GroupTheory,0.3115,0.0,0.3115,-1,,10
hall,solvable,Mathlib.GroupTheory.Complement,GroupTheory,0.4334,0.0,0.4334,0,HIGH,1
hall,solvable,Mathlib.GroupTheory.Sylow,GroupTheory,0.3624,0.0,0.3624,-1,,2
hall,solvable,Mathlib.GroupTheory.Solvable,GroupTheory,0.3478,0.0,0.3478,-1,,3
hall,solvable,Mathlib.GroupTheory.SpecificGroups.ZGroup,GroupTheory,0.3382,0.0,0.3382,-1,,4
hall,solvable,Mathlib.GroupTheory.SchurZassenhaus,GroupTheory,0.3351,0.0,0.3351,-1,,5
hall,solvable,Mathlib.GroupTheory.Commensurable,GroupTheory,0.3197,0.0,0.3197,-1,,6
hall,solvable,Mathlib.GroupTheory.Transfer,GroupTheory,0.3179,0.0,0.3179,-1,,7
hall,solvable,Mathlib.GroupTheory.PGroup,GroupTheory,0.3147,0.0,0.3147,-1,,8
hall,solvable,Mathlib.GroupTheory.Archimedean,GroupTheory,0.3131,0.0,0.3131,-1,,9
hall,solvable,Mathlib.GroupTheory.Schreier,GroupTheory,0.3116,0.0,0.3116,-1,,10
abelian,solvable,Mathlib.GroupTheory.FreeAbelianGroup,GroupTheory,0.4182,0.0,0.4182,0,HIGH,1
abelian,solvable,Mathlib.GroupTheory.FiniteAbelian.Basic,GroupTheory,0.4031,0.0,0.4031,-1,,2
abelian,solvable,Mathlib.GroupTheory.FiniteAbelian.Duality,GroupTheory,0.3974,0.0,0.3974,-1,,3
abelian,solvable,Mathlib.GroupTheory.Rank,GroupTheory,0.3678,0.0,0.3678,-1,,4
abelian,solvable,Mathlib.GroupTheory.Commensurable,GroupTheory,0.3648,0.0,0.3648,-1,,5
abelian,solvable,Mathlib.GroupTheory.Exponent,GroupTheory,0.3561,0.0,0.3561,-1,,6
abelian,solvable,Mathlib.GroupTheory.Archimedean,GroupTheory,0.353,0.0,0.353,-1,,7
abelian,solvable,Mathlib.GroupTheory.Torsion,GroupTheory,0.3496,0.0,0.3496,-1,,8
abelian,solvable,Mathlib.GroupTheory.Frattini,GroupTheory,0.3461,0.0,0.3461,-1,,9
abelian,solvable,Mathlib.GroupTheory.Sylow,GroupTheory,0.3402,0.0,0.3402,-1,,10
alt,solvable,Mathlib.GroupTheory.SpecificGroups.Alternating,GroupTheory,0.4022,0.0,0.4022,0,HIGH,1
alt,solvable,Mathlib.GroupTheory.SpecificGroups.Alternating.Centralizer,GroupTheory,0.3805,0.0,0.3805,-1,,2
alt,solvable,Mathlib.GroupTheory.SpecificGroups.Alternating.MaximalSubgroups,GroupTheory,0.3539,0.0,0.3539,-1,,3
alt,solvable,Mathlib.GroupTheory.Perm.Closure,GroupTheory,0.3255,0.0,0.3255,-1,,4
alt,solvable,Mathlib.GroupTheory.SpecificGroups.Alternating.KleinFour,GroupTheory,0.3253,0.0,0.3253,-1,,5
alt,solvable,Mathlib.GroupTheory.Perm.MaximalSubgroups,GroupTheory,0.3143,0.0,0.3143,-1,,6
alt,solvable,Mathlib.GroupTheory.Perm.Finite,GroupTheory,0.314,0.0,0.314,-1,,7
alt,solvable,Mathlib.GroupTheory.PresentedGroup,GroupTheory,0.3124,0.0,0.3124,-1,,8
alt,solvable,Mathlib.GroupTheory.GroupAction.Support,GroupTheory,0.3075,0.0,0.3075,-1,,9
alt,solvable,Mathlib.GroupTheory.GroupAction.Jordan,GroupTheory,0.3067,0.0,0.3067,-1,,10
nilpotent,solvable,Mathlib.GroupTheory.Nilpotent,GroupTheory,0.5501,0.0,0.5501,0,HIGH,1
nilpotent,solvable,Mathlib.GroupTheory.Solvable,GroupTheory,0.487,0.0,0.487,-1,,2
nilpotent,solvable,Mathlib.GroupTheory.Subgroup.Simple,GroupTheory,0.3383,0.0,0.3383,-1,,3
nilpotent,solvable,Mathlib.GroupTheory.Commensurable,GroupTheory,0.3327,0.0,0.3327,-1,,4
nilpotent,solvable,Mathlib.GroupTheory.Frattini,GroupTheory,0.3281,0.0,0.3281,-1,,5
nilpotent,solvable,Mathlib.GroupTheory.Archimedean,GroupTheory,0.3238,0.0,0.3238,-1,,6
nilpotent,solvable,Mathlib.GroupTheory.Sylow,GroupTheory,0.322,0.0,0.322,-1,,7
nilpotent,solvable,Mathlib.GroupTheory.Goursat,GroupTheory,0.319,0.0,0.319,-1,,8
nilpotent,solvable,Mathlib.GroupTheory.Torsion,GroupTheory,0.3187,0.0,0.3187,-1,,9
nilpotent,solvable,Mathlib.GroupTheory.Subgroup.Saturated,GroupTheory,0.3149,0.0,0.3149,-1,,10
commutator,solvable,Mathlib.GroupTheory.Commutator.Basic,GroupTheory,0.4705,0.0,0.4705,0,HIGH,1
commutator,solvable,Mathlib.GroupTheory.Commutator.Finite,GroupTheory,0.4564,0.0,0.4564,-1,,2
commutator,solvable,Mathlib.GroupTheory.Solvable,GroupTheory,0.4296,0.0,0.4296,-1,,3
commutator,solvable,Mathlib.Algebra.Group.Commutator,Algebra,0.4193,0.0,0.4193,-1,,4
commutator,solvable,Mathlib.GroupTheory.Schreier,GroupTheory,0.3543,0.0,0.3543,-1,,5
commutator,solvable,Mathlib.GroupTheory.Nilpotent,GroupTheory,0.3486,0.0,0.3486,-1,,6
commutator,solvable,Mathlib.GroupTheory.Commensurable,GroupTheory,0.3482,0.0,0.3482,-1,,7
commutator,solvable,Mathlib.GroupTheory.Frattini,GroupTheory,0.3395,0.0,0.3395,-1,,8
commutator,solvable,Mathlib.GroupTheory.Archimedean,GroupTheory,0.3367,0.0,0.3367,-1,,9
commutator,solvable,Mathlib.GroupTheory.Torsion,GroupTheory,0.3359,0.0,0.3359,-1,,10
gfunctor,solvable,Mathlib.GroupTheory.Sylow,GroupTheory,0.308,0.077,0.385,1,MEDIUM,1
gfunctor,solvable,Mathlib.GroupTheory.Torsion,GroupTheory,0.3003,0.0751,0.3754,-1,,2
gfunctor,solvable,Mathlib.GroupTheory.SpecificGroups.ZGroup,GroupTheory,0.2975,0.0744,0.3718,-1,,3
gfunctor,solvable,Mathlib.GroupTheory.Complement,GroupTheory,0.2947,0.0737,0.3684,-1,,4
gfunctor,solvable,Mathlib.GroupTheory.ClassEquation,GroupTheory,0.2902,0.0726,0.3628,-1,,5
gfunctor,solvable,Mathlib.GroupTheory.Abelianization.Defs,GroupTheory,0.2889,0.0722,0.3611,-1,,6
gfunctor,solvable,Mathlib.GroupTheory.Subgroup.Centralizer,GroupTheory,0.2865,0.0716,0.3581,-1,,7
gfunctor,solvable,Mathlib.GroupTheory.Submonoid.Center,GroupTheory,0.2851,0.0713,0.3564,-1,,8
gfunctor,solvable,Mathlib.GroupTheory.QuotientGroup.Defs,GroupTheory,0.2832,0.0708,0.354,-1,,9
gfunctor,solvable,Mathlib.GroupTheory.GroupAction.Quotient,GroupTheory,0.28,0.07,0.35,-1,,10
primitive_action,solvable,Mathlib.GroupTheory.GroupAction.Primitive,GroupTheory,0.4321,0.0,0.4321,0,HIGH,1
primitive_action,solvable,Mathlib.GroupTheory.GroupAction.Transitive,GroupTheory,0.4203,0.0,0.4203,-1,,2
primitive_action,solvable,Mathlib.GroupTheory.GroupAction.Blocks,GroupTheory,0.3479,0.0,0.3479,-1,,3
primitive_action,solvable,Mathlib.GroupTheory.GroupAction.MultiplePrimitivity,GroupTheory,0.347,0.0,0.347,-1,,4
primitive_action,solvable,Mathlib.GroupTheory.GroupAction.IterateAct,GroupTheory,0.3469,0.0,0.3469,-1,,5
primitive_action,solvable,Mathlib.GroupTheory.GroupAction.Jordan,GroupTheory,0.3456,0.0,0.3456,-1,,6
primitive_action,solvable,Mathlib.GroupTheory.GroupAction.Pointwise,GroupTheory,0.341,0.0,0.341,-1,,7
primitive_action,solvable,Mathlib.GroupTheory.GroupAction.Ring,GroupTheory,0.3387,0.0,0.3387,-1,,8
primitive_action,solvable,Mathlib.GroupTheory.GroupAction.Iwasawa,GroupTheory,0.3376,0.0,0.3376,-1,,9
primitive_action,solvable,Mathlib.GroupTheory.GroupAction.ConjAct,GroupTheory,0.3326,0.0,0.3326,-1,,10
pgroup,solvable,Mathlib.GroupTheory.PGroup,GroupTheory,0.4068,0.0,0.4068,0,HIGH,1
pgroup,solvable,Mathlib.GroupTheory.Frattini,GroupTheory,0.3189,0.0,0.3189,-1,,2
pgroup,solvable,Mathlib.GroupTheory.Commensurable,GroupTheory,0.3117,0.0,0.3117,-1,,3
pgroup,solvable,Mathlib.GroupTheory.Sylow,GroupTheory,0.3066,0.0,0.3066,-1,,4
pgroup,solvable,Mathlib.GroupTheory.Exponent,GroupTheory,0.3065,0.0,0.3065,-1,,5
pgroup,solvable,Mathlib.GroupTheory.Subgroup.Saturated,GroupTheory,0.3056,0.0,0.3056,-1,,6
pgroup,solvable,Mathlib.GroupTheory.Coset.Card,GroupTheory,0.3053,0.0,0.3053,-1,,7
pgroup,solvable,Mathlib.GroupTheory.Focal,GroupTheory,0.3049,0.0,0.3049,-1,,8
pgroup,solvable,Mathlib.GroupTheory.Schreier,GroupTheory,0.3048,0.0,0.3048,-1,,9
pgroup,solvable,Mathlib.GroupTheory.Archimedean,GroupTheory,0.3041,0.0,0.3041,-1,,10
maximal,solvable,Mathlib.GroupTheory.Subgroup.Simple,GroupTheory,0.3672,0.0,0.3672,0,HIGH-UNCERTAIN,1
maximal,solvable,Mathlib.GroupTheory.Subgroup.Center,GroupTheory,0.3553,0.0,0.3553,-1,,2
maximal,solvable,Mathlib.GroupTheory.Subgroup.Saturated,GroupTheory,0.3522,0.0,0.3522,-1,,3
maximal,solvable,Mathlib.GroupTheory.Perm.Subgroup,GroupTheory,0.333,0.0,0.333,-1,,4
maximal,solvable,Mathlib.GroupTheory.Perm.MaximalSubgroups,GroupTheory,0.3286,0.0,0.3286,-1,,5
maximal,solvable,Mathlib.GroupTheory.Subgroup.Centralizer,GroupTheory,0.314,0.0,0.314,-1,,6
maximal,solvable,Mathlib.GroupTheory.SpecificGroups.Alternating.MaximalSubgroups,GroupTheory,0.3061,0.0,0.3061,-1,,7
maximal,solvable,Mathlib.GroupTheory.Frattini,GroupTheory,0.3029,0.0,0.3029,-1,,8
maximal,solvable,Mathlib.GroupTheory.FiniteIndexNormalSubgroup,GroupTheory,0.2975,0.0,0.2975,-1,,9
maximal,solvable,Mathlib.GroupTheory.GroupAction.FixingSubgroup,GroupTheory,0.2784,0.0,0.2784,-1,,10
jordanholder,solvable,Mathlib.Order.JordanHolder,Order,0.3475,0.0,0.3475,1,MEDIUM,1
jordanholder,solvable,Mathlib.GroupTheory.GroupAction.Jordan,GroupTheory,0.2967,0.0,0.2967,-1,,2
jordanholder,solvable,Mathlib.GroupTheory.Subgroup.Simple,GroupTheory,0.2372,0.0593,0.2965,-1,,3
jordanholder,solvable,Mathlib.GroupTheory.Nilpotent,GroupTheory,0.2366,0.0592,0.2958,-1,,4
jordanholder,solvable,Mathlib.GroupTheory.Abelianization.Defs,GroupTheory,0.2199,0.055,0.2748,-1,,5
jordanholder,solvable,Mathlib.GroupTheory.GroupAction.OfQuotient,GroupTheory,0.2615,0.0,0.2615,-1,,6
jordanholder,solvable,Mathlib.GroupTheory.Perm.ViaEmbedding,GroupTheory,0.2038,0.051,0.2548,-1,,7
jordanholder,solvable,Mathlib.GroupTheory.QuotientGroup.Defs,GroupTheory,0.2472,0.0,0.2472,-1,,8
jordanholder,solvable,Mathlib.GroupTheory.ClassEquation,GroupTheory,0.2397,0.0,0.2397,-1,,9
jordanholder,solvable,Mathlib.GroupTheory.GroupAction.Iwasawa,GroupTheory,0.2363,0.0,0.2363,-1,,10
finmodule,solvable,Mathlib.GroupTheory.Abelianization.Finite,GroupTheory,0.3027,0.0,0.3027,2,MEDIUM,1
finmodule,solvable,Mathlib.GroupTheory.Commutator.Finite,GroupTheory,0.3024,0.0,0.3024,-1,,2
finmodule,solvable,Mathlib.GroupTheory.FiniteAbelian.Basic,GroupTheory,0.2971,0.0,0.2971,-1,,3
finmodule,solvable,Mathlib.GroupTheory.FiniteAbelian.Duality,GroupTheory,0.2953,0.0,0.2953,-1,,4
finmodule,solvable,Mathlib.GroupTheory.Perm.Finite,GroupTheory,0.2893,0.0,0.2893,-1,,5
finmodule,solvable,Mathlib.GroupTheory.QuotientGroup.Finite,GroupTheory,0.2857,0.0,0.2857,-1,,6
finmodule,solvable,Mathlib.GroupTheory.GroupAction.Quotient,GroupTheory,0.2258,0.0565,0.2823,-1,,7
finmodule,solvable,Mathlib.GroupTheory.Abelianization.Defs,GroupTheory,0.2256,0.0564,0.282,-1,,8
finmodule,solvable,Mathlib.GroupTheory.DedekindFinite,GroupTheory,0.2818,0.0,0.2818,-1,,9
finmodule,solvable,Mathlib.GroupTheory.SpecificGroups.KleinFour,GroupTheory,0.224,0.056,0.28,-1,,10
center,solvable,Mathlib.GroupTheory.Subgroup.Center,GroupTheory,0.4994,0.0,0.4994,0,HIGH,1
center,solvable,Mathlib.GroupTheory.Submonoid.Center,GroupTheory,0.4754,0.0,0.4754,-1,,2
center,solvable,Mathlib.GroupTheory.Subsemigroup.Center,GroupTheory,0.4743,0.0,0.4743,-1,,3
center,solvable,Mathlib.Algebra.Group.Center,Algebra,0.4202,0.0,0.4202,-1,,4
center,solvable,Mathlib.GroupTheory.Nilpotent,GroupTheory,0.3485,0.0,0.3485,-1,,5
center,solvable,Mathlib.GroupTheory.Commensurable,GroupTheory,0.3413,0.0,0.3413,-1,,6
center,solvable,Mathlib.GroupTheory.Archimedean,GroupTheory,0.3397,0.0,0.3397,-1,,7
center,solvable,Mathlib.GroupTheory.Sylow,GroupTheory,0.3357,0.0,0.3357,-1,,8
center,solvable,Mathlib.GroupTheory.Goursat,GroupTheory,0.3332,0.0,0.3332,-1,,9
center,solvable,Mathlib.GroupTheory.Transfer,GroupTheory,0.3308,0.0,0.3308,-1,,10
sylow,solvable,Mathlib.GroupTheory.Sylow,GroupTheory,0.5171,0.0,0.5171,0,HIGH,1
sylow,solvable,Mathlib.GroupTheory.SpecificGroups.ZGroup,GroupTheory,0.3727,0.0,0.3727,-1,,2
sylow,solvable,Mathlib.GroupTheory.Frattini,GroupTheory,0.3513,0.0,0.3513,-1,,3
sylow,solvable,Mathlib.GroupTheory.Transfer,GroupTheory,0.3425,0.0,0.3425,-1,,4
sylow,solvable,Mathlib.GroupTheory.Archimedean,GroupTheory,0.3422,0.0,0.3422,-1,,5
sylow,solvable,Mathlib.GroupTheory.Focal,GroupTheory,0.3278,0.0,0.3278,-1,,6
sylow,solvable,Mathlib.GroupTheory.Commensurable,GroupTheory,0.3249,0.0,0.3249,-1,,7
sylow,solvable,Mathlib.GroupTheory.SpecificGroups.Alternating.KleinFour,GroupTheory,0.3212,0.0,0.3212,-1,,8
sylow,solvable,Mathlib.GroupTheory.RegularWreathProduct,GroupTheory,0.3143,0.0,0.3143,-1,,9
sylow,solvable,Mathlib.GroupTheory.SchurZassenhaus,GroupTheory,0.3142,0.0,0.3142,-1,,10
all_solvable,solvable,Mathlib.GroupTheory.Solvable,GroupTheory,0.4272,0.0,0.4272,0,HIGH,1
all_solvable,solvable,Mathlib.Algebra.Lie.Solvable,Algebra,0.2312,0.0,0.2312,-1,,2
all_solvable,solvable,Mathlib.GroupTheory.Torsion,GroupTheory,0.225,0.0,0.225,-1,,3
all_solvable,solvable,Mathlib.GroupTheory.Nilpotent,GroupTheory,0.2165,0.0,0.2165,-1,,4
all_solvable,solvable,Mathlib.GroupTheory.QuotientGroup.ModEq,GroupTheory,0.2,0.0,0.2,-1,,5
all_solvable,solvable,Mathlib.GroupTheory.QuotientGroup.Finite,GroupTheory,0.2,0.0,0.2,-1,,6
all_solvable,solvable,Mathlib.GroupTheory.QuotientGroup.Defs,GroupTheory,0.2,0.0,0.2,-1,,7
all_solvable,solvable,Mathlib.GroupTheory.QuotientGroup.Basic,GroupTheory,0.2,0.0,0.2,-1,,8
all_solvable,solvable,Mathlib.GroupTheory.PushoutI,GroupTheory,0.2,0.0,0.2,-1,,9
all_solvable,solvable,Mathlib.GroupTheory.PresentedGroup,GroupTheory,0.2,0.0,0.2,-1,,10
extraspecial,solvable,Mathlib.GroupTheory.Nilpotent,GroupTheory,0.3197,0.0799,0.3996,1,MEDIUM,1
extraspecial,solvable,Mathlib.GroupTheory.Subgroup.Simple,GroupTheory,0.3001,0.075,0.3751,-1,,2
extraspecial,solvable,Mathlib.GroupTheory.Abelianization.Defs,GroupTheory,0.2992,0.0748,0.374,-1,,3
extraspecial,solvable,Mathlib.GroupTheory.SpecificGroups.Quaternion,GroupTheory,0.3424,0.0,0.3424,-1,,4
extraspecial,solvable,Mathlib.GroupTheory.Perm.ViaEmbedding,GroupTheory,0.2662,0.0666,0.3328,-1,,5
extraspecial,solvable,Mathlib.GroupTheory.SpecificGroups.Dihedral,GroupTheory,0.3268,0.0,0.3268,-1,,6
extraspecial,solvable,Mathlib.GroupTheory.Rank,GroupTheory,0.3252,0.0,0.3252,-1,,7
extraspecial,solvable,Mathlib.GroupTheory.Exponent,GroupTheory,0.3251,0.0,0.3251,-1,,8
extraspecial,solvable,Mathlib.GroupTheory.Commensurable,GroupTheory,0.3197,0.0,0.3197,-1,,9
extraspecial,solvable,Mathlib.GroupTheory.PGroup,GroupTheory,0.3196,0.0,0.3196,-1,,10
gseries,solvable,Mathlib.GroupTheory.IsSubnormal,GroupTheory,0.3794,0.0,0.3794,0,HIGH-UNCERTAIN,1
gseries,solvable,Mathlib.GroupTheory.Nilpotent,GroupTheory,0.3236,0.0,0.3236,-1,,2
gseries,solvable,Mathlib.GroupTheory.Solvable,GroupTheory,0.3161,0.0,0.3161,-1,,3
gseries,solvable,Mathlib.GroupTheory.Index,GroupTheory,0.3145,0.0,0.3145,-1,,4
gseries,solvable,Mathlib.GroupTheory.Subgroup.Simple,GroupTheory,0.3106,0.0,0.3106,-1,,5
gseries,solvable,Mathlib.GroupTheory.Frattini,GroupTheory,0.3086,0.0,0.3086,-1,,6
gseries,solvable,Mathlib.GroupTheory.Commensurable,GroupTheory,0.3077,0.0,0.3077,-1,,7
gseries,solvable,Mathlib.GroupTheory.Coset.Card,GroupTheory,0.3027,0.0,0.3027,-1,,8
gseries,solvable,Mathlib.GroupTheory.Coset.Defs,GroupTheory,0.3024,0.0,0.3024,-1,,9
gseries,solvable,Mathlib.GroupTheory.Archimedean,GroupTheory,0.2989,0.0,0.2989,-1,,10
frobenius,solvable,Mathlib.GroupTheory.Transfer,GroupTheory,0.3128,0.0782,0.3909,1,MEDIUM,1
frobenius,solvable,Mathlib.GroupTheory.SemidirectProduct,GroupTheory,0.3103,0.0776,0.3879,-1,,2
frobenius,solvable,Mathlib.GroupTheory.Index,GroupTheory,0.3086,0.0771,0.3857,-1,,3
frobenius,solvable,Mathlib.GroupTheory.Nilpotent,GroupTheory,0.3007,0.0752,0.3759,-1,,4
frobenius,solvable,Mathlib.GroupTheory.Subgroup.Simple,GroupTheory,0.2988,0.0747,0.3735,-1,,5
frobenius,solvable,Mathlib.GroupTheory.PushoutI,GroupTheory,0.296,0.074,0.37,-1,,6
frobenius,solvable,Mathlib.GroupTheory.Abelianization.Defs,GroupTheory,0.2901,0.0725,0.3627,-1,,7
frobenius,solvable,Mathlib.GroupTheory.HNNExtension,GroupTheory,0.2814,0.0704,0.3518,-1,,8
frobenius,solvable,Mathlib.GroupTheory.CosetCover,GroupTheory,0.2798,0.07,0.3498,-1,,9
frobenius,solvable,Mathlib.GroupTheory.Perm.ViaEmbedding,GroupTheory,0.2666,0.0666,0.3332,-1,,10
cyclic,solvable,Mathlib.GroupTheory.SpecificGroups.Cyclic,GroupTheory,0.4486,0.0,0.4486,0,HIGH,1
cyclic,solvable,Mathlib.GroupTheory.Archimedean,GroupTheory,0.3529,0.0,0.3529,-1,,2
cyclic,solvable,Mathlib.GroupTheory.Exponent,GroupTheory,0.3455,0.0,0.3455,-1,,3
cyclic,solvable,Mathlib.GroupTheory.Perm.Closure,GroupTheory,0.3448,0.0,0.3448,-1,,4
cyclic,solvable,Mathlib.GroupTheory.SpecificGroups.ZGroup,GroupTheory,0.3386,0.0,0.3386,-1,,5
cyclic,solvable,Mathlib.GroupTheory.PGroup,GroupTheory,0.3333,0.0,0.3333,-1,,6
cyclic,solvable,Mathlib.GroupTheory.Frattini,GroupTheory,0.3328,0.0,0.3328,-1,,7
cyclic,solvable,Mathlib.Algebra.Order.Group.Cyclic,Algebra,0.3316,0.0,0.3316,-1,,8
cyclic,solvable,Mathlib.GroupTheory.Commensurable,GroupTheory,0.331,0.0,0.331,-1,,9
cyclic,solvable,Mathlib.GroupTheory.Focal,GroupTheory,0.3305,0.0,0.3305,-1,,10
burnside_app,solvable,Mathlib.GroupTheory.GroupAction.Blocks,GroupTheory,0.2024,0.0506,0.253,4,MEDIUM-LOW,1
burnside_app,solvable,Mathlib.GroupTheory.GroupAction.Transitive,GroupTheory,0.2,0.05,0.25,-1,,2
burnside_app,solvable,Mathlib.GroupTheory.Nilpotent,GroupTheory,0.2,0.05,0.25,-1,,3
burnside_app,solvable,Mathlib.GroupTheory.Perm.ViaEmbedding,GroupTheory,0.2,0.05,0.25,-1,,4
burnside_app,solvable,Mathlib.GroupTheory.GroupAction.SubMulAction.OfFixingSubgroup,GroupTheory,0.2,0.05,0.25,-1,,5
burnside_app,solvable,Mathlib.GroupTheory.Subgroup.Simple,GroupTheory,0.2,0.05,0.25,-1,,6
burnside_app,solvable,Mathlib.GroupTheory.Abelianization.Defs,GroupTheory,0.2,0.05,0.25,-1,,7
burnside_app,solvable,Mathlib.GroupTheory.GroupAction.Iwasawa,GroupTheory,0.2,0.05,0.25,-1,,8
burnside_app,solvable,Mathlib.GroupTheory.SpecificGroups.Alternating.Centralizer,GroupTheory,0.2121,0.0,0.2121,-1,,9
burnside_app,solvable,Mathlib.GroupTheory.Perm.Cycle.Concrete,GroupTheory,0.2115,0.0,0.2115,-1,,10
eqtype,boot,Mathlib.Data.TypeVec,Data,0.2905,0.0,0.2905,2,MEDIUM,1
eqtype,boot,Mathlib.Order.TypeTags,Order,0.2718,0.0,0.2718,-1,,2
eqtype,boot,Mathlib.Data.Int.ModEq,Data,0.2686,0.0,0.2686,-1,,3
eqtype,boot,Mathlib.Data.Nat.ModEq,Data,0.2682,0.0,0.2682,-1,,4
eqtype,boot,Mathlib.Order.Filter.AtTopBot.ModEq,Order,0.2493,0.0,0.2493,-1,,5
eqtype,boot,Mathlib.Data.Finset.Functor,Data,0.2352,0.0,0.2352,-1,,6
eqtype,boot,Mathlib.Data.Fintype.Defs,Data,0.2315,0.0,0.2315,-1,,7
eqtype,boot,Mathlib.Data.Erased,Data,0.2276,0.0,0.2276,-1,,8
eqtype,boot,Mathlib.Logic.Encodable.Basic,Logic,0.2274,0.0,0.2274,-1,,9
eqtype,boot,Mathlib.Data.Finset.BooleanAlgebra,Data,0.2271,0.0,0.2271,-1,,10
seq,boot,Mathlib.Data.Seq.Seq,Data,0.3924,0.0,0.3924,0,HIGH-UNCERTAIN,1
seq,boot,Mathlib.Data.Seq.Defs,Data,0.3749,0.0,0.3749,-1,,2
seq,boot,Mathlib.Data.List.Pi,Data,0.3597,0.0,0.3597,-1,,3
seq,boot,Mathlib.Data.WSeq.Basic,Data,0.3496,0.0,0.3496,-1,,4
seq,boot,Mathlib.Data.WSeq.Productive,Data,0.3483,0.0,0.3483,-1,,5
seq,boot,Mathlib.Data.List.Triplewise,Data,0.3387,0.0,0.3387,-1,,6
seq,boot,Mathlib.Data.List.GetD,Data,0.3382,0.0,0.3382,-1,,7
seq,boot,Mathlib.Data.Seq.Basic,Data,0.3358,0.0,0.3358,-1,,8
seq,boot,Mathlib.Data.List.AList,Data,0.3351,0.0,0.3351,-1,,9
seq,boot,Mathlib.Data.List.Palindrome,Data,0.3348,0.0,0.3348,-1,,10
bigop,boot,Mathlib.Data.Finset.Prod,Data,0.3587,0.0,0.3587,0,HIGH-UNCERTAIN,1
bigop,boot,Mathlib.Data.Finset.Sum,Data,0.3573,0.0,0.3573,-1,,2
bigop,boot,Mathlib.Data.Finset.Lattice.Prod,Data,0.3378,0.0,0.3378,-1,,3
bigop,boot,Mathlib.Data.Finset.NoncommProd,Data,0.3234,0.0,0.3234,-1,,4
bigop,boot,Mathlib.Data.Prod.TProd,Data,0.2941,0.0,0.2941,-1,,5
bigop,boot,Mathlib.Data.Finset.Card,Data,0.294,0.0,0.294,-1,,6
bigop,boot,Mathlib.Data.Finset.PiInduction,Data,0.2905,0.0,0.2905,-1,,7
bigop,boot,Mathlib.Data.Finset.Range,Data,0.2895,0.0,0.2895,-1,,8
bigop,boot,Mathlib.Data.Finset.Density,Data,0.2874,0.0,0.2874,-1,,9
bigop,boot,Mathlib.Data.Finset.Filter,Data,0.2866,0.0,0.2866,-1,,10
generic_quotient,boot,Mathlib.Data.ZMod.QuotientGroup,Data,0.3367,0.0,0.3367,1,MEDIUM,1
generic_quotient,boot,Mathlib.Order.Quotient,Order,0.3167,0.0,0.3167,-1,,2
generic_quotient,boot,Mathlib.Data.Fintype.Quotient,Data,0.2979,0.0,0.2979,-1,,3
generic_quotient,boot,Mathlib.Data.TypeVec,Data,0.2789,0.0,0.2789,-1,,4
generic_quotient,boot,Mathlib.Data.ZMod.QuotientRing,Data,0.2781,0.0,0.2781,-1,,5
generic_quotient,boot,Mathlib.Order.TypeTags,Order,0.274,0.0,0.274,-1,,6
generic_quotient,boot,Mathlib.Order.CompleteLattice.Group,Order,0.2611,0.0,0.2611,-1,,7
generic_quotient,boot,Mathlib.Data.Fintype.Order,Data,0.2049,0.0512,0.2562,-1,,8
generic_quotient,boot,Mathlib.Order.ConditionallyCompleteLattice.Group,Order,0.255,0.0,0.255,-1,,9
generic_quotient,boot,Mathlib.Data.Fintype.Inv,Data,0.2039,0.051,0.2549,-1,,10
tuple,boot,Mathlib.Data.Fin.Tuple.Take,Data,0.3944,0.0,0.3944,0,HIGH-UNCERTAIN,1
tuple,boot,Mathlib.Data.Fin.Tuple.Basic,Data,0.3507,0.0,0.3507,-1,,2
tuple,boot,Mathlib.Data.Fin.Tuple.Sort,Data,0.3256,0.0,0.3256,-1,,3
tuple,boot,Mathlib.Order.Fin.Tuple,Order,0.323,0.0,0.323,-1,,4
tuple,boot,Mathlib.Data.Fin.Tuple.Finset,Data,0.3224,0.0,0.3224,-1,,5
tuple,boot,Mathlib.Data.Fin.Tuple.NatAntidiagonal,Data,0.3188,0.0,0.3188,-1,,6
tuple,boot,Mathlib.Data.Fin.Tuple.Reflection,Data,0.317,0.0,0.317,-1,,7
tuple,boot,Mathlib.Data.Fin.Tuple.Embedding,Data,0.2989,0.0,0.2989,-1,,8
tuple,boot,Mathlib.Data.Fin.Tuple.Curry,Data,0.2935,0.0,0.2935,-1,,9
tuple,boot,Mathlib.Order.FixedPoints,Order,0.2891,0.0,0.2891,-1,,10
ssrnotations,boot,Mathlib.Order.Notation,Order,0.3974,0.0,0.3974,0,HIGH-UNCERTAIN,1
ssrnotations,boot,Mathlib.Data.Nat.Notation,Data,0.3577,0.0,0.3577,-1,,2
ssrnotations,boot,Mathlib.Data.Set.Notation,Data,0.3562,0.0,0.3562,-1,,3
ssrnotations,boot,Mathlib.Data.Int.Notation,Data,0.3556,0.0,0.3556,-1,,4
ssrnotations,boot,Mathlib.Data.Finsupp.Notation,Data,0.3483,0.0,0.3483,-1,,5
ssrnotations,boot,Mathlib.Data.PNat.Notation,Data,0.3324,0.0,0.3324,-1,,6
ssrnotations,boot,Mathlib.Order.SetNotation,Order,0.3321,0.0,0.3321,-1,,7
ssrnotations,boot,Mathlib.Data.DFinsupp.Notation,Data,0.3186,0.0,0.3186,-1,,8
ssrnotations,boot,Mathlib.Data.Fin.VecNotation,Data,0.3033,0.0,0.3033,-1,,9
ssrnotations,boot,Mathlib.Data.Int.NatAbs,Data,0.2456,0.0,0.2456,-1,,10
choice,boot,Mathlib.Data.TypeVec,Data,0.3242,0.0,0.3242,1,MEDIUM,1
choice,boot,Mathlib.Order.TypeTags,Order,0.3105,0.0,0.3105,-1,,2
choice,boot,Mathlib.Data.Countable.Small,Data,0.2364,0.0,0.2364,-1,,3
choice,boot,Mathlib.Data.Erased,Data,0.2265,0.0,0.2265,-1,,4
choice,boot,Mathlib.Data.Set.Enumerate,Data,0.2261,0.0,0.2261,-1,,5
choice,boot,Mathlib.Data.Set.FiniteExhaustion,Data,0.2238,0.0,0.2238,-1,,6
choice,boot,Mathlib.Data.Countable.Defs,Data,0.2223,0.0,0.2223,-1,,7
choice,boot,Mathlib.Logic.Nontrivial.Basic,Logic,0.2217,0.0,0.2217,-1,,8
choice,boot,Mathlib.Data.Set.Countable,Data,0.2214,0.0,0.2214,-1,,9
choice,boot,Mathlib.Logic.Encodable.Basic,Logic,0.2207,0.0,0.2207,-1,,10
ssreflect,boot,Mathlib.Data.Matrix.Reflection,Data,0.3159,0.0,0.3159,1,MEDIUM,1
ssreflect,boot,Mathlib.Data.Fin.Tuple.Reflection,Data,0.2996,0.0,0.2996,-1,,2
ssreflect,boot,Mathlib.Data.QPF.Univariate.Basic,Data,0.2511,0.0,0.2511,-1,,3
ssreflect,boot,Mathlib.Data.QPF.Multivariate.Constructions.Cofix,Data,0.2365,0.0,0.2365,-1,,4
ssreflect,boot,Mathlib.Data.PFunctor.Univariate.M,Data,0.2301,0.0,0.2301,-1,,5
ssreflect,boot,Mathlib.Data.QPF.Multivariate.Constructions.Fix,Data,0.2245,0.0,0.2245,-1,,6
ssreflect,boot,Mathlib.Data.Ordmap.Ordset,Data,0.2209,0.0,0.2209,-1,,7
ssreflect,boot,Mathlib.Data.Fin.Tuple.BubbleSortInduction,Data,0.2202,0.0,0.2202,-1,,8
ssreflect,boot,Mathlib.Data.List.InsertIdx,Data,0.2194,0.0,0.2194,-1,,9
ssreflect,boot,Mathlib.Data.QPF.Multivariate.Basic,Data,0.217,0.0,0.217,-1,,10
fintype,boot,Mathlib.Data.Fintype.Defs,Data,0.3482,0.0,0.3482,1,MEDIUM,1
fintype,boot,Mathlib.Data.Fintype.Card,Data,0.3457,0.0,0.3457,-1,,2
fintype,boot,Mathlib.Data.Fintype.Sets,Data,0.3451,0.0,0.3451,-1,,3
fintype,boot,Mathlib.Data.Fintype.Basic,Data,0.3439,0.0,0.3439,-1,,4
fintype,boot,Mathlib.Data.Fintype.Pigeonhole,Data,0.3413,0.0,0.3413,-1,,5
fintype,boot,Mathlib.Data.Fintype.Inv,Data,0.3394,0.0,0.3394,-1,,6
fintype,boot,Mathlib.Data.Finite.Card,Data,0.3392,0.0,0.3392,-1,,7
fintype,boot,Mathlib.Data.Fintype.Powerset,Data,0.3373,0.0,0.3373,-1,,8
fintype,boot,Mathlib.Data.Finite.Perm,Data,0.3368,0.0,0.3368,-1,,9
fintype,boot,Mathlib.Data.Fintype.Order,Data,0.3363,0.0,0.3363,-1,,10
fingraph,boot,Mathlib.Data.Finite.Defs,Data,0.3195,0.0,0.3195,1,MEDIUM,1
fingraph,boot,Mathlib.Data.Finite.Vector,Data,0.3173,0.0,0.3173,-1,,2
fingraph,boot,Mathlib.Order.Filter.Finite,Order,0.317,0.0,0.317,-1,,3
fingraph,boot,Mathlib.Order.Preorder.Finite,Order,0.3167,0.0,0.3167,-1,,4
fingraph,boot,Mathlib.Data.Finite.Prod,Data,0.3162,0.0,0.3162,-1,,5
fingraph,boot,Mathlib.Data.Finite.Set,Data,0.3147,0.0,0.3147,-1,,6
fingraph,boot,Mathlib.Order.Atoms.Finite,Order,0.3142,0.0,0.3142,-1,,7
fingraph,boot,Mathlib.Data.Finite.Perm,Data,0.3125,0.0,0.3125,-1,,8
fingraph,boot,Mathlib.Data.Finite.Sum,Data,0.312,0.0,0.312,-1,,9
fingraph,boot,Mathlib.Data.Finite.Card,Data,0.3119,0.0,0.3119,-1,,10
prime,boot,Mathlib.Data.List.Prime,Data,0.3966,0.0,0.3966,0,HIGH-UNCERTAIN,1
prime,boot,Mathlib.Data.Nat.PrimeFin,Data,0.3795,0.0,0.3795,-1,,2
prime,boot,Mathlib.Data.Nat.Prime.Basic,Data,0.3739,0.0,0.3739,-1,,3
prime,boot,Mathlib.Data.Nat.Prime.Defs,Data,0.3704,0.0,0.3704,-1,,4
prime,boot,Mathlib.Data.Nat.Prime.Factorial,Data,0.3632,0.0,0.3632,-1,,5
prime,boot,Mathlib.Data.Nat.Prime.Int,Data,0.3593,0.0,0.3593,-1,,6
prime,boot,Mathlib.Data.Num.Prime,Data,0.3564,0.0,0.3564,-1,,7
prime,boot,Mathlib.Data.Nat.Prime.Nth,Data,0.3552,0.0,0.3552,-1,,8
prime,boot,Mathlib.Data.PNat.Prime,Data,0.3545,0.0,0.3545,-1,,9
prime,boot,Mathlib.Data.Nat.Prime.Pow,Data,0.3524,0.0,0.3524,-1,,10
monoid,boot,Mathlib.Data.Multiset.OrderedMonoid,Data,0.2976,0.0,0.2976,2,MEDIUM,1
monoid,boot,Mathlib.Order.Filter.Germ.OrderedMonoid,Order,0.2956,0.0,0.2956,-1,,2
monoid,boot,Mathlib.Order.CompleteLattice.Group,Order,0.295,0.0,0.295,-1,,3
monoid,boot,Mathlib.Data.ZMod.QuotientGroup,Data,0.282,0.0,0.282,-1,,4
monoid,boot,Mathlib.Order.ConditionallyCompleteLattice.Group,Order,0.2806,0.0,0.2806,-1,,5
monoid,boot,Mathlib.Order.Filter.AtTopBot.Monoid,Order,0.2712,0.0,0.2712,-1,,6
monoid,boot,Mathlib.Order.Filter.AtTopBot.Group,Order,0.2706,0.0,0.2706,-1,,7
monoid,boot,Mathlib.Order.ULift,Order,0.2153,0.0,0.2153,-1,,8
monoid,boot,Mathlib.Logic.Equiv.Pairwise,Logic,0.2138,0.0,0.2138,-1,,9
monoid,boot,Mathlib.Data.SetLike.Fintype,Data,0.2128,0.0,0.2128,-1,,10
nmodule,boot,Mathlib.Data.DFinsupp.Module,Data,0.2802,0.0,0.2802,3,MEDIUM-LOW,1
nmodule,boot,Mathlib.Order.CompleteLattice.Group,Order,0.2721,0.0,0.2721,-1,,2
nmodule,boot,Mathlib.Data.ZMod.QuotientGroup,Data,0.2646,0.0,0.2646,-1,,3
nmodule,boot,Mathlib.Order.ConditionallyCompleteLattice.Group,Order,0.2632,0.0,0.2632,-1,,4
nmodule,boot,Mathlib.Order.Filter.AtTopBot.Group,Order,0.2569,0.0,0.2569,-1,,5
nmodule,boot,Mathlib.Data.Int.Cast.Defs,Data,0.2231,0.0,0.2231,-1,,6
nmodule,boot,Mathlib.Data.Int.Cast.Basic,Data,0.2156,0.0,0.2156,-1,,7
nmodule,boot,Mathlib.Order.ULift,Order,0.2154,0.0,0.2154,-1,,8
nmodule,boot,Mathlib.Logic.Equiv.Pairwise,Logic,0.2139,0.0,0.2139,-1,,9
nmodule,boot,Mathlib.Data.SetLike.Fintype,Data,0.2128,0.0,0.2128,-1,,10
ssrAC,boot,Mathlib.Data.List.InsertNth,Data,0.2562,0.0,0.2562,3,MEDIUM-LOW,1
ssrAC,boot,Mathlib.Data.Fintype.Inv,Data,0.2,0.05,0.25,-1,,2
ssrAC,boot,Mathlib.Data.Rat.Cast.Lemmas,Data,0.223,0.0,0.223,-1,,3
ssrAC,boot,Mathlib.Data.Finset.Erase,Data,0.222,0.0,0.222,-1,,4
ssrAC,boot,Mathlib.Data.List.AList,Data,0.2175,0.0,0.2175,-1,,5
ssrAC,boot,Mathlib.Data.List.OffDiag,Data,0.2169,0.0,0.2169,-1,,6
ssrAC,boot,Mathlib.Data.List.Sigma,Data,0.2168,0.0,0.2168,-1,,7
ssrAC,boot,Mathlib.Order.CompleteBooleanAlgebra,Order,0.2154,0.0,0.2154,-1,,8
ssrAC,boot,Mathlib.Data.NNRat.Defs,Data,0.2137,0.0,0.2137,-1,,9
ssrAC,boot,Mathlib.Data.Semiquot,Data,0.2133,0.0,0.2133,-1,,10
finfun,boot,Mathlib.Data.Finite.Prod,Data,0.3162,0.0,0.3162,1,MEDIUM,1
finfun,boot,Mathlib.Data.Finite.Card,Data,0.3102,0.0,0.3102,-1,,2
finfun,boot,Mathlib.Data.Finite.Defs,Data,0.3094,0.0,0.3094,-1,,3
finfun,boot,Mathlib.Data.Set.Finite.Monad,Data,0.3071,0.0,0.3071,-1,,4
finfun,boot,Mathlib.Data.FunLike.Fintype,Data,0.3062,0.0,0.3062,-1,,5
finfun,boot,Mathlib.Data.Set.Finite.Basic,Data,0.3032,0.0,0.3032,-1,,6
finfun,boot,Mathlib.Data.PFun,Data,0.3023,0.0,0.3023,-1,,7
finfun,boot,Mathlib.Data.Set.Finite.Range,Data,0.3015,0.0,0.3015,-1,,8
finfun,boot,Mathlib.Data.Finite.Perm,Data,0.3007,0.0,0.3007,-1,,9
finfun,boot,Mathlib.Logic.Function.Coequalizer,Logic,0.2995,0.0,0.2995,-1,,10
ssrbool,boot,Mathlib.Logic.Equiv.Bool,Logic,0.2917,0.0,0.2917,2,MEDIUM,1
ssrbool,boot,Mathlib.Data.Bool.Set,Data,0.2917,0.0,0.2917,-1,,2
ssrbool,boot,Mathlib.Data.Bool.Count,Data,0.2917,0.0,0.2917,-1,,3
ssrbool,boot,Mathlib.Data.Bool.Basic,Data,0.2917,0.0,0.2917,-1,,4
ssrbool,boot,Mathlib.Order.BooleanSubalgebra,Order,0.2786,0.0,0.2786,-1,,5
ssrbool,boot,Mathlib.Order.BooleanGenerators,Order,0.2786,0.0,0.2786,-1,,6
ssrbool,boot,Mathlib.Data.Finset.BooleanAlgebra,Data,0.2688,0.0,0.2688,-1,,7
ssrbool,boot,Mathlib.Data.Set.BooleanAlgebra,Data,0.2688,0.0,0.2688,-1,,8
ssrbool,boot,Mathlib.Data.Set.BoolIndicator,Data,0.2688,0.0,0.2688,-1,,9
ssrbool,boot,Mathlib.Order.BooleanAlgebra.Set,Order,0.2688,0.0,0.2688,-1,,10
ssrfun,boot,Mathlib.Logic.Function.Conjugate,Logic,0.31,0.0,0.31,2,MEDIUM,1
ssrfun,boot,Mathlib.Logic.Function.Defs,Logic,0.31,0.0,0.31,-1,,2
ssrfun,boot,Mathlib.Data.PFun,Data,0.31,0.0,0.31,-1,,3
ssrfun,boot,Mathlib.Logic.Function.Iterate,Logic,0.31,0.0,0.31,-1,,4
ssrfun,boot,Mathlib.Data.Set.Function,Data,0.31,0.0,0.31,-1,,5
ssrfun,boot,Mathlib.Logic.Function.Coequalizer,Logic,0.31,0.0,0.31,-1,,6
ssrfun,boot,Mathlib.Logic.Function.Basic,Logic,0.31,0.0,0.31,-1,,7
ssrfun,boot,Mathlib.Logic.Function.ULift,Logic,0.2917,0.0,0.2917,-1,,8
ssrfun,boot,Mathlib.Logic.Function.DependsOn,Logic,0.2786,0.0,0.2786,-1,,9
ssrfun,boot,Mathlib.Logic.Function.FiberPartition,Logic,0.2786,0.0,0.2786,-1,,10
all_boot,boot,Mathlib.Data.Bool.AllAny,Data,0.2917,0.0,0.2917,2,MEDIUM,1
all_boot,boot,Mathlib.Order.UpperLower.Basic,Order,0.2,0.0,0.2,-1,,2
all_boot,boot,Mathlib.Order.Zorn,Order,0.2,0.0,0.2,-1,,3
all_boot,boot,Mathlib.Order.WithBotTop,Order,0.2,0.0,0.2,-1,,4
all_boot,boot,Mathlib.Order.WithBot,Order,0.2,0.0,0.2,-1,,5
all_boot,boot,Mathlib.Order.WellQuasiOrder,Order,0.2,0.0,0.2,-1,,6
all_boot,boot,Mathlib.Order.WellFoundedSet,Order,0.2,0.0,0.2,-1,,7
all_boot,boot,Mathlib.Order.WellFounded,Order,0.2,0.0,0.2,-1,,8
all_boot,boot,Mathlib.Order.UpperLower.Relative,Order,0.2,0.0,0.2,-1,,9
all_boot,boot,Mathlib.Order.UpperLower.Prod,Order,0.2,0.0,0.2,-1,,10
finset,boot,Mathlib.Data.Finite.Set,Data,0.4967,0.0,0.4967,0,HIGH,1
finset,boot,Mathlib.Data.Set.Finite.Lattice,Data,0.4603,0.0,0.4603,-1,,2
finset,boot,Mathlib.Data.Set.Finite.Basic,Data,0.4554,0.0,0.4554,-1,,3
finset,boot,Mathlib.Data.Set.Finite.Range,Data,0.4544,0.0,0.4544,-1,,4
finset,boot,Mathlib.Data.Set.Finite.Monad,Data,0.4505,0.0,0.4505,-1,,5
finset,boot,Mathlib.Data.Set.Finite.List,Data,0.4385,0.0,0.4385,-1,,6
finset,boot,Mathlib.Data.Set.Finite.Powerset,Data,0.4349,0.0,0.4349,-1,,7
finset,boot,Mathlib.Data.Set.Finite.Lemmas,Data,0.4342,0.0,0.4342,-1,,8
finset,boot,Mathlib.Data.Set.FiniteExhaustion,Data,0.4076,0.0,0.4076,-1,,9
finset,boot,Mathlib.Order.Set,Order,0.3578,0.0,0.3578,-1,,10
binomial,boot,Mathlib.Data.Nat.Choose.Cast,Data,0.2839,0.0,0.2839,2,MEDIUM,1
binomial,boot,Mathlib.Data.Nat.Choose.Central,Data,0.2764,0.0,0.2764,-1,,2
binomial,boot,Mathlib.Data.Nat.Choose.Factorization,Data,0.2759,0.0,0.2759,-1,,3
binomial,boot,Mathlib.Data.Nat.Choose.Bounds,Data,0.2673,0.0,0.2673,-1,,4
binomial,boot,Mathlib.Data.Nat.Choose.Lucas,Data,0.2658,0.0,0.2658,-1,,5
binomial,boot,Mathlib.Data.Nat.Choose.Sum,Data,0.2605,0.0,0.2605,-1,,6
binomial,boot,Mathlib.Data.Nat.Choose.Basic,Data,0.2587,0.0,0.2587,-1,,7
binomial,boot,Mathlib.Data.Fintype.EquivFin,Data,0.2053,0.0513,0.2566,-1,,8
binomial,boot,Mathlib.Order.CompactlyGenerated.Basic,Order,0.205,0.0513,0.2563,-1,,9
binomial,boot,Mathlib.Data.Nat.Choose.Dvd,Data,0.2551,0.0,0.2551,-1,,10
ssrmatching,boot,Mathlib.Data.Option.Defs,Data,0.2496,0.0,0.2496,-1,LOW,1
ssrmatching,boot,Mathlib.Data.List.Indexes,Data,0.2388,0.0,0.2388,-1,,2
ssrmatching,boot,Mathlib.Data.Finset.Sigma,Data,0.236,0.0,0.236,-1,,3
ssrmatching,boot,Mathlib.Order.CompleteLattice.Chain,Order,0.2308,0.0,0.2308,-1,,4
ssrmatching,boot,Mathlib.Data.Holor,Data,0.2299,0.0,0.2299,-1,,5
ssrmatching,boot,Mathlib.Data.Fin.Basic,Data,0.2269,0.0,0.2269,-1,,6
ssrmatching,boot,Mathlib.Order.GaloisConnection.Defs,Order,0.2249,0.0,0.2249,-1,,7
ssrmatching,boot,Mathlib.Data.Finsupp.Defs,Data,0.2245,0.0,0.2245,-1,,8
ssrmatching,boot,Mathlib.Order.WellFounded,Order,0.2242,0.0,0.2242,-1,,9
ssrmatching,boot,Mathlib.Order.Zorn,Order,0.2241,0.0,0.2241,-1,,10
div,boot,Mathlib.Data.Nat.Digits.Div,Data,0.4302,0.0,0.4302,0,HIGH,1
div,boot,Mathlib.Data.Nat.ChineseRemainder,Data,0.3638,0.0,0.3638,-1,,2
div,boot,Mathlib.Data.Nat.ModEq,Data,0.3519,0.0,0.3519,-1,,3
div,boot,Mathlib.Data.PNat.Prime,Data,0.3509,0.0,0.3509,-1,,4
div,boot,Mathlib.Data.Nat.MaxPowDiv,Data,0.3498,0.0,0.3498,-1,,5
div,boot,Mathlib.Data.Nat.GCD.Basic,Data,0.3366,0.0,0.3366,-1,,6
div,boot,Mathlib.Data.Int.DivMod,Data,0.332,0.0,0.332,-1,,7
div,boot,Mathlib.Order.Nat,Order,0.3235,0.0,0.3235,-1,,8
div,boot,Mathlib.Data.PNat.Xgcd,Data,0.3189,0.0,0.3189,-1,,9
div,boot,Mathlib.Data.PNat.Defs,Data,0.3157,0.0,0.3157,-1,,10
ssrnat,boot,Mathlib.Data.Nat.Set,Data,0.3342,0.0,0.3342,1,MEDIUM,1
ssrnat,boot,Mathlib.Order.Nat,Order,0.3334,0.0,0.3334,-1,,2
ssrnat,boot,Mathlib.Data.Nat.Notation,Data,0.3305,0.0,0.3305,-1,,3
ssrnat,boot,Mathlib.Data.PNat.Find,Data,0.3224,0.0,0.3224,-1,,4
ssrnat,boot,Mathlib.Data.Nat.PSub,Data,0.3199,0.0,0.3199,-1,,5
ssrnat,boot,Mathlib.Data.Nat.Bitwise,Data,0.3181,0.0,0.3181,-1,,6
ssrnat,boot,Mathlib.Data.Nat.Count,Data,0.3143,0.0,0.3143,-1,,7
ssrnat,boot,Mathlib.Data.Nat.Basic,Data,0.314,0.0,0.314,-1,,8
ssrnat,boot,Mathlib.Data.Nat.Init,Data,0.3135,0.0,0.3135,-1,,9
ssrnat,boot,Mathlib.Data.PNat.Basic,Data,0.3126,0.0,0.3126,-1,,10
path,boot,Mathlib.Data.List.Cycle,Data,0.3375,0.0,0.3375,1,MEDIUM,1
path,boot,Mathlib.Data.List.Sort,Data,0.2528,0.0,0.2528,-1,,2
path,boot,Mathlib.Data.Multiset.Sort,Data,0.2465,0.0,0.2465,-1,,3
path,boot,Mathlib.Data.Stream.Defs,Data,0.2382,0.0,0.2382,-1,,4
path,boot,Mathlib.Data.Fin.Tuple.Sort,Data,0.2366,0.0,0.2366,-1,,5
path,boot,Mathlib.Data.PFunctor.Multivariate.W,Data,0.2353,0.0,0.2353,-1,,6
path,boot,Mathlib.Data.WSeq.Productive,Data,0.2308,0.0,0.2308,-1,,7
path,boot,Mathlib.Logic.Equiv.Finset,Logic,0.229,0.0,0.229,-1,,8
path,boot,Mathlib.Data.PFunctor.Univariate.M,Data,0.2287,0.0,0.2287,-1,,9
path,boot,Mathlib.Data.List.NodupEquivFin,Data,0.2283,0.0,0.2283,-1,,10
all_field,field,Mathlib.Algebra.Algebra.Field,Algebra,0.4609,0.0,0.4609,0,HIGH,1
all_field,field,Mathlib.Algebra.Field.ZMod,Algebra,0.4563,0.0,0.4563,-1,,2
all_field,field,Mathlib.Algebra.Field.Shrink,Algebra,0.4508,0.0,0.4508,-1,,3
all_field,field,Mathlib.Algebra.Field.Equiv,Algebra,0.4089,0.0,0.4089,-1,,4
all_field,field,Mathlib.Algebra.Order.Field.Defs,Algebra,0.3893,0.0,0.3893,-1,,5
all_field,field,Mathlib.Algebra.Field.IsField,Algebra,0.389,0.0,0.389,-1,,6
all_field,field,Mathlib.Algebra.Field.Rat,Algebra,0.3835,0.0,0.3835,-1,,7
all_field,field,Mathlib.Algebra.Field.Basic,Algebra,0.38,0.0,0.38,-1,,8
all_field,field,Mathlib.Algebra.Field.Opposite,Algebra,0.38,0.0,0.38,-1,,9
all_field,field,Mathlib.Algebra.Field.Defs,Algebra,0.3782,0.0,0.3782,-1,,10
qfpoly,field,Mathlib.FieldTheory.Finite.Polynomial,FieldTheory,0.387,0.0,0.387,0,HIGH-UNCERTAIN,1
qfpoly,field,Mathlib.Algebra.Polynomial.FieldDivision,Algebra,0.3811,0.0,0.3811,-1,,2
qfpoly,field,Mathlib.FieldTheory.KummerPolynomial,FieldTheory,0.377,0.0,0.377,-1,,3
qfpoly,field,Mathlib.Algebra.Polynomial.Eval.Irreducible,Algebra,0.347,0.0,0.347,-1,,4
qfpoly,field,Mathlib.FieldTheory.PolynomialGaloisGroup,FieldTheory,0.3454,0.0,0.3454,-1,,5
qfpoly,field,Mathlib.Algebra.Polynomial.Div,Algebra,0.3295,0.0,0.3295,-1,,6
qfpoly,field,Mathlib.Algebra.Polynomial.Lifts,Algebra,0.3282,0.0,0.3282,-1,,7
qfpoly,field,Mathlib.Algebra.Polynomial.Monic,Algebra,0.3279,0.0,0.3279,-1,,8
qfpoly,field,Mathlib.Algebra.Algebra.Field,Algebra,0.3251,0.0,0.3251,-1,,9
qfpoly,field,Mathlib.Algebra.Quotient,Algebra,0.3217,0.0,0.3217,-1,,10
algnum,field,Mathlib.NumberTheory.Basic,NumberTheory,0.3266,0.0,0.3266,1,MEDIUM,1
algnum,field,Mathlib.NumberTheory.Primorial,NumberTheory,0.3212,0.0,0.3212,-1,,2
algnum,field,Mathlib.NumberTheory.Multiplicity,NumberTheory,0.3151,0.0,0.3151,-1,,3
algnum,field,Mathlib.NumberTheory.Rayleigh,NumberTheory,0.3146,0.0,0.3146,-1,,4
algnum,field,Mathlib.NumberTheory.Ostrowski,NumberTheory,0.3136,0.0,0.3136,-1,,5
algnum,field,Mathlib.NumberTheory.NumberField.House,NumberTheory,0.3136,0.0,0.3136,-1,,6
algnum,field,Mathlib.NumberTheory.Dioph,NumberTheory,0.3119,0.0,0.3119,-1,,7
algnum,field,Mathlib.NumberTheory.Harmonic.Defs,NumberTheory,0.3119,0.0,0.3119,-1,,8
algnum,field,Mathlib.NumberTheory.Cyclotomic.Rat,NumberTheory,0.3114,0.0,0.3114,-1,,9
algnum,field,Mathlib.NumberTheory.Cyclotomic.PrimitiveRoots,NumberTheory,0.3114,0.0,0.3114,-1,,10
algC,field,Mathlib.FieldTheory.IsAlgClosed.AlgebraicClosure,FieldTheory,0.3622,0.0,0.3622,0,HIGH-UNCERTAIN,1
algC,field,Mathlib.FieldTheory.IsAlgClosed.Basic,FieldTheory,0.3299,0.0,0.3299,-1,,2
algC,field,Mathlib.FieldTheory.IsAlgClosed.Spectrum,FieldTheory,0.3233,0.0,0.3233,-1,,3
algC,field,Mathlib.FieldTheory.IsAlgClosed.Classification,FieldTheory,0.3181,0.0,0.3181,-1,,4
algC,field,Mathlib.Algebra.AlgebraicCard,Algebra,0.301,0.0,0.301,-1,,5
algC,field,Mathlib.FieldTheory.IsRealClosed.Basic,FieldTheory,0.3005,0.0,0.3005,-1,,6
algC,field,Mathlib.NumberTheory.Padics.Complex,NumberTheory,0.2976,0.0,0.2976,-1,,7
algC,field,Mathlib.FieldTheory.Minpoly.IsIntegrallyClosed,FieldTheory,0.283,0.0,0.283,-1,,8
algC,field,Mathlib.Algebra.Homology.TotalComplex,Algebra,0.2691,0.0,0.2691,-1,,9
algC,field,Mathlib.Algebra.Homology.ComplexShape,Algebra,0.268,0.0,0.268,-1,,10
separable,field,Mathlib.FieldTheory.Separable,FieldTheory,0.5157,0.0,0.5157,0,HIGH,1
separable,field,Mathlib.FieldTheory.Extension,FieldTheory,0.4458,0.0,0.4458,-1,,2
separable,field,Mathlib.FieldTheory.Finite.Extension,FieldTheory,0.4183,0.0,0.4183,-1,,3
separable,field,Mathlib.FieldTheory.SeparableClosure,FieldTheory,0.4113,0.0,0.4113,-1,,4
separable,field,Mathlib.FieldTheory.SeparableDegree,FieldTheory,0.4074,0.0,0.4074,-1,,5
separable,field,Mathlib.FieldTheory.KummerExtension,FieldTheory,0.3775,0.0,0.3775,-1,,6
separable,field,Mathlib.FieldTheory.PurelyInseparable.Basic,FieldTheory,0.3769,0.0,0.3769,-1,,7
separable,field,Mathlib.FieldTheory.PurelyInseparable.Tower,FieldTheory,0.3676,0.0,0.3676,-1,,8
separable,field,Mathlib.Algebra.Algebra.Field,Algebra,0.3464,0.0,0.3464,-1,,9
separable,field,Mathlib.FieldTheory.PurelyInseparable.Exponent,FieldTheory,0.3446,0.0,0.3446,-1,,10
cyclotomic,field,Mathlib.Algebra.Polynomial.Roots,Algebra,0.395,0.0,0.395,0,HIGH-UNCERTAIN,1
cyclotomic,field,Mathlib.Algebra.Polynomial.Cardinal,Algebra,0.3677,0.0,0.3677,-1,,2
cyclotomic,field,Mathlib.Algebra.Polynomial.Basis,Algebra,0.3672,0.0,0.3672,-1,,3
cyclotomic,field,Mathlib.Algebra.Polynomial.Expand,Algebra,0.3654,0.0,0.3654,-1,,4
cyclotomic,field,Mathlib.NumberTheory.Cyclotomic.Three,NumberTheory,0.365,0.0,0.365,-1,,5
cyclotomic,field,Mathlib.NumberTheory.Cyclotomic.Gal,NumberTheory,0.3619,0.0,0.3619,-1,,6
cyclotomic,field,Mathlib.Algebra.Polynomial.Factors,Algebra,0.3593,0.0,0.3593,-1,,7
cyclotomic,field,Mathlib.Algebra.Polynomial.Div,Algebra,0.3591,0.0,0.3591,-1,,8
cyclotomic,field,Mathlib.NumberTheory.Cyclotomic.PrimitiveRoots,NumberTheory,0.3589,0.0,0.3589,-1,,9
cyclotomic,field,Mathlib.Algebra.Polynomial.Lifts,Algebra,0.3562,0.0,0.3562,-1,,10
falgebra,field,Mathlib.Algebra.Polynomial.Module.FiniteDimensional,Algebra,0.4575,0.0,0.4575,0,HIGH,1
falgebra,field,Mathlib.Algebra.Divisibility.Finite,Algebra,0.4257,0.0,0.4257,-1,,2
falgebra,field,Mathlib.Algebra.Group.Equiv.Finite,Algebra,0.3887,0.0,0.3887,-1,,3
falgebra,field,Mathlib.Algebra.Module.Presentation.Finite,Algebra,0.3887,0.0,0.3887,-1,,4
falgebra,field,Mathlib.Algebra.Group.Submonoid.Finite,Algebra,0.3872,0.0,0.3872,-1,,5
falgebra,field,Mathlib.Algebra.Group.Subgroup.Finite,Algebra,0.3857,0.0,0.3857,-1,,6
falgebra,field,Mathlib.Algebra.Module.FinitePresentation,Algebra,0.3712,0.0,0.3712,-1,,7
falgebra,field,Mathlib.Algebra.Group.Pointwise.Set.Finite,Algebra,0.3642,0.0,0.3642,-1,,8
falgebra,field,Mathlib.Algebra.Group.ConjFinite,Algebra,0.362,0.0,0.362,-1,,9
falgebra,field,Mathlib.Algebra.Notation.FiniteSupport,Algebra,0.3617,0.0,0.3617,-1,,10
closed_field,field,Mathlib.FieldTheory.IsAlgClosed.Classification,FieldTheory,0.4144,0.0,0.4144,0,HIGH,1
closed_field,field,Mathlib.FieldTheory.IsAlgClosed.Spectrum,FieldTheory,0.3925,0.0,0.3925,-1,,2
closed_field,field,Mathlib.FieldTheory.IsAlgClosed.Basic,FieldTheory,0.3902,0.0,0.3902,-1,,3
closed_field,field,Mathlib.FieldTheory.IsRealClosed.Basic,FieldTheory,0.3831,0.0,0.3831,-1,,4
closed_field,field,Mathlib.FieldTheory.IsSepClosed,FieldTheory,0.3781,0.0,0.3781,-1,,5
closed_field,field,Mathlib.Algebra.Algebra.Field,Algebra,0.3503,0.0,0.3503,-1,,6
closed_field,field,Mathlib.FieldTheory.AxGrothendieck,FieldTheory,0.349,0.0,0.349,-1,,7
closed_field,field,Mathlib.FieldTheory.IsAlgClosed.AlgebraicClosure,FieldTheory,0.3426,0.0,0.3426,-1,,8
closed_field,field,Mathlib.FieldTheory.Minpoly.IsIntegrallyClosed,FieldTheory,0.3368,0.0,0.3368,-1,,9
closed_field,field,Mathlib.Algebra.Field.Shrink,Algebra,0.3286,0.0,0.3286,-1,,10
algebraics_fundamentals,field,Mathlib.Algebra.AlgebraicCard,Algebra,0.3238,0.0,0.3238,1,MEDIUM,1
algebraics_fundamentals,field,Mathlib.NumberTheory.ArithmeticFunction.Misc,NumberTheory,0.257,0.0642,0.3212,-1,,2
algebraics_fundamentals,field,Mathlib.NumberTheory.Padics.Complex,NumberTheory,0.3105,0.0,0.3105,-1,,3
algebraics_fundamentals,field,Mathlib.NumberTheory.NumberField.InfinitePlace.Embeddings,NumberTheory,0.3076,0.0,0.3076,-1,,4
algebraics_fundamentals,field,Mathlib.NumberTheory.Modular,NumberTheory,0.3069,0.0,0.3069,-1,,5
algebraics_fundamentals,field,Mathlib.NumberTheory.NumberField.CMField,NumberTheory,0.3058,0.0,0.3058,-1,,6
algebraics_fundamentals,field,Mathlib.FieldTheory.IsAlgClosed.Basic,FieldTheory,0.2436,0.0609,0.3046,-1,,7
algebraics_fundamentals,field,Mathlib.NumberTheory.Basic,NumberTheory,0.2998,0.0,0.2998,-1,,8
algebraics_fundamentals,field,Mathlib.NumberTheory.Rayleigh,NumberTheory,0.2995,0.0,0.2995,-1,,9
algebraics_fundamentals,field,Mathlib.NumberTheory.Ostrowski,NumberTheory,0.2981,0.0,0.2981,-1,,10
fieldext,field,Mathlib.FieldTheory.Extension,FieldTheory,0.4392,0.0,0.4392,0,HIGH,1
fieldext,field,Mathlib.FieldTheory.Finite.Extension,FieldTheory,0.4104,0.0,0.4104,-1,,2
fieldext,field,Mathlib.FieldTheory.KummerExtension,FieldTheory,0.3789,0.0,0.3789,-1,,3
fieldext,field,Mathlib.Algebra.Algebra.Field,Algebra,0.3474,0.0,0.3474,-1,,4
fieldext,field,Mathlib.Algebra.Order.Field.Subfield,Algebra,0.3471,0.0,0.3471,-1,,5
fieldext,field,Mathlib.Algebra.Field.Subfield.Defs,Algebra,0.3354,0.0,0.3354,-1,,6
fieldext,field,Mathlib.FieldTheory.Isaacs,FieldTheory,0.3348,0.0,0.3348,-1,,7
fieldext,field,Mathlib.FieldTheory.Minpoly.Field,FieldTheory,0.3347,0.0,0.3347,-1,,8
fieldext,field,Mathlib.Algebra.Field.Subfield.Basic,Algebra,0.3318,0.0,0.3318,-1,,9
fieldext,field,Mathlib.FieldTheory.Fixed,FieldTheory,0.3282,0.0,0.3282,-1,,10
galois,field,Mathlib.FieldTheory.Extension,FieldTheory,0.4636,0.0,0.4636,0,HIGH,1
galois,field,Mathlib.FieldTheory.PolynomialGaloisGroup,FieldTheory,0.4411,0.0,0.4411,-1,,2
galois,field,Mathlib.FieldTheory.Galois.Abelian,FieldTheory,0.4367,0.0,0.4367,-1,,3
galois,field,Mathlib.FieldTheory.Galois.Profinite,FieldTheory,0.4362,0.0,0.4362,-1,,4
galois,field,Mathlib.FieldTheory.Galois.Basic,FieldTheory,0.4305,0.0,0.4305,-1,,5
galois,field,Mathlib.FieldTheory.Finite.Extension,FieldTheory,0.4262,0.0,0.4262,-1,,6
galois,field,Mathlib.FieldTheory.Galois.Infinite,FieldTheory,0.4222,0.0,0.4222,-1,,7
galois,field,Mathlib.FieldTheory.Galois.Notation,FieldTheory,0.4205,0.0,0.4205,-1,,8
galois,field,Mathlib.NumberTheory.NumberField.Cyclotomic.Galois,NumberTheory,0.4138,0.0,0.4138,-1,,9
galois,field,Mathlib.FieldTheory.KummerExtension,FieldTheory,0.4065,0.0,0.4065,-1,,10
finfield,field,Mathlib.FieldTheory.Finite.Trace,FieldTheory,0.4095,0.0,0.4095,0,HIGH,1
finfield,field,Mathlib.FieldTheory.Finite.Polynomial,FieldTheory,0.4084,0.0,0.4084,-1,,2
finfield,field,Mathlib.FieldTheory.Finite.Basic,FieldTheory,0.4054,0.0,0.4054,-1,,3
finfield,field,Mathlib.FieldTheory.Finite.Extension,FieldTheory,0.4053,0.0,0.4053,-1,,4
finfield,field,Mathlib.FieldTheory.Finite.Valuation,FieldTheory,0.3974,0.0,0.3974,-1,,5
finfield,field,Mathlib.FieldTheory.Finite.GaloisField,FieldTheory,0.3973,0.0,0.3973,-1,,6
finfield,field,Mathlib.Algebra.Algebra.Field,Algebra,0.3469,0.0,0.3469,-1,,7
finfield,field,Mathlib.Algebra.Field.Shrink,Algebra,0.3408,0.0,0.3408,-1,,8
finfield,field,Mathlib.NumberTheory.NumberField.FinitePlaces,NumberTheory,0.3317,0.0,0.3317,-1,,9
finfield,field,Mathlib.FieldTheory.Cardinality,FieldTheory,0.3304,0.0,0.3304,-1,,10
all_ssreflect,ssreflect,Mathlib.Data.Matrix.Reflection,Data,0.2917,0.0,0.2917,2,MEDIUM,1
all_ssreflect,ssreflect,Mathlib.Data.Fin.Tuple.Reflection,Data,0.2786,0.0,0.2786,-1,,2
all_ssreflect,ssreflect,Mathlib.Data.Bool.AllAny,Data,0.2688,0.0,0.2688,-1,,3
all_ssreflect,ssreflect,Mathlib.Data.List.Intervals,Data,0.2,0.05,0.25,-1,,4
all_ssreflect,ssreflect,Mathlib.Data.Fin.Basic,Data,0.2,0.05,0.25,-1,,5
all_ssreflect,ssreflect,Mathlib.Data.List.Permutation,Data,0.2,0.05,0.25,-1,,6
all_ssreflect,ssreflect,Mathlib.Logic.Pairwise,Logic,0.2,0.05,0.25,-1,,7
all_ssreflect,ssreflect,Mathlib.Data.PSigma.Order,Data,0.2,0.05,0.25,-1,,8
all_ssreflect,ssreflect,Mathlib.Data.Prod.Lex,Data,0.2,0.05,0.25,-1,,9
all_ssreflect,ssreflect,Mathlib.Data.Sigma.Order,Data,0.2,0.05,0.25,-1,,10
all,all,Mathlib.Util.GetAllModules,Util,0.11,0.0,0.11,-1,LOW,1
all,all,Mathlib.Data.Bool.AllAny,Data,0.11,0.0,0.11,-1,,2
all,all,Mathlib.Algebra.Algebra.Hom,Algebra,0.0,0.0,0.0,-1,,3
all,all,Mathlib.Algebra.Algebra.Hom.Rat,Algebra,0.0,0.0,0.0,-1,,4
all,all,Mathlib.Util.Notation3,Util,0.0,0.0,0.0,-1,,5
all,all,Mathlib,Mathlib,0.0,0.0,0.0,-1,,6
all,all,Mathlib.Util.WithWeakNamespace,Util,0.0,0.0,0.0,-1,,7
all,all,Mathlib.Util.WhatsNew,Util,0.0,0.0,0.0,-1,,8
all,all,Mathlib.Util.TransImports,Util,0.0,0.0,0.0,-1,,9
all,all,Mathlib.Util.TermReduce,Util,0.0,0.0,0.0,-1,,10
vcharacter,character,Mathlib.RepresentationTheory.Character,RepresentationTheory,0.3389,0.0,0.3389,1,MEDIUM,1
vcharacter,character,Mathlib.RepresentationTheory.Invariants,RepresentationTheory,0.2027,0.0507,0.2533,-1,,2
vcharacter,character,Mathlib.RepresentationTheory.FinGroupCharZero,RepresentationTheory,0.2005,0.0501,0.2506,-1,,3
vcharacter,character,Mathlib.GroupTheory.IndexNormal,GroupTheory,0.2375,0.0,0.2375,-1,,4
vcharacter,character,Mathlib.GroupTheory.FiniteIndexNormalSubgroup,GroupTheory,0.2247,0.0,0.2247,-1,,5
vcharacter,character,Mathlib.GroupTheory.SpecificGroups.Alternating,GroupTheory,0.2199,0.0,0.2199,-1,,6
vcharacter,character,Mathlib.GroupTheory.SchurZassenhaus,GroupTheory,0.2197,0.0,0.2197,-1,,7
vcharacter,character,Mathlib.RepresentationTheory.Irreducible,RepresentationTheory,0.2189,0.0,0.2189,-1,,8
vcharacter,character,Mathlib.GroupTheory.Index,GroupTheory,0.2173,0.0,0.2173,-1,,9
vcharacter,character,Mathlib.GroupTheory.IsSubnormal,GroupTheory,0.2169,0.0,0.2169,-1,,10
integral_char,character,Mathlib.RepresentationTheory.FinGroupCharZero,RepresentationTheory,0.2721,0.068,0.3401,1,MEDIUM,1
integral_char,character,Mathlib.RepresentationTheory.Character,RepresentationTheory,0.3275,0.0,0.3275,-1,,2
integral_char,character,Mathlib.RepresentationTheory.Invariants,RepresentationTheory,0.2057,0.0514,0.2571,-1,,3
integral_char,character,Mathlib.GroupTheory.ClassEquation,GroupTheory,0.2369,0.0,0.2369,-1,,4
integral_char,character,Mathlib.GroupTheory.SpecificGroups.Alternating.Centralizer,GroupTheory,0.2284,0.0,0.2284,-1,,5
integral_char,character,Mathlib.GroupTheory.Perm.Centralizer,GroupTheory,0.2278,0.0,0.2278,-1,,6
integral_char,character,Mathlib.GroupTheory.Coset.Card,GroupTheory,0.221,0.0,0.221,-1,,7
integral_char,character,Mathlib.GroupTheory.Subgroup.Simple,GroupTheory,0.22,0.0,0.22,-1,,8
integral_char,character,Mathlib.GroupTheory.Perm.Subgroup,GroupTheory,0.2197,0.0,0.2197,-1,,9
integral_char,character,Mathlib.GroupTheory.GroupExtension.Defs,GroupTheory,0.2175,0.0,0.2175,-1,,10
mxrepresentation,character,Mathlib.RepresentationTheory.Semisimple,RepresentationTheory,0.3614,0.0,0.3614,0,HIGH-UNCERTAIN,1
mxrepresentation,character,Mathlib.RepresentationTheory.Irreducible,RepresentationTheory,0.3587,0.0,0.3587,-1,,2
mxrepresentation,character,Mathlib.RepresentationTheory.Rep,RepresentationTheory,0.3457,0.0,0.3457,-1,,3
mxrepresentation,character,Mathlib.RepresentationTheory.Character,RepresentationTheory,0.3394,0.0,0.3394,-1,,4
mxrepresentation,character,Mathlib.RepresentationTheory.Submodule,RepresentationTheory,0.3327,0.0,0.3327,-1,,5
mxrepresentation,character,Mathlib.RepresentationTheory.Basic,RepresentationTheory,0.3293,0.0,0.3293,-1,,6
mxrepresentation,character,Mathlib.RepresentationTheory.Coinduced,RepresentationTheory,0.3248,0.0,0.3248,-1,,7
mxrepresentation,character,Mathlib.RepresentationTheory.Subrepresentation,RepresentationTheory,0.3223,0.0,0.3223,-1,,8
mxrepresentation,character,Mathlib.RepresentationTheory.AlgebraRepresentation.Basic,RepresentationTheory,0.321,0.0,0.321,-1,,9
mxrepresentation,character,Mathlib.RepresentationTheory.Maschke,RepresentationTheory,0.3193,0.0,0.3193,-1,,10
inertia,character,Mathlib.RepresentationTheory.FinGroupCharZero,RepresentationTheory,0.2587,0.0647,0.3234,1,MEDIUM,1
inertia,character,Mathlib.GroupTheory.PGroup,GroupTheory,0.3093,0.0,0.3093,-1,,2
inertia,character,Mathlib.GroupTheory.Index,GroupTheory,0.3038,0.0,0.3038,-1,,3
inertia,character,Mathlib.GroupTheory.Sylow,GroupTheory,0.3034,0.0,0.3034,-1,,4
inertia,character,Mathlib.GroupTheory.Commensurable,GroupTheory,0.3025,0.0,0.3025,-1,,5
inertia,character,Mathlib.GroupTheory.Torsion,GroupTheory,0.3023,0.0,0.3023,-1,,6
inertia,character,Mathlib.GroupTheory.Schreier,GroupTheory,0.3007,0.0,0.3007,-1,,7
inertia,character,Mathlib.GroupTheory.Divisible,GroupTheory,0.2989,0.0,0.2989,-1,,8
inertia,character,Mathlib.GroupTheory.Nilpotent,GroupTheory,0.2988,0.0,0.2988,-1,,9
inertia,character,Mathlib.GroupTheory.Rank,GroupTheory,0.2981,0.0,0.2981,-1,,10
character,character,Mathlib.RepresentationTheory.Character,RepresentationTheory,0.5211,0.0,0.5211,0,HIGH,1
character,character,Mathlib.RepresentationTheory.Irreducible,RepresentationTheory,0.3388,0.0,0.3388,-1,,2
character,character,Mathlib.RepresentationTheory.Induced,RepresentationTheory,0.3355,0.0,0.3355,-1,,3
character,character,Mathlib.RepresentationTheory.Coinduced,RepresentationTheory,0.331,0.0,0.331,-1,,4
character,character,Mathlib.RepresentationTheory.Rep,RepresentationTheory,0.3294,0.0,0.3294,-1,,5
character,character,Mathlib.RepresentationTheory.Submodule,RepresentationTheory,0.3263,0.0,0.3263,-1,,6
character,character,Mathlib.RepresentationTheory.Subrepresentation,RepresentationTheory,0.3257,0.0,0.3257,-1,,7
character,character,Mathlib.RepresentationTheory.Basic,RepresentationTheory,0.3256,0.0,0.3256,-1,,8
character,character,Mathlib.RepresentationTheory.Coinvariants,RepresentationTheory,0.325,0.0,0.325,-1,,9
character,character,Mathlib.RepresentationTheory.Invariants,RepresentationTheory,0.3233,0.0,0.3233,-1,,10
classfun,character,Mathlib.GroupTheory.ClassEquation,GroupTheory,0.2832,0.0,0.2832,3,MEDIUM-LOW,1
classfun,character,Mathlib.RepresentationTheory.FinGroupCharZero,RepresentationTheory,0.2111,0.0528,0.2639,-1,,2
classfun,character,Mathlib.RepresentationTheory.Invariants,RepresentationTheory,0.2062,0.0516,0.2578,-1,,3
classfun,character,Mathlib.GroupTheory.Perm.Centralizer,GroupTheory,0.2173,0.0,0.2173,-1,,4
classfun,character,Mathlib.GroupTheory.CosetCover,GroupTheory,0.2156,0.0,0.2156,-1,,5
classfun,character,Mathlib.GroupTheory.GroupAction.ConjAct,GroupTheory,0.2152,0.0,0.2152,-1,,6
classfun,character,Mathlib.GroupTheory.SpecificGroups.KleinFour,GroupTheory,0.2133,0.0,0.2133,-1,,7
classfun,character,Mathlib.GroupTheory.Coxeter.Inversion,GroupTheory,0.2131,0.0,0.2131,-1,,8
classfun,character,Mathlib.RepresentationTheory.Character,RepresentationTheory,0.2128,0.0,0.2128,-1,,9
classfun,character,Mathlib.GroupTheory.GroupAction.MultipleTransitivity,GroupTheory,0.2118,0.0,0.2118,-1,,10
mxabelem,character,Mathlib.GroupTheory.Coxeter.Matrix,GroupTheory,0.2885,0.0,0.2885,2,MEDIUM,1
mxabelem,character,Mathlib.GroupTheory.FreeAbelianGroup,GroupTheory,0.2828,0.0,0.2828,-1,,2
mxabelem,character,Mathlib.RepresentationTheory.FinGroupCharZero,RepresentationTheory,0.223,0.0558,0.2788,-1,,3
mxabelem,character,Mathlib.RepresentationTheory.Invariants,RepresentationTheory,0.2226,0.0557,0.2783,-1,,4
mxabelem,character,Mathlib.GroupTheory.FiniteAbelian.Basic,GroupTheory,0.2736,0.0,0.2736,-1,,5
mxabelem,character,Mathlib.GroupTheory.FiniteAbelian.Duality,GroupTheory,0.2734,0.0,0.2734,-1,,6
mxabelem,character,Mathlib.RepresentationTheory.AlgebraRepresentation.Basic,RepresentationTheory,0.2385,0.0,0.2385,-1,,7
mxabelem,character,Mathlib.RepresentationTheory.Semisimple,RepresentationTheory,0.2352,0.0,0.2352,-1,,8
mxabelem,character,Mathlib.RepresentationTheory.Basic,RepresentationTheory,0.2346,0.0,0.2346,-1,,9
mxabelem,character,Mathlib.GroupTheory.GroupAction.Primitive,GroupTheory,0.2337,0.0,0.2337,-1,,10
all_character,character,Mathlib.RepresentationTheory.Character,RepresentationTheory,0.4889,0.0,0.4889,0,HIGH,1
all_character,character,Mathlib.RepresentationTheory.Subrepresentation,RepresentationTheory,0.2917,0.0,0.2917,-1,,2
all_character,character,Mathlib.RepresentationTheory.Rep,RepresentationTheory,0.2917,0.0,0.2917,-1,,3
all_character,character,Mathlib.RepresentationTheory.Coinvariants,RepresentationTheory,0.2917,0.0,0.2917,-1,,4
all_character,character,Mathlib.RepresentationTheory.Coinduced,RepresentationTheory,0.2917,0.0,0.2917,-1,,5
all_character,character,Mathlib.RepresentationTheory.Basic,RepresentationTheory,0.2917,0.0,0.2917,-1,,6
all_character,character,Mathlib.RepresentationTheory.Tannaka,RepresentationTheory,0.2917,0.0,0.2917,-1,,7
all_character,character,Mathlib.RepresentationTheory.Invariants,RepresentationTheory,0.2917,0.0,0.2917,-1,,8
all_character,character,Mathlib.RepresentationTheory.Maschke,RepresentationTheory,0.2917,0.0,0.2917,-1,,9
all_character,character,Mathlib.RepresentationTheory.Irreducible,RepresentationTheory,0.2917,0.0,0.2917,-1,,10
intdiv,algebra,Mathlib.Algebra.MonoidAlgebra.Division,Algebra,0.3282,0.0,0.3282,1,MEDIUM,1
intdiv,algebra,Mathlib.Algebra.Divisibility.Finite,Algebra,0.3102,0.0,0.3102,-1,,2
intdiv,algebra,Mathlib.Algebra.Divisibility.Prod,Algebra,0.3085,0.0,0.3085,-1,,3
intdiv,algebra,Mathlib.Algebra.MvPolynomial.Division,Algebra,0.3073,0.0,0.3073,-1,,4
intdiv,algebra,Mathlib.Algebra.Divisibility.Hom,Algebra,0.3055,0.0,0.3055,-1,,5
intdiv,algebra,Mathlib.Algebra.Divisibility.Basic,Algebra,0.3043,0.0,0.3043,-1,,6
intdiv,algebra,Mathlib.Algebra.Divisibility.Units,Algebra,0.2997,0.0,0.2997,-1,,7
intdiv,algebra,Mathlib.RingTheory.Localization.Integer,RingTheory,0.2939,0.0,0.2939,-1,,8
intdiv,algebra,Mathlib.Algebra.Ring.Divisibility.Basic,Algebra,0.2934,0.0,0.2934,-1,,9
intdiv,algebra,Mathlib.LinearAlgebra.Matrix.Integer,LinearAlgebra,0.291,0.0,0.291,-1,,10
matrix,algebra,Mathlib.LinearAlgebra.Matrix.Determinant.Basic,LinearAlgebra,0.6286,0.0,0.6286,0,HIGH,1
matrix,algebra,Mathlib.LinearAlgebra.Matrix.Determinant.Misc,LinearAlgebra,0.6057,0.0,0.6057,-1,,2
matrix,algebra,Mathlib.LinearAlgebra.Matrix.Transvection,LinearAlgebra,0.5833,0.0,0.5833,-1,,3
matrix,algebra,Mathlib.LinearAlgebra.Matrix.Swap,LinearAlgebra,0.5626,0.0,0.5626,-1,,4
matrix,algebra,Mathlib.LinearAlgebra.Matrix.Stochastic,LinearAlgebra,0.5571,0.0,0.5571,-1,,5
matrix,algebra,Mathlib.LinearAlgebra.Determinant,LinearAlgebra,0.5551,0.0,0.5551,-1,,6
matrix,algebra,Mathlib.LinearAlgebra.Matrix.Adjugate,LinearAlgebra,0.5435,0.0,0.5435,-1,,7
matrix,algebra,Mathlib.LinearAlgebra.Matrix.Vec,LinearAlgebra,0.5381,0.0,0.5381,-1,,8
matrix,algebra,Mathlib.LinearAlgebra.Matrix.Defs,LinearAlgebra,0.5339,0.0,0.5339,-1,,9
matrix,algebra,Mathlib.LinearAlgebra.Matrix.Trace,LinearAlgebra,0.523,0.0,0.523,-1,,10
mxred,algebra,Mathlib.LinearAlgebra.Matrix.BaseChange,LinearAlgebra,0.3571,0.0,0.3571,0,HIGH-UNCERTAIN,1
mxred,algebra,Mathlib.Algebra.Central.Matrix,Algebra,0.3483,0.0,0.3483,-1,,2
mxred,algebra,Mathlib.Algebra.Algebra.Subalgebra.Matrix,Algebra,0.3433,0.0,0.3433,-1,,3
mxred,algebra,Mathlib.Algebra.Azumaya.Matrix,Algebra,0.334,0.0,0.334,-1,,4
mxred,algebra,Mathlib.Algebra.Lie.Matrix,Algebra,0.3303,0.0,0.3303,-1,,5
mxred,algebra,Mathlib.LinearAlgebra.Matrix.Basis,LinearAlgebra,0.3273,0.0,0.3273,-1,,6
mxred,algebra,Mathlib.LinearAlgebra.Matrix.Permanent,LinearAlgebra,0.3228,0.0,0.3228,-1,,7
mxred,algebra,Mathlib.LinearAlgebra.Matrix.Unique,LinearAlgebra,0.3217,0.0,0.3217,-1,,8
mxred,algebra,Mathlib.LinearAlgebra.Matrix.Polynomial,LinearAlgebra,0.3216,0.0,0.3216,-1,,9
mxred,algebra,Mathlib.LinearAlgebra.Matrix.CharP,LinearAlgebra,0.3212,0.0,0.3212,-1,,10
polyXY,algebra,Mathlib.Algebra.Polynomial.Bivariate,Algebra,0.4433,0.0,0.4433,0,HIGH,1
polyXY,algebra,Mathlib.RingTheory.Polynomial.HilbertPoly,RingTheory,0.3513,0.0,0.3513,-1,,2
polyXY,algebra,Mathlib.Algebra.Polynomial.Homogenize,Algebra,0.3485,0.0,0.3485,-1,,3
polyXY,algebra,Mathlib.Algebra.Polynomial.Roots,Algebra,0.3271,0.0,0.3271,-1,,4
polyXY,algebra,Mathlib.Algebra.Polynomial.Identities,Algebra,0.3251,0.0,0.3251,-1,,5
polyXY,algebra,Mathlib.Algebra.Polynomial.Degree.Monomial,Algebra,0.3155,0.0,0.3155,-1,,6
polyXY,algebra,Mathlib.Algebra.Polynomial.Basic,Algebra,0.3137,0.0,0.3137,-1,,7
polyXY,algebra,Mathlib.Algebra.Polynomial.Coeff,Algebra,0.3121,0.0,0.3121,-1,,8
polyXY,algebra,Mathlib.Algebra.Polynomial.Inductions,Algebra,0.3117,0.0,0.3117,-1,,9
polyXY,algebra,Mathlib.Algebra.Polynomial.Mirror,Algebra,0.3107,0.0,0.3107,-1,,10
num_theory/numfield,algebra,Mathlib.NumberTheory.NumberField.House,NumberTheory,0.4244,0.0,0.4244,0,HIGH,1
num_theory/numfield,algebra,Mathlib.NumberTheory.NumberField.Completion,NumberTheory,0.4224,0.0,0.4224,-1,,2
num_theory/numfield,algebra,Mathlib.NumberTheory.NumberField.Norm,NumberTheory,0.4139,0.0,0.4139,-1,,3
num_theory/numfield,algebra,Mathlib.NumberTheory.Height.NumberField,NumberTheory,0.4134,0.0,0.4134,-1,,4
num_theory/numfield,algebra,Mathlib.NumberTheory.NumberField.Basic,NumberTheory,0.4122,0.0,0.4122,-1,,5
num_theory/numfield,algebra,Mathlib.NumberTheory.FunctionField,NumberTheory,0.4103,0.0,0.4103,-1,,6
num_theory/numfield,algebra,Mathlib.NumberTheory.NumberField.Discriminant.Defs,NumberTheory,0.3939,0.0,0.3939,-1,,7
num_theory/numfield,algebra,Mathlib.NumberTheory.NumberField.Ideal.Asymptotics,NumberTheory,0.3925,0.0,0.3925,-1,,8
num_theory/numfield,algebra,Mathlib.NumberTheory.NumberField.ClassNumber,NumberTheory,0.3914,0.0,0.3914,-1,,9
num_theory/numfield,algebra,Mathlib.NumberTheory.NumberField.Units.Basic,NumberTheory,0.3907,0.0,0.3907,-1,,10
num_theory/ssrnum,algebra,Mathlib.NumberTheory.Cyclotomic.Rat,NumberTheory,0.4069,0.0,0.4069,0,HIGH,1
num_theory/ssrnum,algebra,Mathlib.NumberTheory.Harmonic.Int,NumberTheory,0.3957,0.0,0.3957,-1,,2
num_theory/ssrnum,algebra,Mathlib.NumberTheory.Zsqrtd.GaussianInt,NumberTheory,0.3618,0.0,0.3618,-1,,3
num_theory/ssrnum,algebra,Mathlib.NumberTheory.Fermat,NumberTheory,0.3382,0.0,0.3382,-1,,4
num_theory/ssrnum,algebra,Mathlib.NumberTheory.Modular,NumberTheory,0.3381,0.0,0.3381,-1,,5
num_theory/ssrnum,algebra,Mathlib.NumberTheory.Basic,NumberTheory,0.3377,0.0,0.3377,-1,,6
num_theory/ssrnum,algebra,Mathlib.NumberTheory.Cyclotomic.Three,NumberTheory,0.3373,0.0,0.3373,-1,,7
num_theory/ssrnum,algebra,Mathlib.RingTheory.Localization.Rat,RingTheory,0.3365,0.0,0.3365,-1,,8
num_theory/ssrnum,algebra,Mathlib.NumberTheory.Primorial,NumberTheory,0.3363,0.0,0.3363,-1,,9
num_theory/ssrnum,algebra,Mathlib.NumberTheory.Ostrowski,NumberTheory,0.3338,0.0,0.3338,-1,,10
ssralg,algebra,Mathlib.Algebra.Ring.Action.Field,Algebra,0.4399,0.0,0.4399,0,HIGH,1
ssralg,algebra,Mathlib.Algebra.Order.Module.Field,Algebra,0.4357,0.0,0.4357,-1,,2
ssralg,algebra,Mathlib.Algebra.Module.Torsion.Field,Algebra,0.4357,0.0,0.4357,-1,,3
ssralg,algebra,Mathlib.Algebra.Module.RingHom,Algebra,0.411,0.0,0.411,-1,,4
ssralg,algebra,Mathlib.Algebra.Algebra.Field,Algebra,0.3865,0.0,0.3865,-1,,5
ssralg,algebra,Mathlib.Algebra.Ring.Shrink,Algebra,0.3847,0.0,0.3847,-1,,6
ssralg,algebra,Mathlib.Algebra.Field.Shrink,Algebra,0.377,0.0,0.377,-1,,7
ssralg,algebra,Mathlib.Algebra.Module.Shrink,Algebra,0.3734,0.0,0.3734,-1,,8
ssralg,algebra,Mathlib.Algebra.Ring.Ext,Algebra,0.3687,0.0,0.3687,-1,,9
ssralg,algebra,Mathlib.Algebra.Module.Pi,Algebra,0.3686,0.0,0.3686,-1,,10
mxpoly,algebra,Mathlib.LinearAlgebra.Matrix.Polynomial,LinearAlgebra,0.4117,0.0,0.4117,0,HIGH,1
mxpoly,algebra,Mathlib.RingTheory.MatrixPolynomialAlgebra,RingTheory,0.3664,0.0,0.3664,-1,,2
mxpoly,algebra,Mathlib.LinearAlgebra.Matrix.MvPolynomial,LinearAlgebra,0.3595,0.0,0.3595,-1,,3
mxpoly,algebra,Mathlib.Algebra.Polynomial.Lifts,Algebra,0.3515,0.0,0.3515,-1,,4
mxpoly,algebra,Mathlib.RingTheory.Polynomial.Resultant.Basic,RingTheory,0.3383,0.0,0.3383,-1,,5
mxpoly,algebra,Mathlib.Algebra.Polynomial.Roots,Algebra,0.3306,0.0,0.3306,-1,,6
mxpoly,algebra,Mathlib.Algebra.Polynomial.Div,Algebra,0.3282,0.0,0.3282,-1,,7
mxpoly,algebra,Mathlib.Algebra.Polynomial.Degree.Support,Algebra,0.3274,0.0,0.3274,-1,,8
mxpoly,algebra,Mathlib.Algebra.Polynomial.Eval.Irreducible,Algebra,0.3274,0.0,0.3274,-1,,9
mxpoly,algebra,Mathlib.Algebra.Polynomial.Identities,Algebra,0.3268,0.0,0.3268,-1,,10
interval_inference,algebra,Mathlib.Algebra.Order.Interval.Basic,Algebra,0.4156,0.0,0.4156,0,HIGH,1
interval_inference,algebra,Mathlib.Algebra.Order.Interval.Multiset,Algebra,0.407,0.0,0.407,-1,,2
interval_inference,algebra,Mathlib.Algebra.Order.Interval.Set.Group,Algebra,0.3988,0.0,0.3988,-1,,3
interval_inference,algebra,Mathlib.Algebra.Order.Ring.Interval,Algebra,0.3971,0.0,0.3971,-1,,4
interval_inference,algebra,Mathlib.Algebra.Order.Interval.Set.Monoid,Algebra,0.3804,0.0,0.3804,-1,,5
interval_inference,algebra,Mathlib.Algebra.Order.Interval.Finset.Basic,Algebra,0.3786,0.0,0.3786,-1,,6
interval_inference,algebra,Mathlib.Algebra.Order.Interval.Set.Instances,Algebra,0.3731,0.0,0.3731,-1,,7
interval_inference,algebra,Mathlib.Algebra.Order.Group.Pointwise.Interval,Algebra,0.3671,0.0,0.3671,-1,,8
interval_inference,algebra,Mathlib.Algebra.Order.ToIntervalMod,Algebra,0.3531,0.0,0.3531,-1,,9
interval_inference,algebra,Mathlib.Algebra.Order.Interval.Set.SuccPred,Algebra,0.3358,0.0,0.3358,-1,,10
num_theory/numdomain,algebra,Mathlib.NumberTheory.Primorial,NumberTheory,0.367,0.0,0.367,0,HIGH-UNCERTAIN,1
num_theory/numdomain,algebra,Mathlib.NumberTheory.Fermat,NumberTheory,0.3665,0.0,0.3665,-1,,2
num_theory/numdomain,algebra,Mathlib.NumberTheory.Basic,NumberTheory,0.3662,0.0,0.3662,-1,,3
num_theory/numdomain,algebra,Mathlib.NumberTheory.Multiplicity,NumberTheory,0.3636,0.0,0.3636,-1,,4
num_theory/numdomain,algebra,Mathlib.NumberTheory.Pell,NumberTheory,0.3636,0.0,0.3636,-1,,5
num_theory/numdomain,algebra,Mathlib.NumberTheory.Bertrand,NumberTheory,0.3627,0.0,0.3627,-1,,6
num_theory/numdomain,algebra,Mathlib.NumberTheory.Rayleigh,NumberTheory,0.3627,0.0,0.3627,-1,,7
num_theory/numdomain,algebra,Mathlib.NumberTheory.Modular,NumberTheory,0.3624,0.0,0.3624,-1,,8
num_theory/numdomain,algebra,Mathlib.NumberTheory.Ostrowski,NumberTheory,0.3624,0.0,0.3624,-1,,9
num_theory/numdomain,algebra,Mathlib.NumberTheory.Niven,NumberTheory,0.3621,0.0,0.3621,-1,,10
num_theory/orderedzmod,algebra,Mathlib.RingTheory.ZMod,RingTheory,0.3395,0.0,0.3395,1,MEDIUM,1
num_theory/orderedzmod,algebra,Mathlib.RingTheory.Polynomial.Pochhammer,RingTheory,0.2616,0.0654,0.327,-1,,2
num_theory/orderedzmod,algebra,Mathlib.RingTheory.ZMod.Torsion,RingTheory,0.3237,0.0,0.3237,-1,,3
num_theory/orderedzmod,algebra,Mathlib.RingTheory.Localization.NumDen,RingTheory,0.3226,0.0,0.3226,-1,,4
num_theory/orderedzmod,algebra,Mathlib.RingTheory.ZMod.UnitsCyclic,RingTheory,0.3121,0.0,0.3121,-1,,5
num_theory/orderedzmod,algebra,Mathlib.NumberTheory.LSeries.ZMod,NumberTheory,0.312,0.0,0.312,-1,,6
num_theory/orderedzmod,algebra,Mathlib.RingTheory.PowerSeries.WellKnown,RingTheory,0.2452,0.0613,0.3065,-1,,7
num_theory/orderedzmod,algebra,Mathlib.NumberTheory.Primorial,NumberTheory,0.2786,0.0,0.2786,-1,,8
num_theory/orderedzmod,algebra,Mathlib.Algebra.Algebra.ZMod,Algebra,0.2786,0.0,0.2786,-1,,9
num_theory/orderedzmod,algebra,Mathlib.NumberTheory.Fermat,NumberTheory,0.2781,0.0,0.2781,-1,,10
ring_quotient,algebra,Mathlib.RingTheory.Ideal.Quotient.Defs,RingTheory,0.4011,0.0,0.4011,0,HIGH,1
ring_quotient,algebra,Mathlib.RingTheory.Valuation.Quotient,RingTheory,0.3961,0.0,0.3961,-1,,2
ring_quotient,algebra,Mathlib.RingTheory.Finiteness.Quotient,RingTheory,0.39,0.0,0.39,-1,,3
ring_quotient,algebra,Mathlib.Algebra.Ring.Action.Group,Algebra,0.3886,0.0,0.3886,-1,,4
ring_quotient,algebra,Mathlib.Algebra.Quotient,Algebra,0.3883,0.0,0.3883,-1,,5
ring_quotient,algebra,Mathlib.RingTheory.Polynomial.Quotient,RingTheory,0.3845,0.0,0.3845,-1,,6
ring_quotient,algebra,Mathlib.RingTheory.Ideal.Quotient.Basic,RingTheory,0.3837,0.0,0.3837,-1,,7
ring_quotient,algebra,Mathlib.RingTheory.Ideal.Quotient.Noetherian,RingTheory,0.3763,0.0,0.3763,-1,,8
ring_quotient,algebra,Mathlib.RingTheory.Trace.Quotient,RingTheory,0.3757,0.0,0.3757,-1,,9
ring_quotient,algebra,Mathlib.RingTheory.Ideal.Quotient.Nilpotent,RingTheory,0.3692,0.0,0.3692,-1,,10
zmodp,algebra,Mathlib.Algebra.Prime.Lemmas,Algebra,0.3175,0.0,0.3175,1,MEDIUM,1
zmodp,algebra,Mathlib.Algebra.Field.ZMod,Algebra,0.311,0.0,0.311,-1,,2
zmodp,algebra,Mathlib.Algebra.Module.ZMod,Algebra,0.3097,0.0,0.3097,-1,,3
zmodp,algebra,Mathlib.Algebra.Prime.Defs,Algebra,0.3091,0.0,0.3091,-1,,4
zmodp,algebra,Mathlib.Algebra.Algebra.ZMod,Algebra,0.3055,0.0,0.3055,-1,,5
zmodp,algebra,Mathlib.RingTheory.Prime,RingTheory,0.3012,0.0,0.3012,-1,,6
zmodp,algebra,Mathlib.RingTheory.ZMod,RingTheory,0.2986,0.0,0.2986,-1,,7
zmodp,algebra,Mathlib.NumberTheory.Modular,NumberTheory,0.2915,0.0,0.2915,-1,,8
zmodp,algebra,Mathlib.RingTheory.Ideal.Prime,RingTheory,0.2887,0.0,0.2887,-1,,9
zmodp,algebra,Mathlib.RingTheory.ZMod.Torsion,RingTheory,0.2868,0.0,0.2868,-1,,10
vector,algebra,Mathlib.LinearAlgebra.AffineSpace.FiniteDimensional,LinearAlgebra,0.3868,0.0,0.3868,0,HIGH-UNCERTAIN,1
vector,algebra,Mathlib.LinearAlgebra.FiniteDimensional.Basic,LinearAlgebra,0.3697,0.0,0.3697,-1,,2
vector,algebra,Mathlib.LinearAlgebra.FiniteDimensional.Defs,LinearAlgebra,0.3672,0.0,0.3672,-1,,3
vector,algebra,Mathlib.Algebra.Polynomial.Module.FiniteDimensional,Algebra,0.3636,0.0,0.3636,-1,,4
vector,algebra,Mathlib.LinearAlgebra.Matrix.FiniteDimensional,LinearAlgebra,0.3634,0.0,0.3634,-1,,5
vector,algebra,Mathlib.LinearAlgebra.Complex.FiniteDimensional,LinearAlgebra,0.3595,0.0,0.3595,-1,,6
vector,algebra,Mathlib.LinearAlgebra.FiniteDimensional.Lemmas,LinearAlgebra,0.3565,0.0,0.3565,-1,,7
vector,algebra,Mathlib.LinearAlgebra.Finsupp.VectorSpace,LinearAlgebra,0.3497,0.0,0.3497,-1,,8
vector,algebra,Mathlib.LinearAlgebra.Multilinear.FiniteDimensional,LinearAlgebra,0.3478,0.0,0.3478,-1,,9
vector,algebra,Mathlib.LinearAlgebra.Basis.VectorSpace,LinearAlgebra,0.3468,0.0,0.3468,-1,,10
ssrint,algebra,Mathlib.Algebra.Group.Int.Even,Algebra,0.3304,0.0,0.3304,1,MEDIUM,1
ssrint,algebra,Mathlib.Algebra.Order.Group.Int,Algebra,0.3234,0.0,0.3234,-1,,2
ssrint,algebra,Mathlib.Algebra.Group.Int.Units,Algebra,0.3231,0.0,0.3231,-1,,3
ssrint,algebra,Mathlib.Algebra.Order.Ring.Int,Algebra,0.322,0.0,0.322,-1,,4
ssrint,algebra,Mathlib.Algebra.Ring.Int.Units,Algebra,0.314,0.0,0.314,-1,,5
ssrint,algebra,Mathlib.Algebra.Module.NatInt,Algebra,0.3129,0.0,0.3129,-1,,6
ssrint,algebra,Mathlib.RingTheory.Int.Basic,RingTheory,0.3105,0.0,0.3105,-1,,7
ssrint,algebra,Mathlib.Algebra.Order.Group.Int.Sum,Algebra,0.3084,0.0,0.3084,-1,,8
ssrint,algebra,Mathlib.Algebra.Order.Group.Unbundled.Int,Algebra,0.3076,0.0,0.3076,-1,,9
ssrint,algebra,Mathlib.Algebra.Group.Int.Defs,Algebra,0.3028,0.0,0.3028,-1,,10
all_algebra,algebra,Mathlib.Algebra.Algebra.Shrink,Algebra,0.4553,0.0,0.4553,0,HIGH,1
all_algebra,algebra,Mathlib.Algebra.Algebra.Epi,Algebra,0.4458,0.0,0.4458,-1,,2
all_algebra,algebra,Mathlib.Algebra.Order.Algebra,Algebra,0.4323,0.0,0.4323,-1,,3
all_algebra,algebra,Mathlib.Algebra.Algebra.Field,Algebra,0.4322,0.0,0.4322,-1,,4
all_algebra,algebra,Mathlib.Algebra.QuadraticAlgebra,Algebra,0.4321,0.0,0.4321,-1,,5
all_algebra,algebra,Mathlib.Algebra.Expr,Algebra,0.4263,0.0,0.4263,-1,,6
all_algebra,algebra,Mathlib.Algebra.Algebra.Prod,Algebra,0.4254,0.0,0.4254,-1,,7
all_algebra,algebra,Mathlib.Algebra.Algebra.Basic,Algebra,0.4219,0.0,0.4219,-1,,8
all_algebra,algebra,Mathlib.Algebra.Algebra.Opposite,Algebra,0.4191,0.0,0.4191,-1,,9
all_algebra,algebra,Mathlib.Algebra.Algebra.Bilinear,Algebra,0.4153,0.0,0.4153,-1,,10
mxalgebra,algebra,Mathlib.LinearAlgebra.Matrix.Rank,LinearAlgebra,0.4535,0.0,0.4535,0,HIGH,1
mxalgebra,algebra,Mathlib.LinearAlgebra.Matrix.RowCol,LinearAlgebra,0.4441,0.0,0.4441,-1,,2
mxalgebra,algebra,Mathlib.LinearAlgebra.AffineSpace.Matrix,LinearAlgebra,0.3967,0.0,0.3967,-1,,3
mxalgebra,algebra,Mathlib.LinearAlgebra.Matrix.Transvection,LinearAlgebra,0.3914,0.0,0.3914,-1,,4
mxalgebra,algebra,Mathlib.LinearAlgebra.Matrix.Stochastic,LinearAlgebra,0.3904,0.0,0.3904,-1,,5
mxalgebra,algebra,Mathlib.Algebra.Algebra.Subalgebra.Matrix,Algebra,0.3842,0.0,0.3842,-1,,6
mxalgebra,algebra,Mathlib.Algebra.Lie.Matrix,Algebra,0.3807,0.0,0.3807,-1,,7
mxalgebra,algebra,Mathlib.Algebra.Azumaya.Matrix,Algebra,0.3802,0.0,0.3802,-1,,8
mxalgebra,algebra,Mathlib.LinearAlgebra.Matrix.Vec,LinearAlgebra,0.3792,0.0,0.3792,-1,,9
mxalgebra,algebra,Mathlib.Algebra.Lie.Rank,Algebra,0.3792,0.0,0.3792,-1,,10
spectral,algebra,Mathlib.Algebra.Homology.SpectralSequence.Basic,Algebra,0.3059,0.0,0.3059,2,MEDIUM,1
spectral,algebra,Mathlib.Algebra.Homology.SpectralSequence.ComplexShape,Algebra,0.2975,0.0,0.2975,-1,,2
spectral,algebra,Mathlib.Algebra.Homology.HomotopyCategory.SpectralObject,Algebra,0.2894,0.0,0.2894,-1,,3
spectral,algebra,Mathlib.LinearAlgebra.Matrix.Orthogonal,LinearAlgebra,0.2694,0.0,0.2694,-1,,4
spectral,algebra,Mathlib.LinearAlgebra.SesquilinearForm.Basic,LinearAlgebra,0.2055,0.0514,0.2569,-1,,5
spectral,algebra,Mathlib.LinearAlgebra.BilinearForm.Orthogonal,LinearAlgebra,0.2559,0.0,0.2559,-1,,6
spectral,algebra,Mathlib.RingTheory.Unramified.Basic,RingTheory,0.2007,0.0502,0.2509,-1,,7
spectral,algebra,Mathlib.RingTheory.ZariskisMainTheorem,RingTheory,0.2004,0.0501,0.2505,-1,,8
spectral,algebra,Mathlib.Algebra.Ring.Shrink,Algebra,0.2,0.05,0.25,-1,,9
spectral,algebra,Mathlib.Algebra.Category.AlgCat.Limits,Algebra,0.2,0.05,0.25,-1,,10
sesquilinear,algebra,Mathlib.LinearAlgebra.SesquilinearForm,LinearAlgebra,0.4656,0.0,0.4656,0,HIGH,1
sesquilinear,algebra,Mathlib.LinearAlgebra.SesquilinearForm.Star,LinearAlgebra,0.4492,0.0,0.4492,-1,,2
sesquilinear,algebra,Mathlib.LinearAlgebra.Matrix.SesquilinearForm,LinearAlgebra,0.3873,0.0,0.3873,-1,,3
sesquilinear,algebra,Mathlib.LinearAlgebra.SesquilinearForm.Basic,LinearAlgebra,0.3854,0.0,0.3854,-1,,4
sesquilinear,algebra,Mathlib.LinearAlgebra.Matrix.BilinearForm,LinearAlgebra,0.3566,0.0,0.3566,-1,,5
sesquilinear,algebra,Mathlib.LinearAlgebra.BilinearForm.Properties,LinearAlgebra,0.3431,0.0,0.3431,-1,,6
sesquilinear,algebra,Mathlib.LinearAlgebra.BilinearForm.Hom,LinearAlgebra,0.3425,0.0,0.3425,-1,,7
sesquilinear,algebra,Mathlib.LinearAlgebra.BilinearForm.Orthogonal,LinearAlgebra,0.3422,0.0,0.3422,-1,,8
sesquilinear,algebra,Mathlib.LinearAlgebra.BilinearForm.Basic,LinearAlgebra,0.3415,0.0,0.3415,-1,,9
sesquilinear,algebra,Mathlib.Algebra.Algebra.Bilinear,Algebra,0.3398,0.0,0.3398,-1,,10
finalg,algebra,Mathlib.Algebra.Divisibility.Finite,Algebra,0.5308,0.0,0.5308,0,HIGH,1
finalg,algebra,Mathlib.Algebra.Group.Equiv.Finite,Algebra,0.4818,0.0,0.4818,-1,,2
finalg,algebra,Mathlib.Algebra.Group.Submonoid.Finite,Algebra,0.4462,0.0,0.4462,-1,,3
finalg,algebra,Mathlib.Algebra.Group.Subgroup.Finite,Algebra,0.4403,0.0,0.4403,-1,,4
finalg,algebra,Mathlib.Algebra.Module.Presentation.Finite,Algebra,0.4286,0.0,0.4286,-1,,5
finalg,algebra,Mathlib.Algebra.Group.Pointwise.Set.Finite,Algebra,0.4073,0.0,0.4073,-1,,6
finalg,algebra,Mathlib.Algebra.Group.ConjFinite,Algebra,0.4019,0.0,0.4019,-1,,7
finalg,algebra,Mathlib.Algebra.Category.Grp.FiniteGrp,Algebra,0.3945,0.0,0.3945,-1,,8
finalg,algebra,Mathlib.Algebra.Notation.FiniteSupport,Algebra,0.3921,0.0,0.3921,-1,,9
finalg,algebra,Mathlib.Algebra.Module.FinitePresentation,Algebra,0.3904,0.0,0.3904,-1,,10
rat,algebra,Mathlib.NumberTheory.Cyclotomic.Rat,NumberTheory,0.4451,0.0,0.4451,0,HIGH,1
rat,algebra,Mathlib.Algebra.Field.Rat,Algebra,0.3691,0.0,0.3691,-1,,2
rat,algebra,Mathlib.Algebra.Star.Rat,Algebra,0.3644,0.0,0.3644,-1,,3
rat,algebra,Mathlib.Algebra.Order.Field.Rat,Algebra,0.3638,0.0,0.3638,-1,,4
rat,algebra,Mathlib.Algebra.Algebra.Hom.Rat,Algebra,0.3558,0.0,0.3558,-1,,5
rat,algebra,Mathlib.Algebra.Ring.Rat,Algebra,0.352,0.0,0.352,-1,,6
rat,algebra,Mathlib.Algebra.Algebra.Rat,Algebra,0.3514,0.0,0.3514,-1,,7
rat,algebra,Mathlib.Algebra.Order.Ring.Rat,Algebra,0.3502,0.0,0.3502,-1,,8
rat,algebra,Mathlib.NumberTheory.Niven,NumberTheory,0.3474,0.0,0.3474,-1,,9
rat,algebra,Mathlib.Algebra.Module.Rat,Algebra,0.3428,0.0,0.3428,-1,,10
polydiv,algebra,Mathlib.Algebra.MvPolynomial.Division,Algebra,0.3862,0.0,0.3862,0,HIGH-UNCERTAIN,1
polydiv,algebra,Mathlib.Algebra.Polynomial.FieldDivision,Algebra,0.3829,0.0,0.3829,-1,,2
polydiv,algebra,Mathlib.Algebra.Polynomial.RingDivision,Algebra,0.3777,0.0,0.3777,-1,,3
polydiv,algebra,Mathlib.Algebra.Polynomial.Smeval,Algebra,0.318,0.0,0.318,-1,,4
polydiv,algebra,Mathlib.Algebra.MonoidAlgebra.Division,Algebra,0.3153,0.0,0.3153,-1,,5
polydiv,algebra,Mathlib.Algebra.Polynomial.Basic,Algebra,0.3152,0.0,0.3152,-1,,6
polydiv,algebra,Mathlib.Algebra.Polynomial.PartialFractions,Algebra,0.314,0.0,0.314,-1,,7
polydiv,algebra,Mathlib.Algebra.Polynomial.Sequence,Algebra,0.3138,0.0,0.3138,-1,,8
polydiv,algebra,Mathlib.Algebra.Polynomial.Eval.Subring,Algebra,0.3135,0.0,0.3135,-1,,9
polydiv,algebra,Mathlib.Algebra.EuclideanDomain.Field,Algebra,0.3131,0.0,0.3131,-1,,10
interval,algebra,Mathlib.Algebra.Order.Interval.Multiset,Algebra,0.5245,0.0,0.5245,0,HIGH,1
interval,algebra,Mathlib.Algebra.Order.Ring.Interval,Algebra,0.5176,0.0,0.5176,-1,,2
interval,algebra,Mathlib.Algebra.Order.Interval.Basic,Algebra,0.5126,0.0,0.5126,-1,,3
interval,algebra,Mathlib.Algebra.Order.Interval.Set.Group,Algebra,0.468,0.0,0.468,-1,,4
interval,algebra,Mathlib.Algebra.Order.Interval.Finset.Basic,Algebra,0.4648,0.0,0.4648,-1,,5
interval,algebra,Mathlib.Algebra.Order.Interval.Set.Monoid,Algebra,0.4586,0.0,0.4586,-1,,6
interval,algebra,Mathlib.Algebra.Order.Interval.Set.Instances,Algebra,0.444,0.0,0.444,-1,,7
interval,algebra,Mathlib.Algebra.Order.Group.Pointwise.Interval,Algebra,0.4391,0.0,0.4391,-1,,8
interval,algebra,Mathlib.Order.Interval.Multiset,Order,0.4084,0.0,0.4084,-1,,9
interval,algebra,Mathlib.Algebra.Order.Algebra,Algebra,0.4044,0.0,0.4044,-1,,10
qpoly,algebra,Mathlib.RingTheory.Polynomial.Quotient,RingTheory,0.4111,0.0,0.4111,0,HIGH,1
qpoly,algebra,Mathlib.Algebra.Quotient,Algebra,0.3612,0.0,0.3612,-1,,2
qpoly,algebra,Mathlib.Algebra.Polynomial.Lifts,Algebra,0.3471,0.0,0.3471,-1,,3
qpoly,algebra,Mathlib.Algebra.Polynomial.Monic,Algebra,0.3456,0.0,0.3456,-1,,4
qpoly,algebra,Mathlib.Algebra.Polynomial.Eval.Irreducible,Algebra,0.3443,0.0,0.3443,-1,,5
qpoly,algebra,Mathlib.Algebra.Polynomial.Basis,Algebra,0.3437,0.0,0.3437,-1,,6
qpoly,algebra,Mathlib.Algebra.Polynomial.Basic,Algebra,0.3428,0.0,0.3428,-1,,7
qpoly,algebra,Mathlib.Algebra.Polynomial.Div,Algebra,0.3424,0.0,0.3424,-1,,8
qpoly,algebra,Mathlib.Algebra.Polynomial.Homogenize,Algebra,0.3417,0.0,0.3417,-1,,9
qpoly,algebra,Mathlib.Algebra.Polynomial.Identities,Algebra,0.3412,0.0,0.3412,-1,,10
archimedean,algebra,Mathlib.Algebra.Order.Archimedean.Submonoid,Algebra,0.3766,0.0,0.3766,0,HIGH-UNCERTAIN,1
archimedean,algebra,Mathlib.Algebra.Order.Archimedean.Basic,Algebra,0.375,0.0,0.375,-1,,2
archimedean,algebra,Mathlib.Algebra.Order.Ring.Archimedean,Algebra,0.3612,0.0,0.3612,-1,,3
archimedean,algebra,Mathlib.Algebra.Order.Archimedean.Hom,Algebra,0.3599,0.0,0.3599,-1,,4
archimedean,algebra,Mathlib.Algebra.Order.Module.Archimedean,Algebra,0.3593,0.0,0.3593,-1,,5
archimedean,algebra,Mathlib.Algebra.Order.Archimedean.Class,Algebra,0.3584,0.0,0.3584,-1,,6
archimedean,algebra,Mathlib.RingTheory.Valuation.Archimedean,RingTheory,0.3376,0.0,0.3376,-1,,7
archimedean,algebra,Mathlib.Algebra.Order.Archimedean.IndicatorCard,Algebra,0.3105,0.0,0.3105,-1,,8
archimedean,algebra,Mathlib.Algebra.Group.Fin.Tuple,Algebra,0.2305,0.0,0.2305,-1,,9
archimedean,algebra,Mathlib.Algebra.Order.Nonneg.Floor,Algebra,0.2287,0.0,0.2287,-1,,10
countalg,algebra,Mathlib.LinearAlgebra.Countable,LinearAlgebra,0.4964,0.0,0.4964,0,HIGH,1
countalg,algebra,Mathlib.Algebra.Algebra.Shrink,Algebra,0.364,0.0,0.364,-1,,2
countalg,algebra,Mathlib.Algebra.Algebra.Operations,Algebra,0.3563,0.0,0.3563,-1,,3
countalg,algebra,Mathlib.Algebra.Order.Algebra,Algebra,0.3532,0.0,0.3532,-1,,4
countalg,algebra,Mathlib.Algebra.Expr,Algebra,0.3515,0.0,0.3515,-1,,5
countalg,algebra,Mathlib.Algebra.Quotient,Algebra,0.3475,0.0,0.3475,-1,,6
countalg,algebra,Mathlib.Algebra.Opposites,Algebra,0.3452,0.0,0.3452,-1,,7
countalg,algebra,Mathlib.Algebra.Quandle,Algebra,0.3448,0.0,0.3448,-1,,8
countalg,algebra,Mathlib.Algebra.Order.Module.Algebra,Algebra,0.3434,0.0,0.3434,-1,,9
countalg,algebra,Mathlib.Algebra.Algebra.Defs,Algebra,0.343,0.0,0.343,-1,,10
poly,algebra,Mathlib.RingTheory.Polynomial.HilbertPoly,RingTheory,0.4138,0.0,0.4138,0,HIGH,1
poly,algebra,Mathlib.Algebra.Polynomial.Sequence,Algebra,0.3906,0.0,0.3906,-1,,2
poly,algebra,Mathlib.Algebra.Polynomial.Smeval,Algebra,0.387,0.0,0.387,-1,,3
poly,algebra,Mathlib.Algebra.Polynomial.Identities,Algebra,0.3812,0.0,0.3812,-1,,4
poly,algebra,Mathlib.Algebra.Polynomial.Lifts,Algebra,0.3812,0.0,0.3812,-1,,5
poly,algebra,Mathlib.Algebra.Polynomial.Roots,Algebra,0.3788,0.0,0.3788,-1,,6
poly,algebra,Mathlib.Algebra.Polynomial.Basic,Algebra,0.3778,0.0,0.3778,-1,,7
poly,algebra,Mathlib.Algebra.Polynomial.Coeff,Algebra,0.3766,0.0,0.3766,-1,,8
poly,algebra,Mathlib.Algebra.Polynomial.Mirror,Algebra,0.3759,0.0,0.3759,-1,,9
poly,algebra,Mathlib.Algebra.Polynomial.Eval.Subring,Algebra,0.3756,0.0,0.3756,-1,,10
fraction,algebra,Mathlib.RingTheory.IntegralDomain,RingTheory,0.4055,0.0,0.4055,0,HIGH,1
fraction,algebra,Mathlib.Algebra.EuclideanDomain.Field,Algebra,0.3898,0.0,0.3898,-1,,2
fraction,algebra,Mathlib.RingTheory.Localization.Integral,RingTheory,0.3388,0.0,0.3388,-1,,3
fraction,algebra,Mathlib.Algebra.Algebra.Field,Algebra,0.3334,0.0,0.3334,-1,,4
fraction,algebra,Mathlib.RingTheory.DedekindDomain.IntegralClosure,RingTheory,0.3306,0.0,0.3306,-1,,5
fraction,algebra,Mathlib.RingTheory.WittVector.FrobeniusFractionField,RingTheory,0.3304,0.0,0.3304,-1,,6
fraction,algebra,Mathlib.Algebra.Field.Shrink,Algebra,0.3215,0.0,0.3215,-1,,7
fraction,algebra,Mathlib.RingTheory.Localization.FractionRing,RingTheory,0.3193,0.0,0.3193,-1,,8
fraction,algebra,Mathlib.Algebra.Field.ZMod,Algebra,0.3171,0.0,0.3171,-1,,9
fraction,algebra,Mathlib.RingTheory.Flat.Domain,RingTheory,0.3164,0.0,0.3164,-1,,10
preorder,order,Mathlib.Order.Preorder.Finsupp,Order,0.5888,0.0,0.5888,0,HIGH,1
preorder,order,Mathlib.Order.Preorder.Finite,Order,0.5835,0.0,0.5835,-1,,2
preorder,order,Mathlib.Order.Preorder.Chain,Order,0.5743,0.0,0.5743,-1,,3
preorder,order,Mathlib.Order.Set,Order,0.4059,0.0,0.4059,-1,,4
preorder,order,Mathlib.Order.Circular,Order,0.4044,0.0,0.4044,-1,,5
preorder,order,Mathlib.Order.Basic,Order,0.4021,0.0,0.4021,-1,,6
preorder,order,Mathlib.Order.Height,Order,0.4011,0.0,0.4011,-1,,7
preorder,order,Mathlib.Order.Comparable,Order,0.4002,0.0,0.4002,-1,,8
preorder,order,Mathlib.Order.Radical,Order,0.3996,0.0,0.3996,-1,,9
preorder,order,Mathlib.Order.Concept,Order,0.3971,0.0,0.3971,-1,,10
all_order,order,Mathlib.Order.Lattice,Order,0.4971,0.0,0.4971,0,HIGH,1
all_order,order,Mathlib.Order.Bounds.Lattice,Order,0.4433,0.0,0.4433,-1,,2
all_order,order,Mathlib.Order.Lattice.Congruence,Order,0.4392,0.0,0.4392,-1,,3
all_order,order,Mathlib.Order.Hom.Lattice,Order,0.433,0.0,0.433,-1,,4
all_order,order,Mathlib.Order.Filter.Partial,Order,0.4329,0.0,0.4329,-1,,5
all_order,order,Mathlib.Order.Set,Order,0.4286,0.0,0.4286,-1,,6
all_order,order,Mathlib.Order.CompletePartialOrder,Order,0.4221,0.0,0.4221,-1,,7
all_order,order,Mathlib.Order.LatticeIntervals,Order,0.4173,0.0,0.4173,-1,,8
all_order,order,Mathlib.Order.BoundedOrder.Lattice,Order,0.4168,0.0,0.4168,-1,,9
all_order,order,Mathlib.Order.Defs.PartialOrder,Order,0.4144,0.0,0.4144,-1,,10
order,order,Mathlib.Order.Lattice,Order,0.5711,0.0,0.5711,0,HIGH,1
order,order,Mathlib.Order.Filter.Partial,Order,0.4979,0.0,0.4979,-1,,2
order,order,Mathlib.Order.Hom.Lattice,Order,0.4821,0.0,0.4821,-1,,3
order,order,Mathlib.Order.Bounds.Lattice,Order,0.4797,0.0,0.4797,-1,,4
order,order,Mathlib.Order.Lattice.Congruence,Order,0.4789,0.0,0.4789,-1,,5
order,order,Mathlib.Order.Defs.PartialOrder,Order,0.4393,0.0,0.4393,-1,,6
order,order,Mathlib.Order.CompletePartialOrder,Order,0.4326,0.0,0.4326,-1,,7
order,order,Mathlib.Order.LatticeIntervals,Order,0.4269,0.0,0.4269,-1,,8
order,order,Mathlib.Order.BoundedOrder.Lattice,Order,0.4268,0.0,0.4268,-1,,9
order,order,Mathlib.Order.ModularLattice,Order,0.4262,0.0,0.4262,-1,,10
presentation,fingroup,Mathlib.GroupTheory.Perm.Closure,GroupTheory,0.2676,0.0,0.2676,3,MEDIUM-LOW,1
presentation,fingroup,Mathlib.GroupTheory.PresentedGroup,GroupTheory,0.2307,0.0,0.2307,-1,,2
presentation,fingroup,Mathlib.GroupTheory.FreeGroup.IsFreeGroup,GroupTheory,0.2291,0.0,0.2291,-1,,3
presentation,fingroup,Mathlib.GroupTheory.Schreier,GroupTheory,0.229,0.0,0.229,-1,,4
presentation,fingroup,Mathlib.GroupTheory.SpecificGroups.Alternating,GroupTheory,0.2285,0.0,0.2285,-1,,5
presentation,fingroup,Mathlib.GroupTheory.Coxeter.Basic,GroupTheory,0.2268,0.0,0.2268,-1,,6
presentation,fingroup,Mathlib.GroupTheory.SpecificGroups.Quaternion,GroupTheory,0.2265,0.0,0.2265,-1,,7
presentation,fingroup,Mathlib.GroupTheory.Commensurable,GroupTheory,0.2254,0.0,0.2254,-1,,8
presentation,fingroup,Mathlib.GroupTheory.Congruence.Defs,GroupTheory,0.2251,0.0,0.2251,-1,,9
presentation,fingroup,Mathlib.GroupTheory.FreeGroup.GeneratorEquiv,GroupTheory,0.2251,0.0,0.2251,-1,,10
gproduct,fingroup,Mathlib.GroupTheory.SemidirectProduct,GroupTheory,0.4716,0.0,0.4716,0,HIGH,1
gproduct,fingroup,Mathlib.GroupTheory.RegularWreathProduct,GroupTheory,0.3285,0.0,0.3285,-1,,2
gproduct,fingroup,Mathlib.GroupTheory.Commutator.Finite,GroupTheory,0.3095,0.0,0.3095,-1,,3
gproduct,fingroup,Mathlib.GroupTheory.GroupExtension.Basic,GroupTheory,0.3033,0.0,0.3033,-1,,4
gproduct,fingroup,Mathlib.GroupTheory.GroupExtension.Defs,GroupTheory,0.2913,0.0,0.2913,-1,,5
gproduct,fingroup,Mathlib.GroupTheory.Nilpotent,GroupTheory,0.2888,0.0,0.2888,-1,,6
gproduct,fingroup,Mathlib.GroupTheory.Complement,GroupTheory,0.2884,0.0,0.2884,-1,,7
gproduct,fingroup,Mathlib.GroupTheory.Torsion,GroupTheory,0.2867,0.0,0.2867,-1,,8
gproduct,fingroup,Mathlib.GroupTheory.Sylow,GroupTheory,0.2828,0.0,0.2828,-1,,9
gproduct,fingroup,Mathlib.GroupTheory.PGroup,GroupTheory,0.282,0.0,0.282,-1,,10
perm,fingroup,Mathlib.GroupTheory.Perm.Finite,GroupTheory,0.3423,0.0,0.3423,1,MEDIUM,1
perm,fingroup,Mathlib.GroupTheory.Perm.Cycle.Concrete,GroupTheory,0.342,0.0,0.342,-1,,2
perm,fingroup,Mathlib.GroupTheory.Perm.Centralizer,GroupTheory,0.3391,0.0,0.3391,-1,,3
perm,fingroup,Mathlib.GroupTheory.Perm.Fin,GroupTheory,0.3345,0.0,0.3345,-1,,4
perm,fingroup,Mathlib.GroupTheory.Perm.List,GroupTheory,0.3309,0.0,0.3309,-1,,5
perm,fingroup,Mathlib.GroupTheory.Perm.Cycle.PossibleTypes,GroupTheory,0.3289,0.0,0.3289,-1,,6
perm,fingroup,Mathlib.GroupTheory.Perm.Cycle.Type,GroupTheory,0.3268,0.0,0.3268,-1,,7
perm,fingroup,Mathlib.GroupTheory.Perm.Support,GroupTheory,0.3267,0.0,0.3267,-1,,8
perm,fingroup,Mathlib.GroupTheory.Perm.Closure,GroupTheory,0.326,0.0,0.326,-1,,9
perm,fingroup,Mathlib.GroupTheory.Perm.Cycle.Basic,GroupTheory,0.3239,0.0,0.3239,-1,,10
morphism,fingroup,Mathlib.GroupTheory.QuotientGroup.Finite,GroupTheory,0.3183,0.0,0.3183,1,MEDIUM,1
morphism,fingroup,Mathlib.GroupTheory.Congruence.Hom,GroupTheory,0.311,0.0,0.311,-1,,2
morphism,fingroup,Mathlib.GroupTheory.Sylow,GroupTheory,0.3107,0.0,0.3107,-1,,3
morphism,fingroup,Mathlib.GroupTheory.Perm.Centralizer,GroupTheory,0.3097,0.0,0.3097,-1,,4
morphism,fingroup,Mathlib.GroupTheory.PGroup,GroupTheory,0.3072,0.0,0.3072,-1,,5
morphism,fingroup,Mathlib.GroupTheory.Commensurable,GroupTheory,0.307,0.0,0.307,-1,,6
morphism,fingroup,Mathlib.GroupTheory.Rank,GroupTheory,0.3055,0.0,0.3055,-1,,7
morphism,fingroup,Mathlib.GroupTheory.Solvable,GroupTheory,0.3041,0.0,0.3041,-1,,8
morphism,fingroup,Mathlib.GroupTheory.Transfer,GroupTheory,0.3031,0.0,0.3031,-1,,9
morphism,fingroup,Mathlib.GroupTheory.Nilpotent,GroupTheory,0.3026,0.0,0.3026,-1,,10
all_fingroup,fingroup,Mathlib.GroupTheory.FiniteIndexNormalSubgroup,GroupTheory,0.365,0.0,0.365,0,HIGH-UNCERTAIN,1
all_fingroup,fingroup,Mathlib.GroupTheory.Subgroup.Simple,GroupTheory,0.3375,0.0,0.3375,-1,,2
all_fingroup,fingroup,Mathlib.GroupTheory.Subgroup.Center,GroupTheory,0.3375,0.0,0.3375,-1,,3
all_fingroup,fingroup,Mathlib.GroupTheory.Abelianization.Finite,GroupTheory,0.3375,0.0,0.3375,-1,,4
all_fingroup,fingroup,Mathlib.GroupTheory.Subgroup.Centralizer,GroupTheory,0.3375,0.0,0.3375,-1,,5
all_fingroup,fingroup,Mathlib.GroupTheory.Subgroup.Saturated,GroupTheory,0.3375,0.0,0.3375,-1,,6
all_fingroup,fingroup,Mathlib.GroupTheory.Perm.Finite,GroupTheory,0.3375,0.0,0.3375,-1,,7
all_fingroup,fingroup,Mathlib.GroupTheory.Perm.Subgroup,GroupTheory,0.3375,0.0,0.3375,-1,,8
all_fingroup,fingroup,Mathlib.GroupTheory.Commutator.Finite,GroupTheory,0.3375,0.0,0.3375,-1,,9
all_fingroup,fingroup,Mathlib.GroupTheory.DedekindFinite,GroupTheory,0.3222,0.0,0.3222,-1,,10
action,fingroup,Mathlib.GroupTheory.GroupAction.Support,GroupTheory,0.3972,0.0,0.3972,0,HIGH-UNCERTAIN,1
action,fingroup,Mathlib.GroupTheory.GroupAction.Pointwise,GroupTheory,0.3935,0.0,0.3935,-1,,2
action,fingroup,Mathlib.GroupTheory.GroupAction.Quotient,GroupTheory,0.3916,0.0,0.3916,-1,,3
action,fingroup,Mathlib.GroupTheory.FreeGroup.Orbit,GroupTheory,0.3888,0.0,0.3888,-1,,4
action,fingroup,Mathlib.GroupTheory.GroupAction.Defs,GroupTheory,0.3883,0.0,0.3883,-1,,5
action,fingroup,Mathlib.GroupTheory.GroupAction.Basic,GroupTheory,0.381,0.0,0.381,-1,,6
action,fingroup,Mathlib.GroupTheory.GroupAction.Embedding,GroupTheory,0.3806,0.0,0.3806,-1,,7
action,fingroup,Mathlib.GroupTheory.GroupAction.Primitive,GroupTheory,0.3805,0.0,0.3805,-1,,8
action,fingroup,Mathlib.GroupTheory.GroupAction.Iwasawa,GroupTheory,0.3804,0.0,0.3804,-1,,9
action,fingroup,Mathlib.GroupTheory.GroupAction.Jordan,GroupTheory,0.3758,0.0,0.3758,-1,,10
quotient,fingroup,Mathlib.GroupTheory.Coset.Defs,GroupTheory,0.475,0.0,0.475,0,HIGH,1
quotient,fingroup,Mathlib.GroupTheory.Coset.Basic,GroupTheory,0.4732,0.0,0.4732,-1,,2
quotient,fingroup,Mathlib.GroupTheory.DoubleCoset,GroupTheory,0.4707,0.0,0.4707,-1,,3
quotient,fingroup,Mathlib.GroupTheory.Coset.Card,GroupTheory,0.4325,0.0,0.4325,-1,,4
quotient,fingroup,Mathlib.GroupTheory.CosetCover,GroupTheory,0.396,0.0,0.396,-1,,5
quotient,fingroup,Mathlib.GroupTheory.QuotientGroup.Basic,GroupTheory,0.3833,0.0,0.3833,-1,,6
quotient,fingroup,Mathlib.GroupTheory.GroupAction.Quotient,GroupTheory,0.3813,0.0,0.3813,-1,,7
quotient,fingroup,Mathlib.GroupTheory.QuotientGroup.Defs,GroupTheory,0.3729,0.0,0.3729,-1,,8
quotient,fingroup,Mathlib.GroupTheory.QuotientGroup.Finite,GroupTheory,0.3672,0.0,0.3672,-1,,9
quotient,fingroup,Mathlib.GroupTheory.Complement,GroupTheory,0.359,0.0,0.359,-1,,10
automorphism,fingroup,Mathlib.GroupTheory.QuotientGroup.Defs,GroupTheory,0.3041,0.076,0.3801,1,MEDIUM,1
automorphism,fingroup,Mathlib.GroupTheory.Coset.Basic,GroupTheory,0.2995,0.0749,0.3744,-1,,2
automorphism,fingroup,Mathlib.GroupTheory.GroupAction.Defs,GroupTheory,0.2837,0.0709,0.3546,-1,,3
automorphism,fingroup,Mathlib.GroupTheory.Perm.Centralizer,GroupTheory,0.3352,0.0,0.3352,-1,,4
automorphism,fingroup,Mathlib.GroupTheory.Finiteness,GroupTheory,0.3313,0.0,0.3313,-1,,5
automorphism,fingroup,Mathlib.GroupTheory.Frattini,GroupTheory,0.3309,0.0,0.3309,-1,,6
automorphism,fingroup,Mathlib.GroupTheory.Perm.Finite,GroupTheory,0.3305,0.0,0.3305,-1,,7
automorphism,fingroup,Mathlib.GroupTheory.Commensurable,GroupTheory,0.3291,0.0,0.3291,-1,,8
automorphism,fingroup,Mathlib.GroupTheory.Sylow,GroupTheory,0.3278,0.0,0.3278,-1,,9
automorphism,fingroup,Mathlib.GroupTheory.Transfer,GroupTheory,0.3258,0.0,0.3258,-1,,10
fingroup,fingroup,Mathlib.GroupTheory.FiniteIndexNormalSubgroup,GroupTheory,0.3921,0.0,0.3921,0,HIGH-UNCERTAIN,1
fingroup,fingroup,Mathlib.GroupTheory.Abelianization.Finite,GroupTheory,0.3786,0.0,0.3786,-1,,2
fingroup,fingroup,Mathlib.GroupTheory.Perm.Finite,GroupTheory,0.3772,0.0,0.3772,-1,,3
fingroup,fingroup,Mathlib.GroupTheory.Subgroup.Simple,GroupTheory,0.3763,0.0,0.3763,-1,,4
fingroup,fingroup,Mathlib.GroupTheory.Commutator.Finite,GroupTheory,0.3705,0.0,0.3705,-1,,5
fingroup,fingroup,Mathlib.GroupTheory.Perm.Subgroup,GroupTheory,0.3702,0.0,0.3702,-1,,6
fingroup,fingroup,Mathlib.GroupTheory.Subgroup.Saturated,GroupTheory,0.3675,0.0,0.3675,-1,,7
fingroup,fingroup,Mathlib.GroupTheory.Subgroup.Centralizer,GroupTheory,0.365,0.0,0.365,-1,,8
fingroup,fingroup,Mathlib.GroupTheory.Subgroup.Center,GroupTheory,0.3635,0.0,0.3635,-1,,9
fingroup,fingroup,Mathlib.GroupTheory.DedekindFinite,GroupTheory,0.3614,0.0,0.3614,-1,,10
