mc_module,ml_module,base_score,concept,synonym,text_v3,broad_pen,reranked
extremal,Mathlib.GroupTheory.Perm.Fin,0.3526,0.0,0.0,0.0142,0.0,0.354
extremal,Mathlib.GroupTheory.SpecificGroups.Quaternion,0.3449,0.0,0.0,0.3351,0.0,0.3784
extremal,Mathlib.GroupTheory.SpecificGroups.Dihedral,0.3183,0.0,0.0,0.2287,0.0,0.3412
extremal,Mathlib.GroupTheory.Archimedean,0.3181,0.0,0.0,0.1058,0.0,0.3287
extremal,Mathlib.GroupTheory.Commensurable,0.3174,0.0,0.0,0.103,0.0,0.3277
extremal,Mathlib.GroupTheory.PGroup,0.3163,0.0,0.0,0.0987,0.0,0.3262
extremal,Mathlib.GroupTheory.Sylow,0.3145,0.0,0.0,0.0914,0.0,0.3236
extremal,Mathlib.GroupTheory.Focal,0.3135,0.0,0.0,0.0872,0.0,0.3222
extremal,Mathlib.GroupTheory.Torsion,0.3118,0.0,0.0,0.0806,0.0,0.3199
extremal,Mathlib.GroupTheory.Schreier,0.3105,0.0,0.0,0.0753,0.0,0.318
hall,Mathlib.GroupTheory.Complement,0.4312,0.0,0.0,0.0449,0.0,0.4357
hall,Mathlib.GroupTheory.Solvable,0.3452,0.0,0.0,0.2139,0.0,0.3666
hall,Mathlib.GroupTheory.SchurZassenhaus,0.3374,0.0,0.0,0.2745,0.0,0.3648
hall,Mathlib.GroupTheory.Sylow,0.3359,0.0,0.0,0.177,0.0,0.3536
hall,Mathlib.GroupTheory.Transfer,0.3207,0.0,0.0,0.1163,0.0,0.3323
hall,Mathlib.GroupTheory.SpecificGroups.ZGroup,0.3195,0.0,0.0,0.2334,0.0,0.3428
hall,Mathlib.GroupTheory.Commensurable,0.3163,0.0,0.0,0.0986,0.0,0.3262
hall,Mathlib.GroupTheory.Archimedean,0.314,0.0,0.0,0.0895,0.0,0.3229
hall,Mathlib.GroupTheory.GroupAction.Iwasawa,0.3115,0.0,0.0,0.171,0.0,0.3286
hall,Mathlib.GroupTheory.Schreier,0.3108,0.0,0.0,0.0767,0.0,0.3185
abelian,Mathlib.GroupTheory.FreeAbelianGroup,0.4141,1.0,0.1667,0.1231,0.0,0.6897
abelian,Mathlib.GroupTheory.FiniteAbelian.Basic,0.3991,1.0,0.1429,0.1679,0.0,0.6773
abelian,Mathlib.GroupTheory.FiniteAbelian.Duality,0.396,1.0,0.1429,0.1554,0.0,0.673
abelian,Mathlib.GroupTheory.Rank,0.3752,0.0,0.0,0.2606,0.0,0.4013
abelian,Mathlib.GroupTheory.Commensurable,0.3621,0.0,0.0,0.2084,0.0,0.3829
abelian,Mathlib.GroupTheory.Archimedean,0.3572,0.0,0.0,0.1888,0.0,0.3761
abelian,Mathlib.GroupTheory.Exponent,0.3547,0.0,0.0,0.1787,0.0,0.3726
abelian,Mathlib.GroupTheory.Torsion,0.3508,0.0,0.0,0.1631,0.0,0.3671
abelian,Mathlib.GroupTheory.Frattini,0.3454,0.0,0.0,0.1416,0.0,0.3596
abelian,Mathlib.GroupTheory.Nilpotent,0.3377,0.0,0.0,0.1109,0.0,0.3488
alt,Mathlib.GroupTheory.SpecificGroups.Alternating,0.3947,0.25,0.1111,0.29,0.0,0.4951
alt,Mathlib.GroupTheory.SpecificGroups.Alternating.Centralizer,0.3743,0.25,0.1,0.257,0.0,0.4705
alt,Mathlib.GroupTheory.SpecificGroups.Alternating.MaximalSubgroups,0.3427,0.25,0.0833,0.2043,0.0,0.4323
alt,Mathlib.GroupTheory.SpecificGroups.Alternating.KleinFour,0.3339,0.25,0.0833,0.1689,0.0,0.42
alt,Mathlib.GroupTheory.Perm.Closure,0.308,0.0,0.0,0.1569,0.0,0.3237
alt,Mathlib.GroupTheory.GroupAction.Jordan,0.3045,0.0,0.0,0.1737,0.0,0.3219
alt,Mathlib.GroupTheory.Coxeter.Basic,0.3023,0.0,0.0,0.1343,0.0,0.3157
alt,Mathlib.GroupTheory.Perm.MaximalSubgroups,0.297,0.0,0.0,0.1681,0.0,0.3138
alt,Mathlib.GroupTheory.Perm.Finite,0.297,0.0,0.0,0.1129,0.0,0.3083
alt,Mathlib.GroupTheory.PresentedGroup,0.2961,0.0,0.0,0.1094,0.0,0.307
nilpotent,Mathlib.GroupTheory.Nilpotent,0.5444,1.0,0.25,0.4974,0.0,0.8641
nilpotent,Mathlib.GroupTheory.Solvable,0.4835,0.0,0.0,0.2541,0.0,0.5089
nilpotent,Mathlib.GroupTheory.Commensurable,0.3248,0.0,0.0,0.1326,0.0,0.3381
nilpotent,Mathlib.GroupTheory.Frattini,0.3245,0.0,0.0,0.1313,0.0,0.3376
nilpotent,Mathlib.GroupTheory.Archimedean,0.3224,0.0,0.0,0.123,0.0,0.3347
nilpotent,Mathlib.GroupTheory.Sylow,0.3187,0.0,0.0,0.108,0.0,0.3295
nilpotent,Mathlib.GroupTheory.Subgroup.Simple,0.3187,0.0,0.0,0.1604,0.0,0.3347
nilpotent,Mathlib.GroupTheory.Torsion,0.3142,0.0,0.0,0.09,0.0,0.3232
nilpotent,Mathlib.GroupTheory.Goursat,0.3134,0.0,0.0,0.0871,0.0,0.3221
nilpotent,Mathlib.GroupTheory.Focal,0.3108,0.0,0.0,0.0767,0.0,0.3185
commutator,Mathlib.GroupTheory.Commutator.Basic,0.4996,0.5,0.1429,0.3185,0.0,0.6679
commutator,Mathlib.GroupTheory.Commutator.Finite,0.4969,0.5,0.1429,0.3077,0.0,0.6641
commutator,Mathlib.Algebra.Group.Commutator,0.4641,0.5,0.2,0.3897,0.0,0.6441
commutator,Mathlib.GroupTheory.Solvable,0.4267,0.0,0.0,0.4667,0.0,0.4734
commutator,Mathlib.GroupTheory.Schreier,0.3739,0.0,0.0,0.2556,0.0,0.3995
commutator,Mathlib.GroupTheory.Nilpotent,0.3418,0.0,0.0,0.1272,0.0,0.3545
commutator,Mathlib.GroupTheory.Frattini,0.3338,0.0,0.0,0.0954,0.0,0.3433
commutator,Mathlib.GroupTheory.Archimedean,0.3338,0.0,0.0,0.0951,0.0,0.3433
commutator,Mathlib.GroupTheory.Commensurable,0.3335,0.0,0.0,0.0939,0.0,0.3429
commutator,Mathlib.GroupTheory.Torsion,0.327,0.0,0.0,0.068,0.0,0.3338
gfunctor,Mathlib.GroupTheory.Sylow,0.3846,0.0,0.0,0.1165,0.0,0.3962
gfunctor,Mathlib.GroupTheory.Torsion,0.3748,0.0,0.0,0.0852,0.0,0.3833
gfunctor,Mathlib.GroupTheory.SpecificGroups.ZGroup,0.3738,0.0,0.0,0.1761,0.0,0.3914
gfunctor,Mathlib.GroupTheory.ClassEquation,0.3696,0.0,0.0,0.1383,0.0,0.3834
gfunctor,Mathlib.GroupTheory.Complement,0.3666,0.0,0.0,0.0589,0.0,0.3725
gfunctor,Mathlib.GroupTheory.Abelianization.Defs,0.3596,0.0,0.0,0.0758,0.0,0.3672
gfunctor,Mathlib.GroupTheory.Subgroup.Centralizer,0.357,0.0,0.0,0.0674,0.0,0.3637
gfunctor,Mathlib.GroupTheory.Submonoid.Center,0.3558,0.0,0.0,0.0636,0.0,0.3622
gfunctor,Mathlib.GroupTheory.GroupAction.Quotient,0.348,0.0,0.0,0.069,0.0,0.3549
gfunctor,Mathlib.GroupTheory.QuotientGroup.Defs,0.3474,0.0,0.0,0.0673,0.0,0.3541
primitive_action,Mathlib.GroupTheory.GroupAction.Transitive,0.4407,0.5,0.1429,0.2293,0.0,0.6001
primitive_action,Mathlib.GroupTheory.GroupAction.Primitive,0.4348,1.0,0.3333,0.2057,0.0,0.732
primitive_action,Mathlib.GroupTheory.GroupAction.Jordan,0.3512,0.5,0.1429,0.1648,0.0,0.5041
primitive_action,Mathlib.GroupTheory.GroupAction.MultiplePrimitivity,0.3455,0.5,0.1111,0.2154,0.0,0.5009
primitive_action,Mathlib.GroupTheory.GroupAction.Pointwise,0.3437,0.5,0.1429,0.1349,0.0,0.4936
primitive_action,Mathlib.GroupTheory.GroupAction.Iwasawa,0.3437,0.5,0.1429,0.1348,0.0,0.4936
primitive_action,Mathlib.GroupTheory.GroupAction.IterateAct,0.3427,0.5,0.1111,0.2042,0.0,0.497
primitive_action,Mathlib.GroupTheory.GroupAction.Blocks,0.3401,0.5,0.1429,0.1204,0.0,0.4886
primitive_action,Mathlib.GroupTheory.GroupAction.Ring,0.3383,0.5,0.1429,0.1131,0.0,0.486
primitive_action,Mathlib.GroupTheory.GroupAction.Support,0.3326,0.5,0.1429,0.0902,0.0,0.4781
pgroup,Mathlib.GroupTheory.PGroup,0.4066,1.0,0.25,0.0929,0.0,0.6859
pgroup,Mathlib.GroupTheory.Frattini,0.3167,0.0,0.0,0.1524,0.0,0.3319
pgroup,Mathlib.GroupTheory.Commensurable,0.3106,0.0,0.0,0.128,0.0,0.3234
pgroup,Mathlib.GroupTheory.Archimedean,0.3098,0.0,0.0,0.1248,0.0,0.3223
pgroup,Mathlib.GroupTheory.Subgroup.Saturated,0.3086,0.0,0.0,0.1592,0.0,0.3245
pgroup,Mathlib.GroupTheory.Schreier,0.3078,0.0,0.0,0.1167,0.0,0.3195
pgroup,Mathlib.GroupTheory.Focal,0.3074,0.0,0.0,0.1155,0.0,0.3189
pgroup,Mathlib.GroupTheory.Exponent,0.3067,0.0,0.0,0.1124,0.0,0.3179
pgroup,Mathlib.GroupTheory.Sylow,0.3044,0.0,0.0,0.1035,0.0,0.3148
pgroup,Mathlib.GroupTheory.Subgroup.Simple,0.3036,0.0,0.0,0.1393,0.0,0.3175
maximal,Mathlib.GroupTheory.Subgroup.Simple,0.3447,0.0,0.0,0.2123,0.0,0.3659
maximal,Mathlib.GroupTheory.Subgroup.Center,0.3404,0.0,0.0,0.1948,0.0,0.3599
maximal,Mathlib.GroupTheory.Subgroup.Saturated,0.3392,0.0,0.0,0.1901,0.0,0.3582
maximal,Mathlib.GroupTheory.Perm.MaximalSubgroups,0.334,1.0,0.1429,0.2612,0.0,0.6215
maximal,Mathlib.GroupTheory.Perm.Subgroup,0.323,0.0,0.0,0.1252,0.0,0.3355
maximal,Mathlib.GroupTheory.Subgroup.Centralizer,0.3093,0.0,0.0,0.0707,0.0,0.3164
maximal,Mathlib.GroupTheory.SpecificGroups.Alternating.MaximalSubgroups,0.3081,1.0,0.1,0.2323,0.0,0.5893
maximal,Mathlib.GroupTheory.Frattini,0.3017,0.0,0.0,0.4068,0.0,0.3424
maximal,Mathlib.GroupTheory.FiniteIndexNormalSubgroup,0.2916,0.0,0.0,0.1219,0.0,0.3038
maximal,Mathlib.GroupTheory.CosetCover,0.2871,0.0,0.0,0.1187,0.0,0.299
jordanholder,Mathlib.Order.JordanHolder,0.3346,0.5,0.1667,0.2383,0.0,0.4968
jordanholder,Mathlib.GroupTheory.GroupAction.Jordan,0.2978,0.0,0.0,0.1712,0.0,0.3149
jordanholder,Mathlib.GroupTheory.Nilpotent,0.2915,0.0,0.0,0.1329,0.0,0.3048
jordanholder,Mathlib.GroupTheory.Subgroup.Simple,0.2893,0.0,0.0,0.1257,0.0,0.3019
jordanholder,Mathlib.GroupTheory.Abelianization.Defs,0.2698,0.0,0.0,0.0632,0.0,0.2761
jordanholder,Mathlib.GroupTheory.IsSubnormal,0.2665,0.25,0.125,0.266,0.0,0.3656
jordanholder,Mathlib.GroupTheory.Perm.ViaEmbedding,0.257,0.0,0.0,0.0224,0.0,0.2592
jordanholder,Mathlib.GroupTheory.GroupAction.OfQuotient,0.2519,0.0,0.0,0.2077,0.0,0.2727
jordanholder,Mathlib.GroupTheory.GroupAction.Iwasawa,0.2407,0.0,0.0,0.1627,0.0,0.257
jordanholder,Mathlib.GroupTheory.ClassEquation,0.2376,0.0,0.0,0.1506,0.0,0.2527
finmodule,Mathlib.GroupTheory.Commutator.Finite,0.3072,0.0,0.0,0.1146,0.0,0.3187
finmodule,Mathlib.GroupTheory.FiniteAbelian.Basic,0.3005,0.0,0.0,0.1575,0.0,0.3163
finmodule,Mathlib.GroupTheory.Abelianization.Finite,0.2991,0.0,0.0,0.082,0.0,0.3073
finmodule,Mathlib.GroupTheory.FiniteAbelian.Duality,0.2967,0.0,0.0,0.1422,0.0,0.3109
finmodule,Mathlib.GroupTheory.Perm.Finite,0.2886,0.0,0.0,0.0403,0.0,0.2926
finmodule,Mathlib.GroupTheory.QuotientGroup.Finite,0.2884,0.0,0.0,0.0785,0.0,0.2962
finmodule,Mathlib.GroupTheory.DedekindFinite,0.2819,0.0,0.0,0.0525,0.0,0.2871
finmodule,Mathlib.GroupTheory.SpecificGroups.KleinFour,0.2818,0.0,0.0,0.1019,0.0,0.292
finmodule,Mathlib.GroupTheory.Focal,0.2781,0.0,0.0,0.3123,0.0,0.3093
finmodule,Mathlib.GroupTheory.Abelianization.Defs,0.2769,0.0,0.0,0.0862,0.0,0.2855
center,Mathlib.GroupTheory.Subgroup.Center,0.4875,1.0,0.2,0.2698,0.0,0.7805
center,Mathlib.GroupTheory.Submonoid.Center,0.4788,1.0,0.2,0.2352,0.0,0.7683
center,Mathlib.GroupTheory.Subsemigroup.Center,0.4774,1.0,0.2,0.2294,0.0,0.7663
center,Mathlib.Algebra.Group.Center,0.4113,1.0,0.3333,0.1784,0.0,0.7058
center,Mathlib.GroupTheory.Nilpotent,0.3443,0.0,0.0,0.1371,0.0,0.358
center,Mathlib.GroupTheory.Archimedean,0.3418,0.0,0.0,0.1274,0.0,0.3545
center,Mathlib.GroupTheory.Commensurable,0.3387,0.0,0.0,0.1148,0.0,0.3502
center,Mathlib.GroupTheory.Transfer,0.3358,0.0,0.0,0.103,0.0,0.3461
center,Mathlib.GroupTheory.Sylow,0.3321,0.0,0.0,0.0885,0.0,0.341
center,Mathlib.GroupTheory.Goursat,0.3316,0.0,0.0,0.0865,0.0,0.3403
sylow,Mathlib.GroupTheory.Sylow,0.4973,1.0,0.25,0.3092,0.0,0.7982
sylow,Mathlib.GroupTheory.Transfer,0.3604,0.0,0.0,0.2749,0.0,0.3879
sylow,Mathlib.GroupTheory.Frattini,0.3517,0.0,0.0,0.2403,0.0,0.3757
sylow,Mathlib.GroupTheory.SpecificGroups.ZGroup,0.3496,0.0,0.0,0.3538,0.0,0.385
sylow,Mathlib.GroupTheory.Archimedean,0.3398,0.0,0.0,0.1924,0.0,0.359
sylow,Mathlib.GroupTheory.Focal,0.3189,0.0,0.0,0.1091,0.0,0.3298
sylow,Mathlib.GroupTheory.Commensurable,0.3183,0.0,0.0,0.1065,0.0,0.329
sylow,Mathlib.GroupTheory.RegularWreathProduct,0.3148,0.0,0.0,0.2149,0.0,0.3363
sylow,Mathlib.GroupTheory.SpecificGroups.Alternating.KleinFour,0.3119,0.0,0.0,0.2641,0.0,0.3383
sylow,Mathlib.GroupTheory.Goursat,0.308,0.0,0.0,0.0655,0.0,0.3145
all_solvable,Mathlib.GroupTheory.Solvable,0.4306,0.5,0.2,0.4822,0.0,0.6198
all_solvable,Mathlib.Algebra.Lie.Solvable,0.2284,0.5,0.25,0.3636,0.0,0.4098
all_solvable,Mathlib.GroupTheory.Torsion,0.2227,0.0,0.0,0.0908,0.0,0.2318
all_solvable,Mathlib.GroupTheory.Nilpotent,0.2142,0.0,0.0,0.0569,0.0,0.2199
all_solvable,Mathlib.GroupTheory.QuotientGroup.ModEq,0.2,0.0,0.0,0.0,0.0,0.2
all_solvable,Mathlib.GroupTheory.QuotientGroup.Finite,0.2,0.0,0.0,0.0,0.0,0.2
all_solvable,Mathlib.GroupTheory.QuotientGroup.Defs,0.2,0.0,0.0,0.0,0.0,0.2
all_solvable,Mathlib.GroupTheory.QuotientGroup.Basic,0.2,0.0,0.0,0.0,0.0,0.2
all_solvable,Mathlib.GroupTheory.PushoutI,0.2,0.0,0.0,0.0,0.0,0.2
all_solvable,Mathlib.GroupTheory.PresentedGroup,0.2,0.0,0.0,0.0,0.0,0.2
extraspecial,Mathlib.GroupTheory.Nilpotent,0.396,0.0,0.0,0.1006,0.0,0.4061
extraspecial,Mathlib.GroupTheory.Subgroup.Simple,0.3716,0.0,0.0,0.0747,0.0,0.3791
extraspecial,Mathlib.GroupTheory.Abelianization.Defs,0.3696,0.0,0.0,0.0685,0.0,0.3764
extraspecial,Mathlib.GroupTheory.SpecificGroups.Quaternion,0.3453,0.0,0.0,0.3367,0.0,0.379
extraspecial,Mathlib.GroupTheory.Perm.ViaEmbedding,0.3357,0.0,0.0,0.0297,0.0,0.3387
extraspecial,Mathlib.GroupTheory.Rank,0.3304,0.0,0.0,0.1549,0.0,0.3459
extraspecial,Mathlib.GroupTheory.Exponent,0.3257,0.0,0.0,0.136,0.0,0.3393
extraspecial,Mathlib.GroupTheory.SpecificGroups.Dihedral,0.3243,0.0,0.0,0.2529,0.0,0.3496
extraspecial,Mathlib.GroupTheory.Archimedean,0.3206,0.0,0.0,0.1157,0.0,0.3322
extraspecial,Mathlib.GroupTheory.Torsion,0.3196,0.0,0.0,0.1115,0.0,0.3308
gseries,Mathlib.GroupTheory.IsSubnormal,0.413,0.2,0.1111,0.302,0.0,0.5021
gseries,Mathlib.GroupTheory.Nilpotent,0.3153,0.0,0.0,0.1469,0.0,0.33
gseries,Mathlib.GroupTheory.Solvable,0.308,0.0,0.0,0.1176,0.0,0.3198
gseries,Mathlib.GroupTheory.Index,0.3061,0.0,0.0,0.1101,0.0,0.3171
gseries,Mathlib.GroupTheory.Commensurable,0.3029,0.0,0.0,0.0972,0.0,0.3126
gseries,Mathlib.GroupTheory.Frattini,0.3024,0.0,0.0,0.0955,0.0,0.3119
gseries,Mathlib.GroupTheory.Archimedean,0.2984,0.0,0.0,0.0795,0.0,0.3063
gseries,Mathlib.GroupTheory.Focal,0.2935,0.0,0.0,0.0598,0.0,0.2995
gseries,Mathlib.GroupTheory.Coset.Card,0.2931,0.0,0.0,0.0976,0.0,0.3029
gseries,Mathlib.GroupTheory.Coset.Defs,0.2925,0.0,0.0,0.0948,0.0,0.302
frobenius,Mathlib.GroupTheory.Transfer,0.3931,0.0,0.0,0.0914,0.0,0.4022
frobenius,Mathlib.GroupTheory.Index,0.3843,0.0,0.0,0.0632,0.0,0.3906
frobenius,Mathlib.GroupTheory.SemidirectProduct,0.379,0.0,0.0,0.138,0.0,0.3928
frobenius,Mathlib.GroupTheory.Nilpotent,0.3738,0.0,0.0,0.0295,0.0,0.3767
frobenius,Mathlib.GroupTheory.Subgroup.Simple,0.3727,0.0,0.0,0.0783,0.0,0.3805
frobenius,Mathlib.GroupTheory.PushoutI,0.3691,0.0,0.0,0.067,0.0,0.3758
frobenius,Mathlib.GroupTheory.Abelianization.Defs,0.3607,0.0,0.0,0.0399,0.0,0.3647
frobenius,Mathlib.GroupTheory.CosetCover,0.3509,0.0,0.0,0.0479,0.0,0.3557
frobenius,Mathlib.GroupTheory.HNNExtension,0.3502,0.0,0.0,0.0455,0.0,0.3548
frobenius,Mathlib.GroupTheory.Perm.ViaEmbedding,0.3361,0.0,0.0,0.0311,0.0,0.3392
cyclic,Mathlib.GroupTheory.SpecificGroups.Cyclic,0.4452,1.0,0.1429,0.3521,0.0,0.7418
cyclic,Mathlib.GroupTheory.Archimedean,0.3521,0.0,0.0,0.1685,0.0,0.369
cyclic,Mathlib.GroupTheory.Exponent,0.3424,0.0,0.0,0.1295,0.0,0.3553
cyclic,Mathlib.GroupTheory.Perm.Closure,0.3352,0.0,0.0,0.174,0.0,0.3526
cyclic,Mathlib.Algebra.Order.Group.Cyclic,0.3317,1.0,0.25,0.2268,0.0,0.6244
cyclic,Mathlib.GroupTheory.Frattini,0.3312,0.0,0.0,0.0846,0.0,0.3397
cyclic,Mathlib.GroupTheory.Schreier,0.3307,0.0,0.0,0.0828,0.0,0.339
cyclic,Mathlib.GroupTheory.Focal,0.3306,0.0,0.0,0.0824,0.0,0.3388
cyclic,Mathlib.GroupTheory.SpecificGroups.ZGroup,0.3304,0.0,0.0,0.2467,0.0,0.3551
cyclic,Mathlib.GroupTheory.Commensurable,0.3294,0.0,0.0,0.0777,0.0,0.3372
burnside_app,Mathlib.GroupTheory.GroupAction.Defs,0.3236,0.125,0.0909,0.2356,0.0,0.3857
burnside_app,Mathlib.GroupTheory.GroupAction.Basic,0.2796,0.125,0.0909,0.3182,0.0,0.3499
burnside_app,Mathlib.GroupTheory.GroupAction.Hom,0.25,0.125,0.0909,0.0,0.0,0.2885
burnside_app,Mathlib.GroupTheory.Subgroup.Simple,0.25,0.0,0.0,0.0,0.0,0.25
burnside_app,Mathlib.GroupTheory.Perm.ViaEmbedding,0.25,0.0,0.0,0.0,0.0,0.25
burnside_app,Mathlib.GroupTheory.Abelianization.Defs,0.25,0.0,0.0,0.0,0.0,0.25
burnside_app,Mathlib.GroupTheory.GroupAction.Primitive,0.25,0.125,0.0909,0.0,0.0,0.2885
burnside_app,Mathlib.GroupTheory.Nilpotent,0.25,0.0,0.0,0.0,0.0,0.25
burnside_app,Mathlib.GroupTheory.GroupAction.Quotient,0.2494,0.125,0.0909,0.1978,0.0,0.3077
burnside_app,Mathlib.GroupTheory.FreeGroup.Orbit,0.2484,0.125,0.0909,0.1937,0.0,0.3063
eqtype,Mathlib.Data.TypeVec,0.2913,0.0,0.0,0.0901,0.0,0.3003
eqtype,Mathlib.Order.TypeTags,0.271,0.0,0.0,0.0088,0.0,0.2719
eqtype,Mathlib.Data.Int.ModEq,0.2649,0.0,0.0,0.0153,0.0,0.2664
eqtype,Mathlib.Data.Nat.ModEq,0.2646,0.0,0.0,0.0139,0.0,0.266
eqtype,Mathlib.Order.Filter.AtTopBot.ModEq,0.2482,0.0,0.0,0.0235,0.0,0.2505
eqtype,Mathlib.Logic.Embedding.Set,0.2362,0.0,0.0,0.145,0.0,0.2507
eqtype,Mathlib.Logic.Encodable.Basic,0.2354,0.0,0.0,0.1417,0.0,0.2496
eqtype,Mathlib.Data.Fintype.Defs,0.2325,0.0,0.0,0.1299,0.0,0.2455
eqtype,Mathlib.Data.Finset.BooleanAlgebra,0.2316,0.0,0.0,0.1263,0.0,0.2442
eqtype,Mathlib.Data.Int.Range,0.231,0.0,0.0,0.1238,0.0,0.2434
seq,Mathlib.Data.Seq.Seq,0.3828,0.5,0.25,0.1812,0.0,0.5459
seq,Mathlib.Data.Seq.Defs,0.3752,0.5,0.2,0.2609,0.0,0.5423
seq,Mathlib.Data.List.Pi,0.3678,0.25,0.2,0.231,0.0,0.4694
seq,Mathlib.Data.WSeq.Productive,0.3528,0.5,0.1667,0.2445,0.0,0.5156
seq,Mathlib.Data.WSeq.Basic,0.3516,0.5,0.1667,0.2396,0.0,0.5139
seq,Mathlib.Data.List.Palindrome,0.3488,0.25,0.2,0.1552,0.0,0.4428
seq,Mathlib.Data.List.Triplewise,0.3428,0.25,0.2,0.1312,0.0,0.4344
seq,Mathlib.Data.Seq.Parallel,0.3425,0.5,0.2,0.1301,0.0,0.4965
seq,Mathlib.Data.List.Lookmap,0.34,0.25,0.2,0.1201,0.0,0.4305
seq,Mathlib.Data.List.Induction,0.3399,0.25,0.2,0.1197,0.0,0.4304
bigop,Mathlib.Data.Finset.Sum,0.3729,0.2857,0.2857,0.0628,0.0,0.4735
bigop,Mathlib.Data.Finset.Prod,0.3716,0.1429,0.125,0.0578,0.0,0.4231
bigop,Mathlib.Data.Finset.Lattice.Prod,0.346,0.1429,0.1111,0.0341,0.0,0.394
bigop,Mathlib.Data.Finset.NoncommProd,0.331,0.1429,0.1,0.035,0.0,0.3782
bigop,Mathlib.Data.Prod.TProd,0.2971,0.0,0.0,0.1135,0.0,0.3085
bigop,Mathlib.Data.Finset.Range,0.2927,0.1429,0.125,0.096,0.0,0.348
bigop,Mathlib.Data.Finset.Finsupp,0.2927,0.1429,0.125,0.0957,0.0,0.348
bigop,Mathlib.Data.Finset.Filter,0.2924,0.1429,0.125,0.0946,0.0,0.3476
bigop,Mathlib.Data.Finset.PiInduction,0.292,0.1429,0.1,0.1481,0.0,0.3505
bigop,Mathlib.Data.Finset.Density,0.2907,0.1429,0.125,0.088,0.0,0.3452
generic_quotient,Mathlib.Data.ZMod.QuotientGroup,0.3364,0.5,0.1429,0.0568,0.0,0.4785
generic_quotient,Mathlib.Order.Quotient,0.3209,0.5,0.3333,0.1168,0.0,0.4843
generic_quotient,Mathlib.Data.Fintype.Quotient,0.2994,0.5,0.25,0.0834,0.0,0.4527
generic_quotient,Mathlib.Data.TypeVec,0.2775,0.0,0.0,0.0352,0.0,0.281
generic_quotient,Mathlib.Order.TypeTags,0.2733,0.0,0.0,0.0183,0.0,0.2751
generic_quotient,Mathlib.Data.ZMod.QuotientRing,0.2705,0.5,0.1429,0.0619,0.0,0.4131
generic_quotient,Mathlib.Order.CompleteLattice.Group,0.2611,0.0,0.0,0.0,0.0,0.2611
generic_quotient,Mathlib.Order.ConditionallyCompleteLattice.Group,0.255,0.0,0.0,0.0,0.0,0.255
generic_quotient,Mathlib.Data.Fintype.Order,0.2542,0.0,0.0,0.0134,0.0,0.2555
generic_quotient,Mathlib.Data.Fintype.Inv,0.2529,0.0,0.0,0.0094,0.0,0.2538
tuple,Mathlib.Data.Fin.Tuple.Take,0.3527,1.0,0.25,0.2963,0.0,0.6523
tuple,Mathlib.Data.Fin.Tuple.Basic,0.3371,1.0,0.25,0.234,0.0,0.6305
tuple,Mathlib.Data.Fin.Tuple.Finset,0.3274,1.0,0.25,0.1954,0.0,0.6169
tuple,Mathlib.Order.Fin.Tuple,0.327,1.0,0.3333,0.1414,0.0,0.6178
tuple,Mathlib.Data.Fin.Tuple.Reflection,0.327,1.0,0.25,0.1936,0.0,0.6164
tuple,Mathlib.Data.Fin.Tuple.Sort,0.321,1.0,0.25,0.1697,0.0,0.608
tuple,Mathlib.Data.Fin.Tuple.NatAntidiagonal,0.3155,1.0,0.1667,0.2176,0.0,0.6006
tuple,Mathlib.Data.Fin.Tuple.Embedding,0.3074,1.0,0.25,0.1154,0.0,0.5889
tuple,Mathlib.Data.Fin.Tuple.Curry,0.3056,1.0,0.25,0.1082,0.0,0.5864
tuple,Mathlib.Data.Fin.Tuple.BubbleSortInduction,0.294,1.0,0.1429,0.1559,0.0,0.571
ssrnotations,Mathlib.Order.Notation,0.3919,0.0,0.0,0.0342,0.0,0.3953
ssrnotations,Mathlib.Data.Int.Notation,0.3531,0.0,0.0,0.0623,0.0,0.3593
ssrnotations,Mathlib.Data.Nat.Notation,0.351,0.0,0.0,0.0542,0.0,0.3564
ssrnotations,Mathlib.Data.Set.Notation,0.3455,0.0,0.0,0.0319,0.0,0.3487
ssrnotations,Mathlib.Data.Finsupp.Notation,0.3375,0.0,0.0,0.0,0.0,0.3375
ssrnotations,Mathlib.Data.PNat.Notation,0.3238,0.0,0.0,0.0551,0.0,0.3293
ssrnotations,Mathlib.Order.SetNotation,0.3109,0.0,0.0,0.0036,0.0,0.3113
ssrnotations,Mathlib.Data.DFinsupp.Notation,0.31,0.0,0.0,0.0,0.0,0.31
ssrnotations,Mathlib.Data.Fin.VecNotation,0.2917,0.0,0.0,0.0,0.0,0.2917
ssrnotations,Mathlib.Data.Int.AbsoluteValue,0.2544,0.0,0.0,0.2175,0.0,0.2761
choice,Mathlib.Data.TypeVec,0.3215,0.0,0.0,0.0458,0.0,0.3261
choice,Mathlib.Order.TypeTags,0.31,0.0,0.0,0.0,0.0,0.31
choice,Mathlib.Order.ZornAtoms,0.2471,0.2,0.1429,0.1884,0.0,0.3274
choice,Mathlib.Logic.Nonempty,0.2455,0.0,0.0,0.1822,0.0,0.2637
choice,Mathlib.Order.Zorn,0.2416,0.2,0.2,0.1664,0.0,0.3242
choice,Mathlib.Data.Countable.Small,0.2307,0.0,0.0,0.1226,0.0,0.243
choice,Mathlib.Data.Erased,0.2251,0.0,0.0,0.1005,0.0,0.2352
choice,Mathlib.Data.Countable.Defs,0.2212,0.0,0.0,0.0847,0.0,0.2297
choice,Mathlib.Data.Set.Enumerate,0.2204,0.0,0.0,0.0817,0.0,0.2286
choice,Mathlib.Data.Fintype.Quotient,0.2201,0.0,0.0,0.0804,0.0,0.2281
ssreflect,Mathlib.Data.Matrix.Reflection,0.3142,0.0,0.0,0.0166,0.0,0.3159
ssreflect,Mathlib.Data.Fin.Tuple.Reflection,0.2969,0.0,0.0,0.021,0.0,0.299
ssreflect,Mathlib.Data.QPF.Univariate.Basic,0.2444,0.0,0.0,0.1777,0.0,0.2622
ssreflect,Mathlib.Data.QPF.Multivariate.Constructions.Cofix,0.2332,0.0,0.0,0.1327,0.0,0.2465
ssreflect,Mathlib.Data.PFunctor.Univariate.M,0.2248,0.0,0.0,0.099,0.0,0.2347
ssreflect,Mathlib.Data.QPF.Multivariate.Constructions.Fix,0.2215,0.0,0.0,0.0859,0.0,0.2301
ssreflect,Mathlib.Data.Ordmap.Ordset,0.2189,0.0,0.0,0.0758,0.0,0.2265
ssreflect,Mathlib.Data.List.InsertIdx,0.2162,0.0,0.0,0.065,0.0,0.2227
ssreflect,Mathlib.Logic.Basic,0.2147,0.0,0.0,0.0589,0.0,0.2206
ssreflect,Mathlib.Order.Zorn,0.2139,0.0,0.0,0.0555,0.0,0.2194
fintype,Mathlib.Data.Fintype.Card,0.3678,0.4,0.1667,0.2314,0.0,0.5043
fintype,Mathlib.Data.Fintype.Sets,0.3502,0.4,0.1667,0.1606,0.0,0.4796
fintype,Mathlib.Data.Finite.Defs,0.3499,0.2,0.1667,0.1596,0.0,0.4292
fintype,Mathlib.Data.Fintype.Pigeonhole,0.3491,0.4,0.1667,0.1563,0.0,0.4781
fintype,Mathlib.Data.Fintype.Quotient,0.3469,0.4,0.1667,0.1477,0.0,0.475
fintype,Mathlib.Data.Finite.Card,0.3465,0.2,0.1667,0.1459,0.0,0.4244
fintype,Mathlib.Data.Fintype.Vector,0.3446,0.4,0.1667,0.1384,0.0,0.4718
fintype,Mathlib.Data.Fintype.Option,0.3444,0.4,0.1667,0.1375,0.0,0.4715
fintype,Mathlib.Data.Fintype.Shrink,0.3442,0.4,0.1667,0.1369,0.0,0.4712
fintype,Mathlib.Data.Fintype.Defs,0.3438,0.4,0.1667,0.1352,0.0,0.4706
fingraph,Mathlib.Order.Preorder.Finite,0.3215,0.2,0.1667,0.0459,0.0,0.3894
fingraph,Mathlib.Data.Finite.Vector,0.3214,0.2,0.1667,0.0456,0.0,0.3893
fingraph,Mathlib.Data.Finite.Defs,0.321,0.2,0.1667,0.044,0.0,0.3887
fingraph,Mathlib.Order.Atoms.Finite,0.3199,0.2,0.1667,0.0396,0.0,0.3872
fingraph,Mathlib.Data.Finite.Prod,0.3185,0.2,0.1667,0.0341,0.0,0.3852
fingraph,Mathlib.Data.Finite.Set,0.3182,0.2,0.1667,0.0328,0.0,0.3848
fingraph,Mathlib.Order.Filter.Finite,0.3179,0.2,0.1667,0.0317,0.0,0.3844
fingraph,Mathlib.Data.Finite.Perm,0.317,0.2,0.1667,0.028,0.0,0.3831
fingraph,Mathlib.Data.Finite.Sum,0.3153,0.2,0.1667,0.0212,0.0,0.3807
fingraph,Mathlib.Data.Finite.Sigma,0.315,0.2,0.1667,0.0201,0.0,0.3803
prime,Mathlib.Data.List.Prime,0.4119,1.0,0.3333,0.2976,0.0,0.7183
prime,Mathlib.Data.Nat.Prime.Basic,0.3909,1.0,0.25,0.3236,0.0,0.6933
prime,Mathlib.Data.Nat.Prime.Defs,0.3799,1.0,0.25,0.2794,0.0,0.6778
prime,Mathlib.Data.Nat.PrimeFin,0.3732,1.0,0.2,0.3263,0.0,0.6718
prime,Mathlib.Data.Nat.Prime.Factorial,0.3722,1.0,0.25,0.2488,0.0,0.6671
prime,Mathlib.Data.Nat.Prime.Int,0.3698,1.0,0.25,0.2394,0.0,0.6637
prime,Mathlib.Order.PrimeIdeal,0.3671,1.0,0.25,0.2285,0.0,0.6599
prime,Mathlib.Data.Num.Prime,0.3608,1.0,0.3333,0.0934,0.0,0.6468
prime,Mathlib.Data.PNat.Prime,0.3598,1.0,0.25,0.1991,0.0,0.6497
prime,Mathlib.Data.Nat.Prime.Pow,0.3593,1.0,0.25,0.1971,0.0,0.649
monoid,Mathlib.Data.Multiset.OrderedMonoid,0.308,1.0,0.2,0.0652,0.0,0.5805
monoid,Mathlib.Order.CompleteLattice.Group,0.2955,0.0,0.0,0.0154,0.0,0.297
monoid,Mathlib.Order.Filter.Germ.OrderedMonoid,0.2947,1.0,0.1667,0.0644,0.0,0.5645
monoid,Mathlib.Order.ConditionallyCompleteLattice.Group,0.2812,0.0,0.0,0.0106,0.0,0.2823
monoid,Mathlib.Data.ZMod.QuotientGroup,0.2808,0.0,0.0,0.009,0.0,0.2817
monoid,Mathlib.Order.Filter.AtTopBot.Monoid,0.2779,1.0,0.1429,0.0365,0.0,0.543
monoid,Mathlib.Order.Filter.AtTopBot.Group,0.2712,0.0,0.0,0.01,0.0,0.2722
monoid,Mathlib.Data.Rat.Defs,0.2242,0.0,0.0,0.0966,0.0,0.2339
monoid,Mathlib.Data.Nat.Cast.Defs,0.2116,0.0,0.0,0.0464,0.0,0.2162
monoid,Mathlib.Data.Matrix.Diagonal,0.2104,0.0,0.0,0.0414,0.0,0.2145
nmodule,Mathlib.Data.DFinsupp.Module,0.2795,0.0,0.0,0.0038,0.0,0.2799
nmodule,Mathlib.Order.CompleteLattice.Group,0.2732,0.0,0.0,0.018,0.0,0.275
nmodule,Mathlib.Order.ConditionallyCompleteLattice.Group,0.2642,0.0,0.0,0.0123,0.0,0.2654
nmodule,Mathlib.Data.ZMod.QuotientGroup,0.2637,0.0,0.0,0.0104,0.0,0.2647
nmodule,Mathlib.Order.Filter.AtTopBot.Group,0.2579,0.0,0.0,0.0116,0.0,0.2591
nmodule,Mathlib.Data.Int.Cast.Defs,0.2166,0.0,0.0,0.0662,0.0,0.2232
nmodule,Mathlib.Data.Int.Cast.Basic,0.2105,0.0,0.0,0.0421,0.0,0.2147
nmodule,Mathlib.Order.DirectedInverseSystem,0.2104,0.0,0.0,0.0416,0.0,0.2146
nmodule,Mathlib.Data.SetLike.Fintype,0.2102,0.0,0.0,0.0409,0.0,0.2143
nmodule,Mathlib.Logic.Equiv.Pairwise,0.2098,0.0,0.0,0.0391,0.0,0.2137
ssrAC,Mathlib.Data.Fintype.Inv,0.25,0.0,0.0,0.0,0.0,0.25
ssrAC,Mathlib.Order.MinMax,0.2294,0.0,0.0,0.1177,0.0,0.2412
ssrAC,Mathlib.Data.Finset.Fold,0.2261,0.0,0.0,0.1043,0.0,0.2365
ssrAC,Mathlib.Order.SymmDiff,0.2246,0.0,0.0,0.0982,0.0,0.2344
ssrAC,Mathlib.Data.Multiset.Fold,0.2219,0.0,0.0,0.0876,0.0,0.2307
ssrAC,Mathlib.Data.Multiset.DershowitzManna,0.22,0.0,0.0,0.0802,0.0,0.228
ssrAC,Mathlib.Order.Lattice,0.2151,0.0,0.0,0.0605,0.0,0.2212
ssrAC,Mathlib.Logic.OpClass,0.2149,0.0,0.0,0.0597,0.0,0.2209
ssrAC,Mathlib.Data.List.InsertNth,0.2144,0.0,0.0,0.0577,0.0,0.2202
ssrAC,Mathlib.Data.Finite.Defs,0.2133,0.0,0.0,0.0531,0.0,0.2186
finfun,Mathlib.Data.Finite.Prod,0.3208,0.2,0.1667,0.1165,0.0,0.3958
finfun,Mathlib.Data.Finite.Card,0.3158,0.2,0.1667,0.0966,0.0,0.3888
finfun,Mathlib.Data.Set.Finite.Monad,0.3137,0.2,0.1429,0.1405,0.0,0.3892
finfun,Mathlib.Data.FunLike.Fintype,0.3129,0.0,0.0,0.1764,0.0,0.3305
finfun,Mathlib.Data.Finite.Defs,0.31,0.2,0.1667,0.0732,0.0,0.3807
finfun,Mathlib.Data.Set.Finite.Range,0.3075,0.2,0.1429,0.1155,0.0,0.3805
finfun,Mathlib.Data.Set.Finite.Basic,0.3064,0.2,0.1429,0.1113,0.0,0.379
finfun,Mathlib.Data.Finite.Perm,0.3043,0.2,0.1667,0.0504,0.0,0.3727
finfun,Mathlib.Data.Finite.Vector,0.3039,0.2,0.1667,0.049,0.0,0.3721
finfun,Mathlib.Order.Preorder.Finite,0.3033,0.2,0.1667,0.0465,0.0,0.3713
ssrbool,Mathlib.Data.Bool.Basic,0.3796,0.2,0.1667,0.3516,0.0,0.4781
ssrbool,Mathlib.Data.Bool.AllAny,0.3662,0.2,0.125,0.3896,0.0,0.4652
ssrbool,Mathlib.Data.Finset.BooleanAlgebra,0.3639,0.2,0.125,0.3806,0.0,0.462
ssrbool,Mathlib.Data.Bool.Set,0.3549,0.2,0.1667,0.253,0.0,0.4435
ssrbool,Mathlib.Logic.Equiv.Bool,0.3525,0.2,0.1667,0.2434,0.0,0.4402
ssrbool,Mathlib.Data.Bool.Count,0.3497,0.2,0.1667,0.2322,0.0,0.4363
ssrbool,Mathlib.Data.Set.BoolIndicator,0.3496,0.2,0.125,0.3232,0.0,0.4419
ssrbool,Mathlib.Order.BooleanAlgebra.Defs,0.3483,0.2,0.125,0.318,0.0,0.4401
ssrbool,Mathlib.Order.BooleanGenerators,0.3304,0.2,0.1429,0.2072,0.0,0.4125
ssrbool,Mathlib.Order.BooleanAlgebra.Basic,0.3251,0.2,0.125,0.2253,0.0,0.4076
ssrfun,Mathlib.Logic.Function.Coequalizer,0.3339,0.25,0.2,0.0956,0.0,0.422
ssrfun,Mathlib.Logic.Function.Iterate,0.3309,0.25,0.2,0.0834,0.0,0.4177
ssrfun,Mathlib.Logic.Function.Defs,0.3284,0.25,0.2,0.0737,0.0,0.4143
ssrfun,Mathlib.Logic.Function.Conjugate,0.3266,0.25,0.2,0.0663,0.0,0.4117
ssrfun,Mathlib.Data.PFun,0.3255,0.0,0.0,0.0622,0.0,0.3317
ssrfun,Mathlib.Logic.Function.ULift,0.3218,0.25,0.1667,0.1207,0.0,0.4097
ssrfun,Mathlib.Logic.Function.Basic,0.3209,0.25,0.2,0.0436,0.0,0.4038
ssrfun,Mathlib.Data.Set.Function,0.3164,0.25,0.2,0.0257,0.0,0.3975
ssrfun,Mathlib.Logic.Function.FromTypes,0.3129,0.25,0.1429,0.1375,0.0,0.4006
ssrfun,Mathlib.Logic.Function.OfArity,0.3085,0.25,0.1429,0.1197,0.0,0.3944
all_boot,Mathlib.Data.Bool.AllAny,0.2917,0.5,0.1667,0.0,0.0,0.43
all_boot,Mathlib.Order.UpperLower.Basic,0.2,0.0,0.0,0.0,0.0,0.2
all_boot,Mathlib.Order.Zorn,0.2,0.0,0.0,0.0,0.0,0.2
all_boot,Mathlib.Order.WithBotTop,0.2,0.0,0.0,0.0,0.0,0.2
all_boot,Mathlib.Order.WithBot,0.2,0.0,0.0,0.0,0.0,0.2
all_boot,Mathlib.Order.WellQuasiOrder,0.2,0.0,0.0,0.0,0.0,0.2
all_boot,Mathlib.Order.WellFoundedSet,0.2,0.0,0.0,0.0,0.0,0.2
all_boot,Mathlib.Order.WellFounded,0.2,0.0,0.0,0.0,0.0,0.2
all_boot,Mathlib.Order.UpperLower.Relative,0.2,0.0,0.0,0.0,0.0,0.2
all_boot,Mathlib.Order.UpperLower.Prod,0.2,0.0,0.0,0.0,0.0,0.2
finset,Mathlib.Data.Finite.Set,0.5081,0.5,0.5,0.1323,0.0,0.6863
finset,Mathlib.Data.Set.Finite.Basic,0.4603,0.5,0.4,0.1614,0.0,0.6334
finset,Mathlib.Data.Set.Finite.Lattice,0.4575,0.5,0.4,0.1501,0.0,0.6295
finset,Mathlib.Data.Set.Finite.Range,0.4555,0.5,0.4,0.1421,0.0,0.6267
finset,Mathlib.Data.Set.Finite.Monad,0.4482,0.5,0.4,0.1129,0.0,0.6165
finset,Mathlib.Data.Set.Finite.Powerset,0.4417,0.5,0.4,0.0869,0.0,0.6074
finset,Mathlib.Data.Set.Finite.List,0.4376,0.5,0.4,0.0704,0.0,0.6016
finset,Mathlib.Data.Set.Finite.Lemmas,0.4373,0.5,0.4,0.0691,0.0,0.6012
finset,Mathlib.Data.Set.FiniteExhaustion,0.3994,0.5,0.3333,0.0641,0.0,0.5575
finset,Mathlib.Data.Set.Notation,0.3482,0.25,0.2,0.1527,0.0,0.442
binomial,Mathlib.Data.Nat.Choose.Bounds,0.2799,0.0,0.0,0.3194,0.0,0.3118
binomial,Mathlib.Data.Nat.Choose.Central,0.273,0.0,0.0,0.2922,0.0,0.3022
binomial,Mathlib.Data.Nat.Choose.Sum,0.272,0.0,0.0,0.288,0.0,0.3008
binomial,Mathlib.Data.Nat.Choose.Basic,0.2703,0.0,0.0,0.281,0.0,0.2984
binomial,Mathlib.Data.Nat.Choose.Factorization,0.2685,0.0,0.0,0.274,0.0,0.2959
binomial,Mathlib.Data.Nat.Choose.Lucas,0.267,0.0,0.0,0.2679,0.0,0.2938
binomial,Mathlib.Data.Nat.Choose.Cast,0.2665,0.0,0.0,0.266,0.0,0.2931
binomial,Mathlib.Data.Fintype.EquivFin,0.2558,0.0,0.0,0.0185,0.0,0.2577
binomial,Mathlib.Order.CompactlyGenerated.Basic,0.2547,0.0,0.0,0.0152,0.0,0.2562
binomial,Mathlib.Data.Nat.Choose.Dvd,0.252,0.0,0.0,0.2079,0.0,0.2728
ssrmatching,Mathlib.Data.Analysis.Filter,0.2,0.0,0.0,0.0,0.0,0.2
ssrmatching,Mathlib.Data.Analysis.Topology,0.2,0.0,0.0,0.0,0.0,0.2
ssrmatching,Mathlib.Data.Array.Defs,0.2,0.0,0.0,0.0,0.0,0.2
ssrmatching,Mathlib.Data.Array.Extract,0.2,0.0,0.0,0.0,0.0,0.2
ssrmatching,Mathlib.Data.BitVec,0.2,0.0,0.0,0.0,0.0,0.2
ssrmatching,Mathlib.Data.Bool.AllAny,0.2,0.0,0.0,0.0,0.0,0.2
ssrmatching,Mathlib.Data.Bool.Basic,0.2,0.0,0.0,0.0,0.0,0.2
ssrmatching,Mathlib.Data.Bool.Count,0.2,0.0,0.0,0.0,0.0,0.2
ssrmatching,Mathlib.Data.Bool.Set,0.2,0.0,0.0,0.0,0.0,0.2
ssrmatching,Mathlib.Data.Bracket,0.2,0.0,0.0,0.0,0.0,0.2
div,Mathlib.Data.Nat.Digits.Div,0.4538,0.5,0.1667,0.2818,0.0,0.6203
div,Mathlib.Data.Nat.MaxPowDiv,0.3618,0.5,0.125,0.0971,0.0,0.5065
div,Mathlib.Data.Nat.ChineseRemainder,0.3567,0.0,0.0,0.3517,0.0,0.3919
div,Mathlib.Data.Nat.GCD.Basic,0.3395,0.0,0.0,0.2436,0.0,0.3639
div,Mathlib.Data.PNat.Prime,0.3373,0.0,0.0,0.2349,0.0,0.3608
div,Mathlib.Data.Int.DivMod,0.334,0.5,0.1429,0.2609,0.0,0.4965
div,Mathlib.Data.Nat.ModEq,0.3291,0.0,0.0,0.2412,0.0,0.3532
div,Mathlib.Order.Nat,0.3199,0.0,0.0,0.0394,0.0,0.3238
div,Mathlib.Data.PNat.Xgcd,0.3094,0.0,0.0,0.1232,0.0,0.3217
div,Mathlib.Data.PNat.Defs,0.3086,0.0,0.0,0.1203,0.0,0.3206
ssrnat,Mathlib.Order.Nat,0.3399,0.1667,0.1667,0.1195,0.0,0.4068
ssrnat,Mathlib.Data.Nat.PSub,0.337,0.1667,0.125,0.2337,0.0,0.412
ssrnat,Mathlib.Data.Nat.Notation,0.3334,0.1667,0.1429,0.1668,0.0,0.4032
ssrnat,Mathlib.Order.Types.Arithmetic,0.3316,0.1667,0.1429,0.1596,0.0,0.4007
ssrnat,Mathlib.Data.Nat.Bitwise,0.3291,0.1667,0.1429,0.1498,0.0,0.3972
ssrnat,Mathlib.Data.Nat.Set,0.3267,0.1667,0.1429,0.1401,0.0,0.3938
ssrnat,Mathlib.Data.PNat.Find,0.3258,0.1667,0.125,0.1891,0.0,0.3964
ssrnat,Mathlib.Data.Nat.Multiplicity,0.3254,0.1667,0.1429,0.135,0.0,0.392
ssrnat,Mathlib.Data.Nat.Count,0.3239,0.1667,0.1429,0.1289,0.0,0.3899
ssrnat,Mathlib.Data.ENat.Pow,0.322,0.1667,0.125,0.1737,0.0,0.391
path,Mathlib.Data.List.Cycle,0.3341,0.0,0.0,0.0964,0.0,0.3437
path,Mathlib.Data.List.Sort,0.2461,0.0,0.0,0.1842,0.0,0.2645
path,Mathlib.Data.PFunctor.Multivariate.W,0.2405,0.0,0.0,0.162,0.0,0.2567
path,Mathlib.Data.Multiset.Sort,0.237,0.0,0.0,0.1478,0.0,0.2518
path,Mathlib.Data.Stream.Defs,0.2356,0.0,0.0,0.1426,0.0,0.2499
path,Mathlib.Data.PFunctor.Univariate.M,0.2331,0.0,0.0,0.1325,0.0,0.2463
path,Mathlib.Data.Fin.Tuple.Sort,0.2328,0.0,0.0,0.1311,0.0,0.2459
path,Mathlib.Data.WSeq.Productive,0.2276,0.0,0.0,0.1103,0.0,0.2386
path,Mathlib.Data.Finset.Sort,0.2247,0.0,0.0,0.0986,0.0,0.2346
path,Mathlib.Data.List.NodupEquivFin,0.2233,0.0,0.0,0.0931,0.0,0.2326
all_field,Mathlib.Algebra.Field.IsField,0.4542,0.5,0.2,0.5769,0.0,0.6529
all_field,Mathlib.Algebra.Algebra.Field,0.4148,0.5,0.3333,0.126,0.0,0.5791
all_field,Mathlib.FieldTheory.PrimeField,0.3864,0.5,0.1667,0.3791,0.0,0.5626
all_field,Mathlib.FieldTheory.Cardinality,0.3799,0.5,0.2,0.2795,0.0,0.5489
all_field,Mathlib.Algebra.Field.Opposite,0.378,0.5,0.25,0.1621,0.0,0.5392
all_field,Mathlib.Algebra.Field.Shrink,0.3766,0.5,0.25,0.1564,0.0,0.5372
all_field,Mathlib.FieldTheory.Minpoly.Field,0.3753,0.5,0.2,0.2614,0.0,0.5424
all_field,Mathlib.Algebra.Field.Equiv,0.3687,0.5,0.25,0.1247,0.0,0.5262
all_field,Mathlib.Algebra.Field.Power,0.3667,0.5,0.25,0.117,0.0,0.5234
all_field,Mathlib.Algebra.Field.ZMod,0.3643,0.5,0.2,0.2171,0.0,0.527
qfpoly,Mathlib.FieldTheory.Finite.Polynomial,0.3906,0.0,0.0,0.1338,0.0,0.404
qfpoly,Mathlib.Algebra.Polynomial.FieldDivision,0.3828,0.0,0.0,0.1025,0.0,0.393
qfpoly,Mathlib.FieldTheory.KummerPolynomial,0.3765,0.0,0.0,0.1559,0.0,0.3921
qfpoly,Mathlib.Algebra.Polynomial.Eval.Irreducible,0.3426,0.0,0.0,0.2563,0.0,0.3682
qfpoly,Mathlib.FieldTheory.PolynomialGaloisGroup,0.3425,0.0,0.0,0.0811,0.0,0.3506
qfpoly,Mathlib.Algebra.Polynomial.Div,0.3292,0.0,0.0,0.15,0.0,0.3442
qfpoly,Mathlib.Algebra.Polynomial.Lifts,0.3277,0.0,0.0,0.144,0.0,0.3421
qfpoly,Mathlib.Algebra.Polynomial.Identities,0.3256,0.0,0.0,0.1358,0.0,0.3392
qfpoly,Mathlib.Algebra.Polynomial.Monic,0.3244,0.0,0.0,0.131,0.0,0.3375
qfpoly,Mathlib.Algebra.Algebra.Field,0.322,0.0,0.0,0.0481,0.0,0.3268
algnum,Mathlib.NumberTheory.Basic,0.3231,0.0,0.0,0.1255,0.0,0.3357
algnum,Mathlib.NumberTheory.Primorial,0.3213,0.0,0.0,0.1187,0.0,0.3332
algnum,Mathlib.NumberTheory.Multiplicity,0.3207,0.0,0.0,0.1162,0.0,0.3323
algnum,Mathlib.NumberTheory.Rayleigh,0.3198,0.0,0.0,0.1125,0.0,0.3311
algnum,Mathlib.NumberTheory.Ostrowski,0.3197,0.0,0.0,0.1121,0.0,0.3309
algnum,Mathlib.NumberTheory.Wilson,0.3162,0.0,0.0,0.0983,0.0,0.326
algnum,Mathlib.NumberTheory.Niven,0.3146,0.0,0.0,0.0915,0.0,0.3238
algnum,Mathlib.NumberTheory.Dioph,0.3128,0.0,0.0,0.0845,0.0,0.3213
algnum,Mathlib.NumberTheory.Cyclotomic.Gal,0.3112,0.0,0.0,0.1303,0.0,0.3242
algnum,Mathlib.NumberTheory.Padics.Hensel,0.3107,0.0,0.0,0.1285,0.0,0.3236
algC,Mathlib.FieldTheory.IsAlgClosed.AlgebraicClosure,0.3628,0.25,0.0833,0.1014,0.0,0.4421
algC,Mathlib.FieldTheory.IsAlgClosed.Basic,0.33,0.25,0.1,0.1199,0.0,0.4125
algC,Mathlib.FieldTheory.IsAlgClosed.Spectrum,0.325,0.25,0.1,0.1001,0.0,0.4055
algC,Mathlib.FieldTheory.IsAlgClosed.Classification,0.3223,0.25,0.1,0.0892,0.0,0.4017
algC,Mathlib.NumberTheory.Padics.Complex,0.2965,0.0,0.0,0.1414,0.0,0.3106
algC,Mathlib.FieldTheory.IsRealClosed.Basic,0.2955,0.0,0.0,0.1989,0.0,0.3154
algC,Mathlib.Algebra.AlgebraicCard,0.2954,0.25,0.1667,0.1065,0.0,0.3819
algC,Mathlib.FieldTheory.Minpoly.IsIntegrallyClosed,0.2791,0.0,0.0,0.1331,0.0,0.2924
algC,Mathlib.FieldTheory.IntermediateField.Algebraic,0.2724,0.0,0.0,0.0695,0.0,0.2793
algC,Mathlib.FieldTheory.AlgebraicClosure,0.272,0.0,0.0,0.0681,0.0,0.2788
separable,Mathlib.FieldTheory.Separable,0.5229,1.0,0.25,0.4115,0.0,0.8341
separable,Mathlib.FieldTheory.Extension,0.4426,0.0,0.0,0.0904,0.0,0.4516
separable,Mathlib.FieldTheory.Finite.Extension,0.4126,0.0,0.0,0.1169,0.0,0.4243
separable,Mathlib.FieldTheory.SeparableClosure,0.4107,1.0,0.1667,0.2143,0.0,0.6955
separable,Mathlib.FieldTheory.SeparableDegree,0.4068,1.0,0.1667,0.1987,0.0,0.69
separable,Mathlib.FieldTheory.KummerExtension,0.3768,0.0,0.0,0.0786,0.0,0.3847
separable,Mathlib.FieldTheory.PurelyInseparable.Basic,0.3635,0.0,0.0,0.4097,0.0,0.4045
separable,Mathlib.FieldTheory.PurelyInseparable.Tower,0.3573,0.0,0.0,0.3847,0.0,0.3958
separable,Mathlib.Algebra.Algebra.Field,0.3442,0.0,0.0,0.0269,0.0,0.3469
separable,Mathlib.FieldTheory.PurelyInseparable.Exponent,0.333,0.0,0.0,0.2876,0.0,0.3618
cyclotomic,Mathlib.Algebra.Polynomial.Roots,0.3821,0.0,0.0,0.1784,0.0,0.3999
cyclotomic,Mathlib.Algebra.Polynomial.Expand,0.3625,0.0,0.0,0.1,0.0,0.3725
cyclotomic,Mathlib.Algebra.Polynomial.Cardinal,0.3611,0.0,0.0,0.0943,0.0,0.3705
cyclotomic,Mathlib.Algebra.Polynomial.Basis,0.3609,0.0,0.0,0.0935,0.0,0.3702
cyclotomic,Mathlib.NumberTheory.Cyclotomic.CyclotomicCharacter,0.3588,1.0,0.1667,0.321,0.0,0.6542
cyclotomic,Mathlib.Algebra.Polynomial.Factors,0.3579,0.0,0.0,0.0815,0.0,0.3661
cyclotomic,Mathlib.Algebra.Polynomial.Div,0.3564,0.0,0.0,0.0758,0.0,0.364
cyclotomic,Mathlib.Algebra.Polynomial.Lifts,0.3549,0.0,0.0,0.0695,0.0,0.3618
cyclotomic,Mathlib.Algebra.Polynomial.Splits,0.3537,0.0,0.0,0.0647,0.0,0.3602
cyclotomic,Mathlib.NumberTheory.Cyclotomic.Basic,0.3536,1.0,0.2,0.2478,0.0,0.6444
falgebra,Mathlib.Algebra.Polynomial.Module.FiniteDimensional,0.4576,0.0,0.0,0.0876,0.0,0.4664
falgebra,Mathlib.Algebra.Divisibility.Finite,0.4252,0.0,0.0,0.0209,0.0,0.4273
falgebra,Mathlib.Algebra.Group.Equiv.Finite,0.3882,0.0,0.0,0.0196,0.0,0.3902
falgebra,Mathlib.Algebra.Group.Submonoid.Finite,0.3881,0.0,0.0,0.0192,0.0,0.39
falgebra,Mathlib.Algebra.Module.Presentation.Finite,0.3873,0.0,0.0,0.016,0.0,0.3889
falgebra,Mathlib.Algebra.Group.Subgroup.Finite,0.3863,0.0,0.0,0.0117,0.0,0.3875
falgebra,Mathlib.Algebra.Module.FinitePresentation,0.3706,0.0,0.0,0.054,0.0,0.376
falgebra,Mathlib.Algebra.Group.Pointwise.Set.Finite,0.3632,0.0,0.0,0.024,0.0,0.3656
falgebra,Mathlib.Algebra.Group.ConjFinite,0.3626,0.0,0.0,0.0217,0.0,0.3648
falgebra,Mathlib.Algebra.Category.Grp.FiniteGrp,0.362,0.0,0.0,0.0195,0.0,0.364
closed_field,Mathlib.FieldTheory.IsAlgClosed.Classification,0.4013,1.0,0.25,0.3165,0.0,0.7029
closed_field,Mathlib.FieldTheory.IsRealClosed.Basic,0.3947,1.0,0.25,0.29,0.0,0.6937
closed_field,Mathlib.FieldTheory.IsAlgClosed.Spectrum,0.3918,1.0,0.25,0.2783,0.0,0.6896
closed_field,Mathlib.FieldTheory.IsSepClosed,0.3856,1.0,0.2857,0.1923,0.0,0.6777
closed_field,Mathlib.FieldTheory.IsAlgClosed.Basic,0.3844,1.0,0.25,0.2485,0.0,0.6793
closed_field,Mathlib.FieldTheory.Minpoly.IsIntegrallyClosed,0.3535,1.0,0.25,0.1252,0.0,0.636
closed_field,Mathlib.FieldTheory.AxGrothendieck,0.3526,0.5,0.1429,0.3356,0.0,0.5226
closed_field,Mathlib.Algebra.Algebra.Field,0.3499,0.5,0.3333,0.0496,0.0,0.5065
closed_field,Mathlib.FieldTheory.IsAlgClosed.AlgebraicClosure,0.3327,1.0,0.2,0.1307,0.0,0.6118
closed_field,Mathlib.Algebra.Field.Power,0.3276,0.5,0.25,0.0702,0.0,0.4796
algebraics_fundamentals,Mathlib.NumberTheory.ArithmeticFunction.Misc,0.3212,0.0,0.0,0.0078,0.0,0.322
algebraics_fundamentals,Mathlib.Algebra.AlgebraicCard,0.3185,0.0,0.0,0.1599,0.0,0.3345
algebraics_fundamentals,Mathlib.NumberTheory.NumberField.CMField,0.3106,0.0,0.0,0.2226,0.0,0.3329
algebraics_fundamentals,Mathlib.NumberTheory.Padics.Complex,0.3071,0.0,0.0,0.1532,0.0,0.3224
algebraics_fundamentals,Mathlib.NumberTheory.Modular,0.3065,0.0,0.0,0.1119,0.0,0.3177
algebraics_fundamentals,Mathlib.NumberTheory.Basic,0.3005,0.0,0.0,0.0877,0.0,0.3093
algebraics_fundamentals,Mathlib.NumberTheory.NumberField.InfinitePlace.Embeddings,0.3002,0.0,0.0,0.2173,0.0,0.3219
algebraics_fundamentals,Mathlib.FieldTheory.IsAlgClosed.Basic,0.2981,0.0,0.0,0.1541,0.0,0.3135
algebraics_fundamentals,Mathlib.NumberTheory.Ostrowski,0.2941,0.0,0.0,0.0623,0.0,0.3003
algebraics_fundamentals,Mathlib.NumberTheory.Fermat,0.2938,0.0,0.0,0.061,0.0,0.2999
fieldext,Mathlib.FieldTheory.Extension,0.4371,0.0,0.0,0.0683,0.0,0.4439
fieldext,Mathlib.FieldTheory.Finite.Extension,0.4078,0.0,0.0,0.0979,0.0,0.4176
fieldext,Mathlib.FieldTheory.KummerExtension,0.377,0.0,0.0,0.0795,0.0,0.3849
fieldext,Mathlib.Algebra.Algebra.Field,0.3457,0.0,0.0,0.0328,0.0,0.349
fieldext,Mathlib.Algebra.Order.Field.Subfield,0.3378,0.0,0.0,0.1846,0.0,0.3563
fieldext,Mathlib.FieldTheory.Isaacs,0.3347,0.0,0.0,0.1721,0.0,0.3519
fieldext,Mathlib.FieldTheory.Minpoly.Field,0.3338,0.0,0.0,0.1684,0.0,0.3506
fieldext,Mathlib.FieldTheory.Fixed,0.3248,0.0,0.0,0.1326,0.0,0.3381
fieldext,Mathlib.Algebra.Field.Subfield.Defs,0.3247,0.0,0.0,0.1319,0.0,0.3379
fieldext,Mathlib.FieldTheory.Relrank,0.3228,0.0,0.0,0.1246,0.0,0.3353
galois,Mathlib.FieldTheory.Galois.Notation,0.4633,1.0,0.2,0.3198,0.0,0.7613
galois,Mathlib.FieldTheory.Extension,0.4584,0.0,0.0,0.1536,0.0,0.4738
galois,Mathlib.FieldTheory.Galois.Basic,0.4361,1.0,0.2,0.211,0.0,0.7232
galois,Mathlib.FieldTheory.Galois.Profinite,0.4351,1.0,0.2,0.2071,0.0,0.7218
galois,Mathlib.FieldTheory.PolynomialGaloisGroup,0.4293,1.0,0.1429,0.367,0.0,0.7274
galois,Mathlib.FieldTheory.Galois.GaloisClosure,0.4277,1.0,0.1667,0.2821,0.0,0.7192
galois,Mathlib.FieldTheory.Galois.Abelian,0.4257,1.0,0.2,0.1697,0.0,0.7087
galois,Mathlib.FieldTheory.Finite.Extension,0.4236,0.0,0.0,0.1611,0.0,0.4397
galois,Mathlib.FieldTheory.Galois.Infinite,0.4199,1.0,0.2,0.1461,0.0,0.7005
galois,Mathlib.FieldTheory.Finite.GaloisField,0.4087,1.0,0.1667,0.206,0.0,0.6926
finfield,Mathlib.FieldTheory.Finite.Trace,0.4367,0.4,0.2857,0.2133,0.0,0.5809
finfield,Mathlib.FieldTheory.Finite.Valuation,0.4238,0.4,0.2857,0.1619,0.0,0.5628
finfield,Mathlib.FieldTheory.Finite.Basic,0.4222,0.4,0.2857,0.1553,0.0,0.5606
finfield,Mathlib.FieldTheory.Finite.Extension,0.4159,0.4,0.2857,0.1303,0.0,0.5518
finfield,Mathlib.FieldTheory.Finite.GaloisField,0.4093,0.6,0.4286,0.2087,0.0,0.6145
finfield,Mathlib.FieldTheory.Finite.Polynomial,0.4093,0.4,0.2857,0.1039,0.0,0.5425
finfield,Mathlib.Algebra.Algebra.Field,0.3496,0.2,0.2,0.0483,0.0,0.4204
finfield,Mathlib.NumberTheory.NumberField.FinitePlaces,0.3406,0.4,0.2,0.0735,0.0,0.464
finfield,Mathlib.Algebra.Field.Shrink,0.3323,0.2,0.1667,0.089,0.0,0.4045
finfield,Mathlib.FieldTheory.Cardinality,0.3307,0.2,0.1429,0.156,0.0,0.4077
all_ssreflect,Mathlib.Data.Matrix.Reflection,0.2917,0.0,0.0,0.0,0.0,0.2917
all_ssreflect,Mathlib.Data.Fin.Tuple.Reflection,0.2786,0.0,0.0,0.0,0.0,0.2786
all_ssreflect,Mathlib.Data.Bool.AllAny,0.2688,0.5,0.1667,0.0,0.0,0.4071
all_ssreflect,Mathlib.Data.List.Intervals,0.25,0.0,0.0,0.0,0.0,0.25
all_ssreflect,Mathlib.Data.Fin.Basic,0.25,0.0,0.0,0.0,0.0,0.25
all_ssreflect,Mathlib.Data.List.Permutation,0.25,0.0,0.0,0.0,0.0,0.25
all_ssreflect,Mathlib.Logic.Pairwise,0.25,0.0,0.0,0.0,0.0,0.25
all_ssreflect,Mathlib.Data.PSigma.Order,0.25,0.0,0.0,0.0,0.0,0.25
all_ssreflect,Mathlib.Data.Prod.Lex,0.25,0.0,0.0,0.0,0.0,0.25
all_ssreflect,Mathlib.Data.Sigma.Order,0.25,0.0,0.0,0.0,0.0,0.25
all,Mathlib.Util.GetAllModules,0.11,1.0,0.2,0.0,0.0,0.376
all,Mathlib.Data.Bool.AllAny,0.11,1.0,0.2,0.0,0.0,0.376
all,Mathlib.Algebra.Algebra.Hom,0.0,0.0,0.0,0.0,0.0,0.0
all,Mathlib.Algebra.Algebra.Hom.Rat,0.0,0.0,0.0,0.0,0.0,0.0
all,Mathlib.Util.Notation3,0.0,0.0,0.0,0.0,0.0,0.0
all,Mathlib,0.0,0.0,0.0,0.0,0.0,0.0
all,Mathlib.Util.WithWeakNamespace,0.0,0.0,0.0,0.0,0.0,0.0
all,Mathlib.Util.WhatsNew,0.0,0.0,0.0,0.0,0.0,0.0
all,Mathlib.Util.TransImports,0.0,0.0,0.0,0.0,0.0,0.0
all,Mathlib.Util.TermReduce,0.0,0.0,0.0,0.0,0.0,0.0
vcharacter,Mathlib.RepresentationTheory.Character,0.3472,0.2,0.1429,0.2223,0.0,0.4309
vcharacter,Mathlib.RepresentationTheory.Invariants,0.2521,0.0,0.0,0.0069,0.0,0.2528
vcharacter,Mathlib.RepresentationTheory.FinGroupCharZero,0.251,0.0,0.0,0.0032,0.0,0.2513
vcharacter,Mathlib.GroupTheory.IndexNormal,0.2376,0.0,0.0,0.1503,0.0,0.2526
vcharacter,Mathlib.GroupTheory.FiniteIndexNormalSubgroup,0.2209,0.0,0.0,0.0835,0.0,0.2293
vcharacter,Mathlib.GroupTheory.SchurZassenhaus,0.2198,0.0,0.0,0.0791,0.0,0.2277
vcharacter,Mathlib.GroupTheory.SpecificGroups.Alternating,0.2174,0.0,0.0,0.0697,0.0,0.2244
vcharacter,Mathlib.RepresentationTheory.Irreducible,0.2158,0.0,0.0,0.0633,0.0,0.2221
vcharacter,Mathlib.GroupTheory.Index,0.2142,0.0,0.0,0.0567,0.0,0.2199
vcharacter,Mathlib.GroupTheory.CosetCover,0.2141,0.0,0.0,0.0566,0.0,0.2198
integral_char,Mathlib.RepresentationTheory.FinGroupCharZero,0.3501,0.3333,0.0909,0.1004,0.0,0.4508
integral_char,Mathlib.RepresentationTheory.Character,0.3425,0.1667,0.1429,0.2034,0.0,0.4159
integral_char,Mathlib.RepresentationTheory.Invariants,0.2552,0.0,0.0,0.0165,0.0,0.2569
integral_char,Mathlib.GroupTheory.ClassEquation,0.2253,0.0,0.0,0.1011,0.0,0.2354
integral_char,Mathlib.GroupTheory.Perm.Centralizer,0.2212,0.0,0.0,0.0849,0.0,0.2297
integral_char,Mathlib.GroupTheory.SpecificGroups.Alternating.Centralizer,0.2199,0.0,0.0,0.0796,0.0,0.2279
integral_char,Mathlib.GroupTheory.Congruence.Opposite,0.2135,0.0,0.0,0.0542,0.0,0.2189
integral_char,Mathlib.GroupTheory.Exponent,0.2131,0.0,0.0,0.0523,0.0,0.2183
integral_char,Mathlib.GroupTheory.OreLocalization.Basic,0.213,0.0,0.0,0.0522,0.0,0.2182
integral_char,Mathlib.GroupTheory.OrderOfElement,0.2125,0.0,0.0,0.0501,0.0,0.2175
mxrepresentation,Mathlib.RepresentationTheory.Semisimple,0.3869,0.25,0.2222,0.381,0.0,0.5053
mxrepresentation,Mathlib.RepresentationTheory.Irreducible,0.3592,0.125,0.1,0.27,0.0,0.4254
mxrepresentation,Mathlib.RepresentationTheory.Maschke,0.3476,0.25,0.2222,0.2238,0.0,0.4503
mxrepresentation,Mathlib.RepresentationTheory.Character,0.3465,0.125,0.1,0.2194,0.0,0.4077
mxrepresentation,Mathlib.RepresentationTheory.Rep,0.3457,0.125,0.1,0.2163,0.0,0.4066
mxrepresentation,Mathlib.RepresentationTheory.AlgebraRepresentation.Basic,0.3338,0.125,0.0833,0.2603,0.0,0.3977
mxrepresentation,Mathlib.RepresentationTheory.Submodule,0.3287,0.125,0.1,0.1483,0.0,0.3828
mxrepresentation,Mathlib.RepresentationTheory.Coinduced,0.3276,0.125,0.1,0.1438,0.0,0.3812
mxrepresentation,Mathlib.RepresentationTheory.Subrepresentation,0.3255,0.125,0.1,0.1353,0.0,0.3783
mxrepresentation,Mathlib.RepresentationTheory.Basic,0.3254,0.125,0.1,0.1348,0.0,0.3781
inertia,Mathlib.RepresentationTheory.FinGroupCharZero,0.3237,0.0,0.0,0.0159,0.0,0.3253
inertia,Mathlib.GroupTheory.PGroup,0.3052,0.0,0.0,0.0543,0.0,0.3106
inertia,Mathlib.GroupTheory.Sylow,0.3034,0.0,0.0,0.047,0.0,0.3081
inertia,Mathlib.GroupTheory.Index,0.3026,0.0,0.0,0.0437,0.0,0.307
inertia,Mathlib.GroupTheory.Torsion,0.3022,0.0,0.0,0.0421,0.0,0.3064
inertia,Mathlib.GroupTheory.Schreier,0.3021,0.0,0.0,0.0417,0.0,0.3063
inertia,Mathlib.GroupTheory.Commensurable,0.3015,0.0,0.0,0.0392,0.0,0.3054
inertia,Mathlib.GroupTheory.Divisible,0.2994,0.0,0.0,0.031,0.0,0.3025
inertia,Mathlib.GroupTheory.Rank,0.2984,0.0,0.0,0.0268,0.0,0.3011
inertia,Mathlib.GroupTheory.Transfer,0.2982,0.0,0.0,0.0263,0.0,0.3008
character,Mathlib.RepresentationTheory.Character,0.5333,1.0,0.25,0.2332,0.0,0.8266
character,Mathlib.RepresentationTheory.Irreducible,0.3422,0.0,0.0,0.1289,0.0,0.3551
character,Mathlib.RepresentationTheory.Induced,0.3374,0.0,0.0,0.1097,0.0,0.3484
character,Mathlib.RepresentationTheory.Coinduced,0.3321,0.0,0.0,0.0886,0.0,0.341
character,Mathlib.RepresentationTheory.Rep,0.3303,0.0,0.0,0.0811,0.0,0.3384
character,Mathlib.RepresentationTheory.Semisimple,0.3278,0.0,0.0,0.0711,0.0,0.3349
character,Mathlib.RepresentationTheory.Subrepresentation,0.3254,0.0,0.0,0.0615,0.0,0.3315
character,Mathlib.RepresentationTheory.Basic,0.3247,0.0,0.0,0.0589,0.0,0.3306
character,Mathlib.RepresentationTheory.Coinvariants,0.3241,0.0,0.0,0.0562,0.0,0.3297
character,Mathlib.RepresentationTheory.Submodule,0.3237,0.0,0.0,0.0547,0.0,0.3292
classfun,Mathlib.GroupTheory.ClassEquation,0.2842,0.0,0.0,0.0619,0.0,0.2904
classfun,Mathlib.RepresentationTheory.FinGroupCharZero,0.2628,0.0,0.0,0.0411,0.0,0.2669
classfun,Mathlib.RepresentationTheory.Invariants,0.2564,0.0,0.0,0.0203,0.0,0.2584
classfun,Mathlib.RepresentationTheory.Character,0.2234,0.2,0.1429,0.0937,0.0,0.2942
classfun,Mathlib.GroupTheory.Perm.Centralizer,0.2209,0.0,0.0,0.0835,0.0,0.2292
classfun,Mathlib.GroupTheory.CosetCover,0.2178,0.0,0.0,0.0711,0.0,0.2249
classfun,Mathlib.GroupTheory.SpecificGroups.Alternating.Centralizer,0.2147,0.0,0.0,0.0586,0.0,0.2206
classfun,Mathlib.GroupTheory.Coxeter.Inversion,0.2137,0.0,0.0,0.0546,0.0,0.2192
classfun,Mathlib.GroupTheory.GroupAction.Support,0.211,0.0,0.0,0.0441,0.0,0.2154
classfun,Mathlib.GroupTheory.SpecificGroups.KleinFour,0.2108,0.0,0.0,0.0432,0.0,0.2151
mxabelem,Mathlib.GroupTheory.Coxeter.Matrix,0.2916,0.0,0.0,0.0916,0.0,0.3008
mxabelem,Mathlib.RepresentationTheory.FinGroupCharZero,0.2864,0.0,0.0,0.1166,0.0,0.2981
mxabelem,Mathlib.GroupTheory.FreeAbelianGroup,0.2798,0.0,0.0,0.0748,0.0,0.2873
mxabelem,Mathlib.GroupTheory.FiniteAbelian.Duality,0.2755,0.0,0.0,0.0818,0.0,0.2837
mxabelem,Mathlib.RepresentationTheory.Invariants,0.275,0.0,0.0,0.0801,0.0,0.283
mxabelem,Mathlib.GroupTheory.FiniteAbelian.Basic,0.2748,0.0,0.0,0.0792,0.0,0.2827
mxabelem,Mathlib.RepresentationTheory.AlgebraRepresentation.Basic,0.2398,0.0,0.0,0.1594,0.0,0.2557
mxabelem,Mathlib.GroupTheory.GroupAction.Iwasawa,0.2359,0.0,0.0,0.1435,0.0,0.2503
mxabelem,Mathlib.RepresentationTheory.Semisimple,0.2357,0.0,0.0,0.1428,0.0,0.25
mxabelem,Mathlib.RepresentationTheory.Character,0.2323,0.0,0.0,0.1292,0.0,0.2452
all_character,Mathlib.RepresentationTheory.Character,0.5159,0.5,0.2,0.3836,0.0,0.6953
all_character,Mathlib.RepresentationTheory.Subrepresentation,0.2917,0.0,0.0,0.0,0.0,0.2917
all_character,Mathlib.RepresentationTheory.Rep,0.2917,0.0,0.0,0.0,0.0,0.2917
all_character,Mathlib.RepresentationTheory.Coinvariants,0.2917,0.0,0.0,0.0,0.0,0.2917
all_character,Mathlib.RepresentationTheory.Coinduced,0.2917,0.0,0.0,0.0,0.0,0.2917
all_character,Mathlib.RepresentationTheory.Basic,0.2917,0.0,0.0,0.0,0.0,0.2917
all_character,Mathlib.RepresentationTheory.Tannaka,0.2917,0.0,0.0,0.0,0.0,0.2917
all_character,Mathlib.RepresentationTheory.Invariants,0.2917,0.0,0.0,0.0,0.0,0.2917
all_character,Mathlib.RepresentationTheory.Maschke,0.2917,0.0,0.0,0.0,0.0,0.2917
all_character,Mathlib.RepresentationTheory.Irreducible,0.2917,0.0,0.0,0.0,0.0,0.2917
intdiv,Mathlib.Algebra.MonoidAlgebra.Division,0.3243,0.0,0.0,0.1829,0.0,0.3426
intdiv,Mathlib.Algebra.Divisibility.Finite,0.305,0.0,0.0,0.0534,0.0,0.3103
intdiv,Mathlib.Algebra.Divisibility.Prod,0.3046,0.0,0.0,0.0516,0.0,0.3098
intdiv,Mathlib.Algebra.Divisibility.Basic,0.3034,0.0,0.0,0.0469,0.0,0.3081
intdiv,Mathlib.Algebra.Divisibility.Hom,0.3032,0.0,0.0,0.046,0.0,0.3078
intdiv,Mathlib.Algebra.MvPolynomial.Division,0.3023,0.0,0.0,0.1342,0.0,0.3157
intdiv,Mathlib.Algebra.Divisibility.Units,0.2996,0.0,0.0,0.0317,0.0,0.3028
intdiv,Mathlib.RingTheory.Localization.Integer,0.2974,0.0,0.0,0.1145,0.0,0.3088
intdiv,Mathlib.Algebra.Ring.Divisibility.Basic,0.2927,0.0,0.0,0.0564,0.0,0.2983
intdiv,Mathlib.Algebra.Ring.Divisibility.Lemmas,0.292,0.0,0.0,0.0537,0.0,0.2974
matrix,Mathlib.LinearAlgebra.Matrix.Determinant.Basic,0.6254,1.0,0.1667,0.2351,0.0,0.9122
matrix,Mathlib.LinearAlgebra.Matrix.Determinant.Misc,0.6014,1.0,0.1667,0.139,0.0,0.8786
matrix,Mathlib.LinearAlgebra.Matrix.Transvection,0.5753,1.0,0.2,0.4012,0.0,0.8814
matrix,Mathlib.LinearAlgebra.Matrix.Stochastic,0.5588,1.0,0.2,0.3352,0.0,0.8583
matrix,Mathlib.LinearAlgebra.Determinant,0.5538,0.0,0.0,0.095,0.0,0.5633
matrix,Mathlib.LinearAlgebra.Matrix.Swap,0.5464,1.0,0.2,0.2857,0.0,0.841
matrix,Mathlib.LinearAlgebra.Matrix.Vec,0.5417,1.0,0.2,0.2668,0.0,0.8344
matrix,Mathlib.LinearAlgebra.Matrix.Adjugate,0.5411,1.0,0.2,0.2644,0.0,0.8335
matrix,Mathlib.LinearAlgebra.Matrix.Trace,0.5288,1.0,0.2,0.2153,0.0,0.8163
matrix,Mathlib.LinearAlgebra.Matrix.Orthogonal,0.5225,1.0,0.2,0.1902,0.0,0.8075
mxred,Mathlib.LinearAlgebra.Matrix.BaseChange,0.3557,0.0,0.0,0.4027,0.0,0.396
mxred,Mathlib.Algebra.Algebra.Subalgebra.Matrix,0.3459,0.0,0.0,0.2169,0.0,0.3676
mxred,Mathlib.Algebra.Central.Matrix,0.331,0.0,0.0,0.1575,0.0,0.3467
mxred,Mathlib.Algebra.Azumaya.Matrix,0.3229,0.0,0.0,0.1248,0.0,0.3354
mxred,Mathlib.LinearAlgebra.Matrix.Basis,0.3228,0.0,0.0,0.2162,0.0,0.3444
mxred,Mathlib.Algebra.Lie.Matrix,0.3224,0.0,0.0,0.1228,0.0,0.3347
mxred,Mathlib.LinearAlgebra.Matrix.CharP,0.3219,0.0,0.0,0.2433,0.0,0.3462
mxred,Mathlib.LinearAlgebra.Matrix.Permanent,0.3189,0.0,0.0,0.2006,0.0,0.339
mxred,Mathlib.LinearAlgebra.Matrix.Gershgorin,0.3177,0.0,0.0,0.1956,0.0,0.3373
mxred,Mathlib.LinearAlgebra.Matrix.Swap,0.3164,0.0,0.0,0.1907,0.0,0.3355
polyXY,Mathlib.Algebra.Polynomial.Bivariate,0.4355,0.2,0.1667,0.2085,0.0,0.5197
polyXY,Mathlib.RingTheory.Polynomial.HilbertPoly,0.3589,0.4,0.2222,0.1957,0.0,0.4962
polyXY,Mathlib.Algebra.Polynomial.Homogenize,0.3395,0.2,0.1667,0.2437,0.0,0.4272
polyXY,Mathlib.Algebra.Polynomial.Identities,0.3256,0.2,0.1667,0.188,0.0,0.4077
polyXY,Mathlib.Algebra.Polynomial.Roots,0.3199,0.2,0.1667,0.1651,0.0,0.3997
polyXY,Mathlib.Algebra.Polynomial.Inductions,0.3133,0.2,0.1667,0.1388,0.0,0.3905
polyXY,Mathlib.Algebra.Polynomial.Monomial,0.3064,0.2,0.1667,0.1113,0.0,0.3809
polyXY,Mathlib.Algebra.Polynomial.Mirror,0.3051,0.2,0.1667,0.106,0.0,0.379
polyXY,Mathlib.Algebra.Polynomial.Smeval,0.3047,0.2,0.1667,0.1045,0.0,0.3785
polyXY,Mathlib.Algebra.Polynomial.Lifts,0.3041,0.2,0.1667,0.1023,0.0,0.3777
num_theory/numfield,Mathlib.NumberTheory.NumberField.Completion,0.4278,0.375,0.2222,0.0863,0.0,0.548
num_theory/numfield,Mathlib.NumberTheory.NumberField.House,0.4277,0.375,0.2222,0.0859,0.0,0.5478
num_theory/numfield,Mathlib.NumberTheory.NumberField.Norm,0.4201,0.375,0.2222,0.0552,0.0,0.5372
num_theory/numfield,Mathlib.NumberTheory.Height.NumberField,0.4172,0.375,0.2222,0.0439,0.0,0.5331
num_theory/numfield,Mathlib.NumberTheory.NumberField.Basic,0.4145,0.375,0.2222,0.0328,0.0,0.5293
num_theory/numfield,Mathlib.NumberTheory.FunctionField,0.4141,0.375,0.2222,0.0315,0.0,0.5288
num_theory/numfield,Mathlib.NumberTheory.NumberField.Ideal.Asymptotics,0.3987,0.375,0.2,0.0615,0.0,0.5146
num_theory/numfield,Mathlib.NumberTheory.NumberField.Discriminant.Defs,0.3977,0.375,0.2,0.0576,0.0,0.5132
num_theory/numfield,Mathlib.NumberTheory.NumberField.Cyclotomic.Three,0.3972,0.375,0.2,0.0554,0.0,0.5125
num_theory/numfield,Mathlib.NumberTheory.NumberField.Cyclotomic.PID,0.3966,0.375,0.2,0.0532,0.0,0.5117
num_theory/ssrnum,Mathlib.NumberTheory.Cyclotomic.Rat,0.4021,0.3,0.2,0.0751,0.0,0.5006
num_theory/ssrnum,Mathlib.NumberTheory.Harmonic.Int,0.3975,0.3,0.2,0.0567,0.0,0.4942
num_theory/ssrnum,Mathlib.NumberTheory.Zsqrtd.GaussianInt,0.3619,0.3,0.1667,0.0475,0.0,0.455
num_theory/ssrnum,Mathlib.NumberTheory.Ostrowski,0.3579,0.3,0.2222,0.1428,0.0,0.465
num_theory/ssrnum,Mathlib.NumberTheory.Wilson,0.3458,0.3,0.2222,0.0942,0.0,0.448
num_theory/ssrnum,Mathlib.NumberTheory.Primorial,0.3445,0.3,0.2222,0.0889,0.0,0.4462
num_theory/ssrnum,Mathlib.NumberTheory.Basic,0.3424,0.3,0.2222,0.0806,0.0,0.4432
num_theory/ssrnum,Mathlib.NumberTheory.Fermat,0.3401,0.3,0.2222,0.0717,0.0,0.44
num_theory/ssrnum,Mathlib.NumberTheory.Niven,0.3401,0.3,0.2222,0.0717,0.0,0.44
num_theory/ssrnum,Mathlib.NumberTheory.Modular,0.3373,0.3,0.2222,0.0604,0.0,0.4361
ssralg,Mathlib.Algebra.Ring.Action.Field,0.4867,0.3333,0.2857,0.2038,0.0,0.6133
ssralg,Mathlib.Algebra.Module.RingHom,0.4526,0.3333,0.25,0.1853,0.0,0.5745
ssralg,Mathlib.Algebra.Order.Module.Field,0.4425,0.1667,0.125,0.0273,0.0,0.4969
ssralg,Mathlib.Algebra.Module.Torsion.Field,0.4414,0.1667,0.125,0.0225,0.0,0.4953
ssralg,Mathlib.Algebra.Ring.Centralizer,0.4334,0.3333,0.3333,0.305,0.0,0.5739
ssralg,Mathlib.Algebra.Ring.Identities,0.43,0.3333,0.3333,0.2914,0.0,0.5691
ssralg,Mathlib.Algebra.Ring.Shrink,0.4225,0.3333,0.3333,0.2615,0.0,0.5586
ssralg,Mathlib.Algebra.Ring.Associated,0.4198,0.3333,0.3333,0.2505,0.0,0.5549
ssralg,Mathlib.Algebra.Ring.Center,0.4191,0.3333,0.3333,0.2479,0.0,0.5539
ssralg,Mathlib.Algebra.Ring.Regular,0.4183,0.3333,0.3333,0.2447,0.0,0.5528
mxpoly,Mathlib.LinearAlgebra.Matrix.Polynomial,0.4107,0.3333,0.25,0.2142,0.0,0.5355
mxpoly,Mathlib.RingTheory.MatrixPolynomialAlgebra,0.3664,0.3333,0.2,0.1768,0.0,0.4834
mxpoly,Mathlib.LinearAlgebra.Matrix.MvPolynomial,0.3613,0.3333,0.2,0.1563,0.0,0.4763
mxpoly,Mathlib.Algebra.Polynomial.Lifts,0.3507,0.1667,0.1429,0.236,0.0,0.4274
mxpoly,Mathlib.RingTheory.Polynomial.Resultant.Basic,0.3376,0.1667,0.1,0.306,0.0,0.4179
mxpoly,Mathlib.Algebra.Polynomial.Identities,0.3286,0.1667,0.1429,0.1476,0.0,0.3965
mxpoly,Mathlib.Algebra.Polynomial.Div,0.3266,0.1667,0.1429,0.1396,0.0,0.3937
mxpoly,Mathlib.LinearAlgebra.Matrix.Charpoly.Coeff,0.3262,0.3333,0.2222,0.2603,0.0,0.4533
mxpoly,Mathlib.Algebra.Polynomial.Eval.Irreducible,0.3247,0.1667,0.125,0.1845,0.0,0.3948
mxpoly,Mathlib.Algebra.Polynomial.Roots,0.3246,0.1667,0.1429,0.1319,0.0,0.3909
interval_inference,Mathlib.Algebra.Order.Interval.Basic,0.4144,0.5,0.2,0.1244,0.0,0.5678
interval_inference,Mathlib.Algebra.Order.Interval.Multiset,0.4133,0.5,0.2,0.1198,0.0,0.5663
interval_inference,Mathlib.Algebra.Order.Ring.Interval,0.4076,0.5,0.2,0.0971,0.0,0.5583
interval_inference,Mathlib.Algebra.Order.Interval.Set.Group,0.3985,0.5,0.1667,0.1653,0.0,0.5534
interval_inference,Mathlib.Algebra.Order.Interval.Set.Monoid,0.3912,0.5,0.1667,0.1361,0.0,0.5431
interval_inference,Mathlib.Algebra.Order.Interval.Finset.Basic,0.3896,0.5,0.1667,0.1298,0.0,0.5409
interval_inference,Mathlib.Algebra.Order.Group.Pointwise.Interval,0.376,0.5,0.1667,0.0753,0.0,0.5219
interval_inference,Mathlib.Algebra.Order.Interval.Set.Instances,0.3724,0.5,0.1667,0.0609,0.0,0.5168
interval_inference,Mathlib.Algebra.Order.ToIntervalMod,0.3531,0.5,0.1429,0.0626,0.0,0.4958
interval_inference,Mathlib.Algebra.Order.Interval.Set.SuccPred,0.3394,0.5,0.125,0.0688,0.0,0.4813
num_theory/numdomain,Mathlib.NumberTheory.Wilson,0.3793,0.375,0.2857,0.0884,0.0,0.5048
num_theory/numdomain,Mathlib.NumberTheory.Primorial,0.3782,0.375,0.2857,0.0841,0.0,0.5032
num_theory/numdomain,Mathlib.NumberTheory.Basic,0.3761,0.375,0.2857,0.0756,0.0,0.5003
num_theory/numdomain,Mathlib.NumberTheory.Fermat,0.374,0.375,0.2857,0.0674,0.0,0.4973
num_theory/numdomain,Mathlib.NumberTheory.Niven,0.374,0.375,0.2857,0.0673,0.0,0.4973
num_theory/numdomain,Mathlib.NumberTheory.Multiplicity,0.3698,0.375,0.2857,0.0506,0.0,0.4915
num_theory/numdomain,Mathlib.NumberTheory.Bertrand,0.3694,0.375,0.2857,0.0489,0.0,0.4909
num_theory/numdomain,Mathlib.NumberTheory.Ostrowski,0.3694,0.375,0.2857,0.0488,0.0,0.4909
num_theory/numdomain,Mathlib.NumberTheory.Rayleigh,0.3684,0.375,0.2857,0.0448,0.0,0.4895
num_theory/numdomain,Mathlib.NumberTheory.Modular,0.3668,0.375,0.2857,0.0387,0.0,0.4873
num_theory/orderedzmod,Mathlib.RingTheory.ZMod,0.3412,0.25,0.1111,0.015,0.0,0.4141
num_theory/orderedzmod,Mathlib.RingTheory.Localization.NumDen,0.3341,0.5,0.2,0.0962,0.0,0.4847
num_theory/orderedzmod,Mathlib.RingTheory.Polynomial.Pochhammer,0.3283,0.25,0.1111,0.006,0.0,0.4003
num_theory/orderedzmod,Mathlib.RingTheory.ZMod.Torsion,0.3266,0.25,0.1,0.0174,0.0,0.3988
num_theory/orderedzmod,Mathlib.NumberTheory.LSeries.ZMod,0.3167,0.375,0.2,0.0268,0.0,0.4291
num_theory/orderedzmod,Mathlib.RingTheory.ZMod.UnitsCyclic,0.3124,0.25,0.0833,0.0495,0.0,0.3865
num_theory/orderedzmod,Mathlib.RingTheory.PowerSeries.WellKnown,0.3086,0.25,0.0769,0.0184,0.0,0.3791
num_theory/orderedzmod,Mathlib.NumberTheory.Wilson,0.2909,0.375,0.2857,0.0884,0.0,0.4164
num_theory/orderedzmod,Mathlib.NumberTheory.Primorial,0.2898,0.375,0.2857,0.0841,0.0,0.4148
num_theory/orderedzmod,Mathlib.NumberTheory.Basic,0.2877,0.375,0.2857,0.0756,0.0,0.4119
ring_quotient,Mathlib.RingTheory.LocalRing.Quotient,0.4329,1.0,0.3333,0.3815,0.0,0.7477
ring_quotient,Mathlib.RingTheory.Trace.Quotient,0.4226,1.0,0.4,0.2618,0.0,0.7308
ring_quotient,Mathlib.RingTheory.Finiteness.Quotient,0.4214,1.0,0.4,0.2572,0.0,0.7291
ring_quotient,Mathlib.RingTheory.Valuation.Quotient,0.4177,1.0,0.4,0.2424,0.0,0.7239
ring_quotient,Mathlib.RingTheory.Ideal.Quotient.Defs,0.3961,1.0,0.3333,0.2342,0.0,0.6962
ring_quotient,Mathlib.RingTheory.Polynomial.Quotient,0.3959,1.0,0.4,0.1551,0.0,0.6934
ring_quotient,Mathlib.Algebra.Quotient,0.3941,0.5,0.3333,0.3363,0.0,0.5794
ring_quotient,Mathlib.RingTheory.Ideal.Quotient.Basic,0.3908,1.0,0.3333,0.2133,0.0,0.6888
ring_quotient,Mathlib.Algebra.Ring.Action.Group,0.3896,0.5,0.2,0.0249,0.0,0.5331
ring_quotient,Mathlib.RingTheory.Ideal.Quotient.Noetherian,0.3757,1.0,0.3333,0.1529,0.0,0.6677
zmodp,Mathlib.Algebra.Prime.Lemmas,0.3211,0.0,0.0,0.1177,0.0,0.3329
zmodp,Mathlib.Algebra.Field.ZMod,0.3137,0.125,0.1,0.1404,0.0,0.367
zmodp,Mathlib.Algebra.Module.ZMod,0.3106,0.125,0.1,0.1282,0.0,0.3627
zmodp,Mathlib.Algebra.Algebra.ZMod,0.3085,0.125,0.1111,0.0673,0.0,0.3554
zmodp,Mathlib.Algebra.Prime.Defs,0.3077,0.0,0.0,0.0642,0.0,0.3141
zmodp,Mathlib.NumberTheory.Modular,0.3038,0.125,0.1,0.101,0.0,0.3531
zmodp,Mathlib.RingTheory.ZMod,0.3034,0.125,0.0909,0.1386,0.0,0.3558
zmodp,Mathlib.RingTheory.ZMod.Torsion,0.3001,0.125,0.0833,0.1561,0.0,0.3536
zmodp,Mathlib.RingTheory.Prime,0.3,0.0,0.0,0.0859,0.0,0.3086
zmodp,Mathlib.RingTheory.ZMod.UnitsCyclic,0.2948,0.125,0.0714,0.1794,0.0,0.3497
vector,Mathlib.LinearAlgebra.AffineSpace.FiniteDimensional,0.3868,0.0,0.0,0.0872,0.0,0.3955
vector,Mathlib.LinearAlgebra.FiniteDimensional.Defs,0.3693,0.0,0.0,0.1884,0.0,0.3881
vector,Mathlib.Algebra.Polynomial.Module.FiniteDimensional,0.3681,0.0,0.0,0.1225,0.0,0.3804
vector,Mathlib.LinearAlgebra.FiniteDimensional.Basic,0.3669,0.0,0.0,0.1786,0.0,0.3848
vector,Mathlib.LinearAlgebra.Matrix.FiniteDimensional,0.3643,0.0,0.0,0.1684,0.0,0.3811
vector,Mathlib.LinearAlgebra.FiniteDimensional.Lemmas,0.3531,0.0,0.0,0.1235,0.0,0.3654
vector,Mathlib.LinearAlgebra.Complex.FiniteDimensional,0.3528,0.0,0.0,0.1221,0.0,0.365
vector,Mathlib.LinearAlgebra.Multilinear.FiniteDimensional,0.3517,0.0,0.0,0.118,0.0,0.3635
vector,Mathlib.LinearAlgebra.Finsupp.VectorSpace,0.3484,1.0,0.1429,0.1046,0.0,0.6203
vector,Mathlib.LinearAlgebra.Basis.VectorSpace,0.3464,1.0,0.1429,0.0969,0.0,0.6175
ssrint,Mathlib.RingTheory.Int.Basic,0.3247,0.25,0.1429,0.2237,0.0,0.421
ssrint,Mathlib.Algebra.Group.Int.Even,0.3227,0.25,0.1667,0.1766,0.0,0.4162
ssrint,Mathlib.Algebra.Order.Group.Int,0.322,0.25,0.1667,0.1735,0.0,0.4152
ssrint,Mathlib.Algebra.Order.Ring.Int,0.3218,0.25,0.1667,0.1728,0.0,0.4149
ssrint,Mathlib.Algebra.Module.LocalizedModule.Int,0.3187,0.25,0.1429,0.2,0.0,0.4126
ssrint,Mathlib.RingTheory.Ideal.Int,0.3175,0.25,0.1429,0.195,0.0,0.4109
ssrint,Mathlib.Algebra.Group.Int.Units,0.3157,0.25,0.1667,0.1486,0.0,0.4064
ssrint,Mathlib.Algebra.Module.NatInt,0.3145,0.25,0.1429,0.1832,0.0,0.4067
ssrint,Mathlib.Algebra.Ring.Int.Units,0.3134,0.25,0.1667,0.1394,0.0,0.4032
ssrint,Mathlib.Algebra.Order.Group.Unbundled.Int,0.3132,0.25,0.1429,0.1778,0.0,0.4049
all_algebra,Mathlib.Algebra.Algebra.Epi,0.5331,0.5,0.3333,0.5989,0.0,0.7447
all_algebra,Mathlib.Algebra.Algebra.Shrink,0.4888,0.5,0.3333,0.4219,0.0,0.6827
all_algebra,Mathlib.Algebra.Algebra.Field,0.476,0.5,0.3333,0.3706,0.0,0.6647
all_algebra,Mathlib.Algebra.Order.Module.Algebra,0.4638,0.5,0.25,0.5051,0.0,0.6593
all_algebra,Mathlib.Algebra.Algebra.ZMod,0.4551,0.5,0.25,0.4703,0.0,0.6471
all_algebra,Mathlib.Algebra.Order.Algebra,0.4548,0.5,0.3333,0.286,0.0,0.6351
all_algebra,Mathlib.Algebra.Algebra.Rat,0.4533,0.5,0.3333,0.2798,0.0,0.6329
all_algebra,Mathlib.Algebra.Notation,0.4513,0.5,0.3333,0.2717,0.0,0.6301
all_algebra,Mathlib.Algebra.Algebra.Bilinear,0.4459,0.5,0.3333,0.2503,0.0,0.6226
all_algebra,Mathlib.Algebra.Algebra.Prod,0.4453,0.5,0.3333,0.2478,0.0,0.6217
mxalgebra,Mathlib.LinearAlgebra.Matrix.Rank,0.4522,0.5714,0.5714,0.1836,0.0,0.6591
mxalgebra,Mathlib.LinearAlgebra.Matrix.RowCol,0.4438,0.4286,0.3,0.3154,0.0,0.6065
mxalgebra,Mathlib.Algebra.Algebra.Subalgebra.Matrix,0.406,0.2857,0.2857,0.1956,0.0,0.5198
mxalgebra,Mathlib.Algebra.Central.Matrix,0.4015,0.2857,0.2857,0.1773,0.0,0.5135
mxalgebra,Mathlib.Algebra.Azumaya.Matrix,0.3987,0.2857,0.2857,0.1661,0.0,0.5096
mxalgebra,Mathlib.LinearAlgebra.AffineSpace.Matrix,0.3973,0.4286,0.3,0.1292,0.0,0.5414
mxalgebra,Mathlib.LinearAlgebra.Matrix.Transvection,0.3951,0.4286,0.375,0.2914,0.0,0.5614
mxalgebra,Mathlib.Algebra.Lie.Matrix,0.3913,0.2857,0.2857,0.1367,0.0,0.4993
mxalgebra,Mathlib.LinearAlgebra.Matrix.Stochastic,0.3911,0.4286,0.375,0.2755,0.0,0.5558
mxalgebra,Mathlib.LinearAlgebra.Matrix.Vec,0.3824,0.4286,0.375,0.2405,0.0,0.5436
spectral,Mathlib.Algebra.Homology.SpectralSequence.Basic,0.3219,1.0,0.1667,0.2432,0.0,0.6096
spectral,Mathlib.Algebra.Homology.SpectralSequence.ComplexShape,0.3153,1.0,0.125,0.2613,0.0,0.6014
spectral,Mathlib.Algebra.Homology.HomotopyCategory.SpectralObject,0.3035,1.0,0.125,0.2139,0.0,0.5849
spectral,Mathlib.LinearAlgebra.Matrix.Orthogonal,0.2688,0.0,0.0,0.0,0.0,0.2688
spectral,Mathlib.LinearAlgebra.BilinearForm.Orthogonal,0.255,0.0,0.0,0.0,0.0,0.255
spectral,Mathlib.LinearAlgebra.SesquilinearForm.Basic,0.2527,0.0,0.0,0.0086,0.0,0.2536
spectral,Mathlib.RingTheory.TensorProduct.Finite,0.2525,0.0,0.0,0.008,0.0,0.2533
spectral,Mathlib.RingTheory.Localization.FractionRing,0.251,0.0,0.0,0.0032,0.0,0.2513
spectral,Mathlib.Algebra.Category.Ring.Epi,0.25,0.0,0.0,0.0,0.0,0.25
spectral,Mathlib.LinearAlgebra.Span.TensorProduct,0.25,0.0,0.0,0.0,0.0,0.25
sesquilinear,Mathlib.LinearAlgebra.SesquilinearForm,0.4552,1.0,0.1667,0.3923,0.0,0.7578
sesquilinear,Mathlib.LinearAlgebra.SesquilinearForm.Star,0.4406,1.0,0.1429,0.4124,0.0,0.7433
sesquilinear,Mathlib.LinearAlgebra.Matrix.SesquilinearForm,0.3864,1.0,0.1429,0.1954,0.0,0.6674
sesquilinear,Mathlib.LinearAlgebra.SesquilinearForm.Basic,0.3837,1.0,0.1429,0.1849,0.0,0.6636
sesquilinear,Mathlib.LinearAlgebra.Matrix.BilinearForm,0.3508,0.0,0.0,0.0534,0.0,0.3561
sesquilinear,Mathlib.LinearAlgebra.BilinearForm.Properties,0.3411,0.0,0.0,0.0145,0.0,0.3426
sesquilinear,Mathlib.LinearAlgebra.BilinearForm.Orthogonal,0.3409,0.0,0.0,0.0137,0.0,0.3423
sesquilinear,Mathlib.LinearAlgebra.BilinearForm.Hom,0.3405,0.0,0.0,0.012,0.0,0.3417
sesquilinear,Mathlib.LinearAlgebra.BilinearForm.Basic,0.34,0.0,0.0,0.0102,0.0,0.341
sesquilinear,Mathlib.Algebra.Algebra.Bilinear,0.3392,0.0,0.0,0.0069,0.0,0.3399
finalg,Mathlib.Algebra.Divisibility.Finite,0.5049,0.0,0.0,0.1197,0.0,0.5169
finalg,Mathlib.Algebra.Group.Equiv.Finite,0.466,0.0,0.0,0.1841,0.0,0.4844
finalg,Mathlib.Algebra.Group.Submonoid.Finite,0.4406,0.0,0.0,0.0823,0.0,0.4488
finalg,Mathlib.Algebra.Group.Subgroup.Finite,0.4374,0.0,0.0,0.0697,0.0,0.4444
finalg,Mathlib.Algebra.Module.Presentation.Finite,0.4285,0.0,0.0,0.0341,0.0,0.4319
finalg,Mathlib.Algebra.Group.Pointwise.Set.Finite,0.4068,0.0,0.0,0.0937,0.0,0.4162
finalg,Mathlib.Algebra.Group.ConjFinite,0.4031,0.0,0.0,0.0792,0.0,0.411
finalg,Mathlib.Algebra.Group.Action.Pointwise.Set.Finite,0.3939,0.0,0.0,0.1471,0.0,0.4086
finalg,Mathlib.Algebra.Category.Grp.FiniteGrp,0.3936,0.0,0.0,0.0411,0.0,0.3977
finalg,Mathlib.Algebra.Notation.FiniteSupport,0.392,0.0,0.0,0.0348,0.0,0.3955
rat,Mathlib.NumberTheory.Cyclotomic.Rat,0.4334,0.6667,0.1667,0.2003,0.0,0.6334
rat,Mathlib.NumberTheory.Niven,0.3683,0.0,0.0,0.3066,0.0,0.399
rat,Mathlib.Algebra.Order.Field.Rat,0.3666,0.6667,0.2,0.2999,0.0,0.5793
rat,Mathlib.Algebra.Field.Rat,0.3654,0.6667,0.25,0.2218,0.0,0.5742
rat,Mathlib.Algebra.Algebra.Rat,0.3611,0.6667,0.3333,0.0945,0.0,0.5639
rat,Mathlib.Algebra.Ring.Rat,0.3602,0.6667,0.25,0.2009,0.0,0.567
rat,Mathlib.Algebra.Star.Rat,0.3536,0.6667,0.25,0.1743,0.0,0.5577
rat,Mathlib.Algebra.Order.Ring.Rat,0.3465,0.6667,0.2,0.2192,0.0,0.5511
rat,Mathlib.Algebra.Algebra.Hom.Rat,0.3459,0.6667,0.25,0.1434,0.0,0.5469
rat,Mathlib.NumberTheory.Real.Irrational,0.3399,0.0,0.0,0.2451,0.0,0.3644
polydiv,Mathlib.Algebra.Polynomial.FieldDivision,0.3883,0.0,0.0,0.1248,0.0,0.4008
polydiv,Mathlib.Algebra.MvPolynomial.Division,0.3866,0.0,0.0,0.1178,0.0,0.3984
polydiv,Mathlib.Algebra.Polynomial.RingDivision,0.3817,0.0,0.0,0.0982,0.0,0.3915
polydiv,Mathlib.Algebra.Polynomial.PartialFractions,0.3171,0.0,0.0,0.1934,0.0,0.3364
polydiv,Mathlib.Algebra.Polynomial.Smeval,0.3157,0.0,0.0,0.0961,0.0,0.3253
polydiv,Mathlib.Algebra.EuclideanDomain.Defs,0.3126,0.0,0.0,0.1752,0.0,0.3301
polydiv,Mathlib.Algebra.Polynomial.Identities,0.3105,0.0,0.0,0.0754,0.0,0.318
polydiv,Mathlib.Algebra.MonoidAlgebra.Division,0.3104,0.0,0.0,0.1272,0.0,0.3231
polydiv,Mathlib.Algebra.Polynomial.Sequence,0.3101,0.0,0.0,0.0736,0.0,0.3175
polydiv,Mathlib.Algebra.Polynomial.Coeff,0.307,0.0,0.0,0.0612,0.0,0.3131
interval,Mathlib.Algebra.Order.Ring.Interval,0.5237,1.0,0.25,0.1948,0.0,0.8132
interval,Mathlib.Algebra.Order.Interval.Multiset,0.5172,1.0,0.25,0.1689,0.0,0.8041
interval,Mathlib.Algebra.Order.Interval.Basic,0.5112,1.0,0.25,0.1448,0.0,0.7957
interval,Mathlib.Algebra.Order.Interval.Set.Monoid,0.4691,1.0,0.2,0.1965,0.0,0.7547
interval,Mathlib.Algebra.Order.Interval.Set.Group,0.4683,1.0,0.2,0.1932,0.0,0.7536
interval,Mathlib.Algebra.Order.Interval.Finset.Basic,0.4657,1.0,0.2,0.183,0.0,0.75
interval,Mathlib.Algebra.Order.Group.Pointwise.Interval,0.4484,1.0,0.2,0.1137,0.0,0.7258
interval,Mathlib.Algebra.Order.Interval.Set.Instances,0.443,1.0,0.2,0.0919,0.0,0.7182
interval,Mathlib.Order.Interval.Lex,0.4083,1.0,0.3333,0.1666,0.0,0.7016
interval,Mathlib.Algebra.Order.Algebra,0.4031,0.0,0.0,0.0792,0.0,0.411
qpoly,Mathlib.RingTheory.Polynomial.Quotient,0.419,0.0,0.0,0.1425,0.0,0.4332
qpoly,Mathlib.Algebra.Quotient,0.3593,0.0,0.0,0.087,0.0,0.368
qpoly,Mathlib.Algebra.Polynomial.Lifts,0.3481,0.0,0.0,0.1523,0.0,0.3633
qpoly,Mathlib.Algebra.Polynomial.Identities,0.3459,0.0,0.0,0.1437,0.0,0.3603
qpoly,Mathlib.Algebra.Polynomial.Basis,0.343,0.0,0.0,0.132,0.0,0.3562
qpoly,Mathlib.Algebra.Polynomial.Monic,0.3422,0.0,0.0,0.1288,0.0,0.3551
qpoly,Mathlib.Algebra.Polynomial.Homogenize,0.3421,0.0,0.0,0.1282,0.0,0.3549
qpoly,Mathlib.Algebra.Polynomial.Div,0.3418,0.0,0.0,0.1271,0.0,0.3545
qpoly,Mathlib.Algebra.Polynomial.Eval.Irreducible,0.339,0.0,0.0,0.1893,0.0,0.3579
qpoly,Mathlib.Algebra.Polynomial.Smeval,0.3373,0.0,0.0,0.1091,0.0,0.3482
archimedean,Mathlib.Algebra.Order.Archimedean.Submonoid,0.381,1.0,0.25,0.1739,0.0,0.6684
archimedean,Mathlib.Algebra.Order.Archimedean.Basic,0.3793,1.0,0.25,0.1673,0.0,0.666
archimedean,Mathlib.Algebra.Order.Module.Archimedean,0.3702,1.0,0.25,0.131,0.0,0.6533
archimedean,Mathlib.Algebra.Order.Archimedean.Hom,0.3655,1.0,0.25,0.1118,0.0,0.6467
archimedean,Mathlib.Algebra.Order.Ring.Archimedean,0.3654,1.0,0.25,0.1115,0.0,0.6466
archimedean,Mathlib.Algebra.Order.Archimedean.Class,0.3602,1.0,0.25,0.0907,0.0,0.6393
archimedean,Mathlib.RingTheory.Valuation.Archimedean,0.3471,1.0,0.2,0.1485,0.0,0.628
archimedean,Mathlib.Algebra.Order.Archimedean.IndicatorCard,0.3275,1.0,0.1667,0.1433,0.0,0.6052
archimedean,Mathlib.NumberTheory.Ostrowski,0.2318,0.0,0.0,0.1271,0.0,0.2445
archimedean,Mathlib.RingTheory.HahnSeries.Lex,0.2291,0.0,0.0,0.1165,0.0,0.2408
countalg,Mathlib.LinearAlgebra.Countable,0.4951,0.0,0.0,0.3004,0.0,0.5251
countalg,Mathlib.Algebra.Algebra.Operations,0.3488,0.0,0.0,0.0452,0.0,0.3533
countalg,Mathlib.Algebra.Expr,0.3448,0.0,0.0,0.0291,0.0,0.3477
countalg,Mathlib.Algebra.Quotient,0.3446,0.0,0.0,0.0285,0.0,0.3475
countalg,Mathlib.Algebra.Opposites,0.344,0.0,0.0,0.0259,0.0,0.3466
countalg,Mathlib.Algebra.Quandle,0.344,0.0,0.0,0.0258,0.0,0.3466
countalg,Mathlib.Algebra.Notation,0.3434,0.0,0.0,0.0236,0.0,0.3458
countalg,Mathlib.Algebra.Order.Algebra,0.3428,0.0,0.0,0.0212,0.0,0.3449
countalg,Mathlib.Algebra.Algebra.Epi,0.3417,0.0,0.0,0.0168,0.0,0.3434
countalg,Mathlib.Algebra.Algebra.Bilinear,0.3413,0.0,0.0,0.0154,0.0,0.3428
poly,Mathlib.RingTheory.Polynomial.HilbertPoly,0.4305,1.0,0.2857,0.2932,0.0,0.7327
poly,Mathlib.Algebra.Polynomial.Identities,0.3927,0.3333,0.25,0.2209,0.0,0.5181
poly,Mathlib.Algebra.Polynomial.Lifts,0.389,0.3333,0.25,0.206,0.0,0.5129
poly,Mathlib.Algebra.Polynomial.Sequence,0.3885,0.3333,0.25,0.2039,0.0,0.5122
poly,Mathlib.Algebra.Polynomial.Smeval,0.3875,0.3333,0.25,0.1999,0.0,0.5108
poly,Mathlib.Algebra.Polynomial.Mirror,0.3808,0.3333,0.25,0.173,0.0,0.5014
poly,Mathlib.Algebra.Polynomial.Reverse,0.3791,0.3333,0.25,0.1663,0.0,0.4991
poly,Mathlib.Algebra.Polynomial.Homogenize,0.3772,0.3333,0.25,0.1588,0.0,0.4964
poly,Mathlib.Algebra.Polynomial.Coeff,0.3728,0.3333,0.25,0.1412,0.0,0.4902
poly,Mathlib.Algebra.Polynomial.Taylor,0.3696,0.3333,0.25,0.1284,0.0,0.4858
fraction,Mathlib.RingTheory.IntegralDomain,0.4027,0.0,0.0,0.2606,0.0,0.4288
fraction,Mathlib.Algebra.EuclideanDomain.Field,0.386,0.0,0.0,0.1155,0.0,0.3975
fraction,Mathlib.RingTheory.WittVector.FrobeniusFractionField,0.3485,1.0,0.1,0.2274,0.0,0.6292
fraction,Mathlib.RingTheory.Localization.Integral,0.3423,0.0,0.0,0.2943,0.0,0.3717
fraction,Mathlib.RingTheory.DedekindDomain.IntegralClosure,0.3316,0.0,0.0,0.1266,0.0,0.3443
fraction,Mathlib.Algebra.Algebra.Field,0.3283,0.0,0.0,0.0731,0.0,0.3356
fraction,Mathlib.RingTheory.Localization.FractionRing,0.3167,1.0,0.1667,0.2222,0.0,0.6023
fraction,Mathlib.RingTheory.Algebraic.Integral,0.3142,0.0,0.0,0.1816,0.0,0.3324
fraction,Mathlib.Algebra.Field.Shrink,0.3124,0.0,0.0,0.0828,0.0,0.3207
fraction,Mathlib.Algebra.Field.Defs,0.3091,0.0,0.0,0.0698,0.0,0.3161
preorder,Mathlib.Order.Preorder.Finite,0.6035,1.0,0.3333,0.1475,0.0,0.8949
preorder,Mathlib.Order.Preorder.Finsupp,0.601,1.0,0.3333,0.1372,0.0,0.8914
preorder,Mathlib.Order.Preorder.Chain,0.5853,1.0,0.3333,0.0747,0.0,0.8694
preorder,Mathlib.Order.Circular,0.4098,0.0,0.0,0.1058,0.0,0.4204
preorder,Mathlib.Order.Basic,0.4081,0.0,0.0,0.0991,0.0,0.418
preorder,Mathlib.Order.Height,0.4081,0.0,0.0,0.099,0.0,0.418
preorder,Mathlib.Order.Restriction,0.4026,0.0,0.0,0.0769,0.0,0.4103
preorder,Mathlib.Order.Grade,0.4013,0.0,0.0,0.072,0.0,0.4085
preorder,Mathlib.Order.Comparable,0.4007,0.0,0.0,0.0694,0.0,0.4076
preorder,Mathlib.Order.Synonym,0.4006,0.0,0.0,0.069,0.0,0.4075
all_order,Mathlib.Order.Lattice,0.4861,0.5,0.3333,0.0442,0.0,0.6422
all_order,Mathlib.Order.Radical,0.4515,0.5,0.3333,0.5658,0.0,0.6597
all_order,Mathlib.Order.CompletePartialOrder,0.4412,0.5,0.2,0.2316,0.0,0.6054
all_order,Mathlib.Order.Lattice.Congruence,0.4392,0.5,0.25,0.0767,0.0,0.5919
all_order,Mathlib.Order.Bounds.Lattice,0.4386,0.5,0.25,0.0745,0.0,0.591
all_order,Mathlib.Order.Filter.Partial,0.4341,0.5,0.25,0.0562,0.0,0.5847
all_order,Mathlib.Order.Defs.PartialOrder,0.4312,0.5,0.2,0.1916,0.0,0.5914
all_order,Mathlib.Order.Hom.Lattice,0.4268,0.5,0.25,0.0274,0.0,0.5745
all_order,Mathlib.Order.BoundedOrder.Lattice,0.404,0.5,0.2,0.0825,0.0,0.5533
all_order,Mathlib.Order.Part,0.4023,0.5,0.3333,0.3694,0.0,0.5909
order,Mathlib.Order.Lattice,0.5721,1.0,0.5,0.0218,0.0,0.8643
order,Mathlib.Order.Filter.Partial,0.499,1.0,0.3333,0.0959,0.0,0.7853
order,Mathlib.Order.Lattice.Congruence,0.4845,1.0,0.3333,0.0378,0.0,0.7649
order,Mathlib.Order.Bounds.Lattice,0.4842,1.0,0.3333,0.0367,0.0,0.7645
order,Mathlib.Order.Hom.Lattice,0.481,1.0,0.3333,0.0239,0.0,0.7601
order,Mathlib.Order.Defs.PartialOrder,0.4496,1.0,0.25,0.1185,0.0,0.7315
order,Mathlib.Order.CompletePartialOrder,0.4494,1.0,0.25,0.1174,0.0,0.7311
order,Mathlib.Order.BoundedOrder.Lattice,0.4302,1.0,0.25,0.0407,0.0,0.7043
order,Mathlib.Order.ModularLattice,0.4272,1.0,0.25,0.0288,0.0,0.7001
order,Mathlib.Order.LatticeIntervals,0.4268,1.0,0.25,0.0273,0.0,0.6995
presentation,Mathlib.GroupTheory.SpecificGroups.ZGroup,0.2753,0.0,0.0,0.0809,0.0,0.2834
presentation,Mathlib.GroupTheory.Coset.Card,0.2635,0.0,0.0,0.0432,0.0,0.2678
presentation,Mathlib.GroupTheory.CommutingProbability,0.2631,0.0,0.0,0.042,0.0,0.2673
presentation,Mathlib.GroupTheory.Abelianization.Defs,0.2618,0.0,0.0,0.0378,0.0,0.2656
presentation,Mathlib.GroupTheory.Perm.Closure,0.2532,0.0,0.0,0.2126,0.0,0.2745
presentation,Mathlib.GroupTheory.FreeGroup.GeneratorEquiv,0.2395,0.3333,0.1818,0.158,0.0,0.3532
presentation,Mathlib.GroupTheory.Coxeter.Basic,0.2307,0.0,0.0,0.1228,0.0,0.243
presentation,Mathlib.GroupTheory.Schreier,0.2289,0.0,0.0,0.1158,0.0,0.2405
presentation,Mathlib.GroupTheory.PresentedGroup,0.2278,0.1667,0.1111,0.1111,0.0,0.2895
presentation,Mathlib.GroupTheory.SpecificGroups.Quaternion,0.2259,0.0,0.0,0.1035,0.0,0.2363
gproduct,Mathlib.GroupTheory.SemidirectProduct,0.4801,0.4,0.25,0.2956,0.0,0.6297
gproduct,Mathlib.GroupTheory.RegularWreathProduct,0.3306,0.2,0.1,0.0822,0.0,0.3968
gproduct,Mathlib.GroupTheory.GroupExtension.Basic,0.3173,0.0,0.0,0.249,0.0,0.3422
gproduct,Mathlib.GroupTheory.GroupExtension.Defs,0.2907,0.0,0.0,0.1426,0.0,0.305
gproduct,Mathlib.GroupTheory.Nilpotent,0.2881,0.0,0.0,0.0773,0.0,0.2958
gproduct,Mathlib.GroupTheory.SpecificGroups.ZGroup,0.2879,0.0,0.0,0.1515,0.0,0.303
gproduct,Mathlib.GroupTheory.Complement,0.2859,0.0,0.0,0.0687,0.0,0.2928
gproduct,Mathlib.GroupTheory.Torsion,0.2833,0.0,0.0,0.0582,0.0,0.2891
gproduct,Mathlib.GroupTheory.Transfer,0.2826,0.0,0.0,0.0556,0.0,0.2882
gproduct,Mathlib.GroupTheory.ClassEquation,0.282,0.0,0.0,0.1079,0.0,0.2928
perm,Mathlib.GroupTheory.Perm.Centralizer,0.3383,0.6667,0.1667,0.278,0.0,0.5461
perm,Mathlib.GroupTheory.Perm.Cycle.Concrete,0.3363,0.6667,0.1429,0.3007,0.0,0.5445
perm,Mathlib.GroupTheory.Perm.List,0.3361,0.6667,0.1667,0.2693,0.0,0.543
perm,Mathlib.GroupTheory.Perm.Fin,0.3337,0.6667,0.1667,0.2597,0.0,0.5397
perm,Mathlib.GroupTheory.Perm.Closure,0.3336,0.6667,0.1667,0.2592,0.0,0.5395
perm,Mathlib.GroupTheory.Perm.Support,0.3282,0.6667,0.1667,0.2378,0.0,0.532
perm,Mathlib.GroupTheory.Perm.Finite,0.3272,0.6667,0.1667,0.2337,0.0,0.5306
perm,Mathlib.GroupTheory.Perm.Cycle.Basic,0.324,0.6667,0.1429,0.2515,0.0,0.5272
perm,Mathlib.GroupTheory.Perm.Option,0.322,0.6667,0.1667,0.213,0.0,0.5233
perm,Mathlib.GroupTheory.Perm.Cycle.Type,0.3198,0.6667,0.1429,0.2348,0.0,0.5214
morphism,Mathlib.GroupTheory.Coset.Card,0.3632,0.0,0.0,0.0479,0.0,0.368
morphism,Mathlib.GroupTheory.Abelianization.Defs,0.3602,0.0,0.0,0.0383,0.0,0.364
morphism,Mathlib.GroupTheory.CommutingProbability,0.3515,0.0,0.0,0.0497,0.0,0.3565
morphism,Mathlib.GroupTheory.SpecificGroups.ZGroup,0.34,0.0,0.0,0.0436,0.0,0.3444
morphism,Mathlib.GroupTheory.Sylow,0.3151,0.0,0.0,0.0937,0.0,0.3245
morphism,Mathlib.GroupTheory.Rank,0.3114,0.0,0.0,0.0789,0.0,0.3193
morphism,Mathlib.GroupTheory.Perm.Centralizer,0.3109,0.0,0.0,0.1292,0.0,0.3238
morphism,Mathlib.GroupTheory.Schreier,0.31,0.0,0.0,0.0733,0.0,0.3173
morphism,Mathlib.GroupTheory.QuotientGroup.Finite,0.31,0.0,0.0,0.1649,0.0,0.3265
morphism,Mathlib.GroupTheory.Commensurable,0.3092,0.0,0.0,0.07,0.0,0.3162
all_fingroup,Mathlib.GroupTheory.Abelianization.Finite,0.4396,0.2857,0.25,0.4082,0.0,0.5719
all_fingroup,Mathlib.GroupTheory.Commutator.Finite,0.4137,0.2857,0.25,0.3046,0.0,0.5356
all_fingroup,Mathlib.GroupTheory.DedekindFinite,0.4119,0.2857,0.2222,0.3588,0.0,0.537
all_fingroup,Mathlib.GroupTheory.Perm.Finite,0.3968,0.2857,0.25,0.2372,0.0,0.512
all_fingroup,Mathlib.GroupTheory.QuotientGroup.Finite,0.3838,0.2857,0.2222,0.2463,0.0,0.4976
all_fingroup,Mathlib.GroupTheory.FiniteIndexNormalSubgroup,0.3785,0.2857,0.1818,0.0538,0.0,0.4699
all_fingroup,Mathlib.GroupTheory.MonoidLocalization.Finite,0.3776,0.2857,0.2,0.2705,0.0,0.4921
all_fingroup,Mathlib.GroupTheory.Subgroup.Saturated,0.3527,0.1429,0.1111,0.0609,0.0,0.4034
all_fingroup,Mathlib.GroupTheory.Subgroup.Simple,0.3518,0.1429,0.1111,0.0572,0.0,0.4021
all_fingroup,Mathlib.GroupTheory.Subgroup.Centralizer,0.3457,0.1429,0.1111,0.0327,0.0,0.3936
action,Mathlib.GroupTheory.GroupAction.Support,0.4087,1.0,0.1667,0.2847,0.0,0.7005
action,Mathlib.GroupTheory.GroupAction.Pointwise,0.3989,1.0,0.1667,0.2458,0.0,0.6868
action,Mathlib.GroupTheory.GroupAction.Basic,0.3922,1.0,0.1667,0.219,0.0,0.6774
action,Mathlib.GroupTheory.GroupAction.Iwasawa,0.389,1.0,0.1667,0.2059,0.0,0.6729
action,Mathlib.GroupTheory.GroupAction.Defs,0.3884,1.0,0.1667,0.2035,0.0,0.6721
action,Mathlib.GroupTheory.GroupAction.Embedding,0.3859,1.0,0.1667,0.1937,0.0,0.6686
action,Mathlib.GroupTheory.GroupAction.Quotient,0.3848,1.0,0.1667,0.1891,0.0,0.667
action,Mathlib.GroupTheory.FreeGroup.Orbit,0.3831,0.0,0.0,0.1825,0.0,0.4013
action,Mathlib.GroupTheory.GroupAction.Transitive,0.3821,1.0,0.1667,0.1784,0.0,0.6633
action,Mathlib.GroupTheory.GroupAction.Primitive,0.3804,1.0,0.1667,0.1717,0.0,0.6609
quotient,Mathlib.GroupTheory.Coset.Defs,0.4581,0.0,0.0,0.299,0.0,0.488
quotient,Mathlib.GroupTheory.DoubleCoset,0.4535,0.0,0.0,0.3856,0.0,0.4921
quotient,Mathlib.GroupTheory.Coset.Card,0.4518,0.0,0.0,0.274,0.0,0.4792
quotient,Mathlib.GroupTheory.Coset.Basic,0.4504,0.0,0.0,0.2681,0.0,0.4772
quotient,Mathlib.GroupTheory.CosetCover,0.4117,0.0,0.0,0.2182,0.0,0.4335
quotient,Mathlib.GroupTheory.GroupAction.Quotient,0.4001,1.0,0.1667,0.1718,0.0,0.6806
quotient,Mathlib.GroupTheory.QuotientGroup.Basic,0.3933,1.0,0.1667,0.1445,0.0,0.6711
quotient,Mathlib.GroupTheory.QuotientGroup.Finite,0.3732,1.0,0.1667,0.0641,0.0,0.6429
quotient,Mathlib.GroupTheory.QuotientGroup.Defs,0.3713,1.0,0.1667,0.0565,0.0,0.6403
quotient,Mathlib.GroupTheory.Complement,0.3496,0.0,0.0,0.2318,0.0,0.3728
automorphism,Mathlib.GroupTheory.Coset.Basic,0.3732,0.0,0.0,0.0274,0.0,0.3759
automorphism,Mathlib.GroupTheory.QuotientGroup.Defs,0.3624,0.0,0.0,0.0455,0.0,0.367
automorphism,Mathlib.GroupTheory.GroupAction.Defs,0.3565,0.0,0.0,0.0265,0.0,0.3591
automorphism,Mathlib.GroupTheory.Perm.Centralizer,0.3332,0.0,0.0,0.1659,0.0,0.3498
automorphism,Mathlib.GroupTheory.Frattini,0.3307,0.0,0.0,0.0827,0.0,0.339
automorphism,Mathlib.GroupTheory.Finiteness,0.3306,0.0,0.0,0.0825,0.0,0.3388
automorphism,Mathlib.GroupTheory.Commensurable,0.3287,0.0,0.0,0.0747,0.0,0.3362
automorphism,Mathlib.GroupTheory.Sylow,0.328,0.0,0.0,0.0718,0.0,0.3352
automorphism,Mathlib.GroupTheory.Archimedean,0.3271,0.0,0.0,0.0685,0.0,0.334
automorphism,Mathlib.GroupTheory.Perm.Support,0.3256,0.0,0.0,0.1359,0.0,0.3392
fingroup,Mathlib.GroupTheory.Abelianization.Finite,0.4027,0.4,0.2857,0.182,0.0,0.5438
fingroup,Mathlib.GroupTheory.Commutator.Finite,0.3933,0.4,0.2857,0.1448,0.0,0.5306
fingroup,Mathlib.GroupTheory.FiniteIndexNormalSubgroup,0.3922,0.4,0.2,0.0355,0.0,0.5118
fingroup,Mathlib.GroupTheory.Perm.Finite,0.392,0.4,0.2857,0.1393,0.0,0.5288
fingroup,Mathlib.GroupTheory.DedekindFinite,0.3804,0.4,0.25,0.1718,0.0,0.5176
fingroup,Mathlib.GroupTheory.Subgroup.Simple,0.3728,0.2,0.125,0.0626,0.0,0.4391
fingroup,Mathlib.GroupTheory.Subgroup.Saturated,0.3722,0.2,0.125,0.0603,0.0,0.4382
fingroup,Mathlib.GroupTheory.QuotientGroup.Finite,0.3704,0.4,0.25,0.1316,0.0,0.5036
fingroup,Mathlib.GroupTheory.Perm.Subgroup,0.369,0.2,0.125,0.0476,0.0,0.4338
fingroup,Mathlib.GroupTheory.Subgroup.Center,0.3651,0.2,0.125,0.0316,0.0,0.4283
